{"type": "FeatureCollection", "features": [{"type": "Feature", "properties": {"gm_gar_pk": 2, "gm_gmw_monitoringtube.href": "https://api.pdok.nl/tno/bro-grondwatermonitoring-in-samenhang-karakteristieken/ogc/v1/collections/gm_gmw_monitoringtube/items/01226186-4f66-5504-b2aa-d41a0584623d", "gm_gmw_monitoringtube_fk": 20753, "bro_id": "GAR000000000021", "delivery_accountable_party": "30277172", "quality_regime": "IMBRO/A", "object_registration_time": "2022-11-25T10:20:34+01:00", "latest_addition_time": null, "registration_completion_time": "2022-11-25T10:20:34+01:00", "latest_correction_time": null, "under_review_time": null, "sampling_date_time": "1993-07-08T12:00:00+02:00", "imbro_xml_url": "https://publiek.broservices.nl/gm/gar/v1/objects/GAR000000000021"}, "geometry": {"type": "Point", "coordinates": [5.16741932, 52.06814342]}, "id": "f20ec397-f9c5-59f2-bbfa-5d81ec790eed"}, {"type": "Feature", "properties": {"gm_gar_pk": 3, "gm_gmw_monitoringtube.href": "https://api.pdok.nl/tno/bro-grondwatermonitoring-in-samenhang-karakteristieken/ogc/v1/collections/gm_gmw_monitoringtube/items/857ba047-8ad4-5d7d-98be-65bb9fdecd75", "gm_gmw_monitoringtube_fk": 39639, "bro_id": "GAR000000000022", "delivery_accountable_party": "30277172", "quality_regime": "IMBRO/A", "object_registration_time": "2022-11-25T10:20:37+01:00", "latest_addition_time": null, "registration_completion_time": "2022-11-25T10:20:37+01:00", "latest_correction_time": null, "under_review_time": null, "sampling_date_time": "2012-02-15T11:00:00+01:00", "imbro_xml_url": "https://publiek.broservices.nl/gm/gar/v1/objects/GAR000000000022"}, "geometry": {"type": "Point", "coordinates": [5.03223015, 52.14093228]}, "id": "fc6fb0bb-a301-5236-ad88-ef21153a3bf9"}, {"type": "Feature", "properties": {"gm_gar_pk": 87, "gm_gmw_monitoringtube.href": "https://api.pdok.nl/tno/bro-grondwatermonitoring-in-samenhang-karakteristieken/ogc/v1/collections/gm_gmw_monitoringtube/items/2fe49573-f424-5cf1-9e2f-da21694680e4", "gm_gmw_monitoringtube_fk": 39199, "bro_id": "GAR000000000106", "delivery_accountable_party": "30277172", "quality_regime": "IMBRO/A", "object_registration_time": "2022-11-25T10:23:15+01:00", "latest_addition_time": null, "registration_completion_time": "2022-11-25T10:23:15+01:00", "latest_correction_time": null, "under_review_time": null, "sampling_date_time": "2010-03-10T11:00:00+01:00", "imbro_xml_url": "https://publiek.broservices.nl/gm/gar/v1/objects/GAR000000000106"}, "geometry": {"type": "Point", "coordinates": [4.96083363, 52.06508784]}, "id": "68dd6f20-3b29-59f3-97a7-4048ac31b3b7"}, {"type": "Feature", "properties": {"gm_gar_pk": 88, "gm_gmw_monitoringtube.href": "https://api.pdok.nl/tno/bro-grondwatermonitoring-in-samenhang-karakteristieken/ogc/v1/collections/gm_gmw_monitoringtube/items/2fe49573-f424-5cf1-9e2f-da21694680e4", "gm_gmw_monitoringtube_fk": 39199, "bro_id": "GAR000000000107", "delivery_accountable_party": "30277172", "quality_regime": "IMBRO/A", "object_registration_time": "2022-11-25T10:23:17+01:00", "latest_addition_time": null, "registration_completion_time": "2022-11-25T10:23:17+01:00", "latest_correction_time": null, "under_review_time": null, "sampling_date_time": "2012-02-15T11:00:00+01:00", "imbro_xml_url": "https://publiek.broservices.nl/gm/gar/v1/objects/GAR000000000107"}, "geometry": {"type": "Point", "coordinates": [4.96083363, 52.06508784]}, "id": "49dcbe83-baba-5108-8a84-948766c4e3a6"}, {"type": "Feature", "properties": {"gm_gar_pk": 89, "gm_gmw_monitoringtube.href": "https://api.pdok.nl/tno/bro-grondwatermonitoring-in-samenhang-karakteristieken/ogc/v1/collections/gm_gmw_monitoringtube/items/2fe49573-f424-5cf1-9e2f-da21694680e4", "gm_gmw_monitoringtube_fk": 39199, "bro_id": "GAR000000000108", "delivery_accountable_party": "30277172", "quality_regime": "IMBRO/A", "object_registration_time": "2022-11-25T10:23:19+01:00", "latest_addition_time": null, "registration_completion_time": "2022-11-25T10:23:19+01:00", "latest_correction_time": null, "under_review_time": null, "sampling_date_time": "2015-06-15T12:00:00+02:00", "imbro_xml_url": "https://publiek.broservices.nl/gm/gar/v1/objects/GAR000000000108"}, "geometry": {"type": "Point", "coordinates": [4.96083363, 52.06508784]}, "id": "be1c55d2-f9f1-50e8-a51e-2e7e9e86c71f"}, {"type": "Feature", "properties": {"gm_gar_pk": 90, "gm_gmw_monitoringtube.href": "https://api.pdok.nl/tno/bro-grondwatermonitoring-in-samenhang-karakteristieken/ogc/v1/collections/gm_gmw_monitoringtube/items/2fe49573-f424-5cf1-9e2f-da21694680e4", "gm_gmw_monitoringtube_fk": 39199, "bro_id": "GAR000000000109", "delivery_accountable_party": "30277172", "quality_regime": "IMBRO/A", "object_registration_time": "2022-11-25T10:23:21+01:00", "latest_addition_time": null, "registration_completion_time": "2022-11-25T10:23:21+01:00", "latest_correction_time": null, "under_review_time": null, "sampling_date_time": "2018-05-04T12:00:00+02:00", "imbro_xml_url": "https://publiek.broservices.nl/gm/gar/v1/objects/GAR000000000109"}, "geometry": {"type": "Point", "coordinates": [4.96083363, 52.06508784]}, "id": "f183cd71-213a-5000-9250-ed1904302162"}, {"type": "Feature", "properties": {"gm_gar_pk": 91, "gm_gmw_monitoringtube.href": "https://api.pdok.nl/tno/bro-grondwatermonitoring-in-samenhang-karakteristieken/ogc/v1/collections/gm_gmw_monitoringtube/items/3750a65c-f8da-5149-9430-7f63b5c6191c", "gm_gmw_monitoringtube_fk": 39201, "bro_id": "GAR000000000110", "delivery_accountable_party": "30277172", "quality_regime": "IMBRO/A", "object_registration_time": "2022-11-25T10:23:23+01:00", "latest_addition_time": null, "registration_completion_time": "2022-11-25T10:23:23+01:00", "latest_correction_time": null, "under_review_time": null, "sampling_date_time": "2010-03-10T11:00:00+01:00", "imbro_xml_url": "https://publiek.broservices.nl/gm/gar/v1/objects/GAR000000000110"}, "geometry": {"type": "Point", "coordinates": [4.96083363, 52.06508784]}, "id": "1aeb89ae-469a-56c7-985a-3f1e51a2f926"}, {"type": "Feature", "properties": {"gm_gar_pk": 92, "gm_gmw_monitoringtube.href": "https://api.pdok.nl/tno/bro-grondwatermonitoring-in-samenhang-karakteristieken/ogc/v1/collections/gm_gmw_monitoringtube/items/3750a65c-f8da-5149-9430-7f63b5c6191c", "gm_gmw_monitoringtube_fk": 39201, "bro_id": "GAR000000000111", "delivery_accountable_party": "30277172", "quality_regime": "IMBRO/A", "object_registration_time": "2022-11-25T10:23:25+01:00", "latest_addition_time": null, "registration_completion_time": "2022-11-25T10:23:25+01:00", "latest_correction_time": null, "under_review_time": null, "sampling_date_time": "2012-02-15T11:00:00+01:00", "imbro_xml_url": "https://publiek.broservices.nl/gm/gar/v1/objects/GAR000000000111"}, "geometry": {"type": "Point", "coordinates": [4.96083363, 52.06508784]}, "id": "475aa9c0-528b-5842-a921-6eb3a68acdb7"}, {"type": "Feature", "properties": {"gm_gar_pk": 93, "gm_gmw_monitoringtube.href": "https://api.pdok.nl/tno/bro-grondwatermonitoring-in-samenhang-karakteristieken/ogc/v1/collections/gm_gmw_monitoringtube/items/3750a65c-f8da-5149-9430-7f63b5c6191c", "gm_gmw_monitoringtube_fk": 39201, "bro_id": "GAR000000000112", "delivery_accountable_party": "30277172", "quality_regime": "IMBRO/A", "object_registration_time": "2022-11-25T10:23:27+01:00", "latest_addition_time": null, "registration_completion_time": "2022-11-25T10:23:27+01:00", "latest_correction_time": null, "under_review_time": null, "sampling_date_time": "2015-06-15T12:00:00+02:00", "imbro_xml_url": "https://publiek.broservices.nl/gm/gar/v1/objects/GAR000000000112"}, "geometry": {"type": "Point", "coordinates": [4.96083363, 52.06508784]}, "id": "80f1ab38-fd80-55e2-af2b-74b9c8852e4a"}, {"type": "Feature", "properties": {"gm_gar_pk": 94, "gm_gmw_monitoringtube.href": "https://api.pdok.nl/tno/bro-grondwatermonitoring-in-samenhang-karakteristieken/ogc/v1/collections/gm_gmw_monitoringtube/items/3750a65c-f8da-5149-9430-7f63b5c6191c", "gm_gmw_monitoringtube_fk": 39201, "bro_id": "GAR000000000113", "delivery_accountable_party": "30277172", "quality_regime": "IMBRO/A", "object_registration_time": "2022-11-25T10:23:29+01:00", "latest_addition_time": null, "registration_completion_time": "2022-11-25T10:23:29+01:00", "latest_correction_time": null, "under_review_time": null, "sampling_date_time": "2018-05-04T12:00:00+02:00", "imbro_xml_url": "https://publiek.broservices.nl/gm/gar/v1/objects/GAR000000000113"}, "geometry": {"type": "Point", "coordinates": [4.96083363, 52.06508784]}, "id": "f05e2fc6-0f86-5041-b208-e6416e3ad967"}, {"type": "Feature", "properties": {"gm_gar_pk": 95, "gm_gmw_monitoringtube.href": "https://api.pdok.nl/tno/bro-grondwatermonitoring-in-samenhang-karakteristieken/ogc/v1/collections/gm_gmw_monitoringtube/items/c109addb-189e-5316-b527-d0000929de59", "gm_gmw_monitoringtube_fk": 20729, "bro_id": "GAR000000000114", "delivery_accountable_party": "30277172", "quality_regime": "IMBRO/A", "object_registration_time": "2022-11-25T10:23:30+01:00", "latest_addition_time": null, "registration_completion_time": "2022-11-25T10:23:30+01:00", "latest_correction_time": null, "under_review_time": null, "sampling_date_time": "1991-07-16T12:00:00+02:00", "imbro_xml_url": "https://publiek.broservices.nl/gm/gar/v1/objects/GAR000000000114"}, "geometry": {"type": "Point", "coordinates": [4.98905854, 52.10866215]}, "id": "a6eaf4bc-8ab6-5d37-998f-bd540d799249"}, {"type": "Feature", "properties": {"gm_gar_pk": 96, "gm_gmw_monitoringtube.href": "https://api.pdok.nl/tno/bro-grondwatermonitoring-in-samenhang-karakteristieken/ogc/v1/collections/gm_gmw_monitoringtube/items/c109addb-189e-5316-b527-d0000929de59", "gm_gmw_monitoringtube_fk": 20729, "bro_id": "GAR000000000115", "delivery_accountable_party": "30277172", "quality_regime": "IMBRO/A", "object_registration_time": "2022-11-25T10:23:32+01:00", "latest_addition_time": null, "registration_completion_time": "2022-11-25T10:23:32+01:00", "latest_correction_time": null, "under_review_time": null, "sampling_date_time": "1992-07-23T12:00:00+02:00", "imbro_xml_url": "https://publiek.broservices.nl/gm/gar/v1/objects/GAR000000000115"}, "geometry": {"type": "Point", "coordinates": [4.98905854, 52.10866215]}, "id": "1ea0748c-82d7-5101-a14f-cd29ac0cede8"}, {"type": "Feature", "properties": {"gm_gar_pk": 97, "gm_gmw_monitoringtube.href": "https://api.pdok.nl/tno/bro-grondwatermonitoring-in-samenhang-karakteristieken/ogc/v1/collections/gm_gmw_monitoringtube/items/c109addb-189e-5316-b527-d0000929de59", "gm_gmw_monitoringtube_fk": 20729, "bro_id": "GAR000000000116", "delivery_accountable_party": "30277172", "quality_regime": "IMBRO/A", "object_registration_time": "2022-11-25T10:23:34+01:00", "latest_addition_time": null, "registration_completion_time": "2022-11-25T10:23:34+01:00", "latest_correction_time": null, "under_review_time": null, "sampling_date_time": "1993-06-23T12:00:00+02:00", "imbro_xml_url": "https://publiek.broservices.nl/gm/gar/v1/objects/GAR000000000116"}, "geometry": {"type": "Point", "coordinates": [4.98905854, 52.10866215]}, "id": "4dff81c6-b765-5722-8ead-2941f0bd70f3"}, {"type": "Feature", "properties": {"gm_gar_pk": 98, "gm_gmw_monitoringtube.href": "https://api.pdok.nl/tno/bro-grondwatermonitoring-in-samenhang-karakteristieken/ogc/v1/collections/gm_gmw_monitoringtube/items/c109addb-189e-5316-b527-d0000929de59", "gm_gmw_monitoringtube_fk": 20729, "bro_id": "GAR000000000117", "delivery_accountable_party": "30277172", "quality_regime": "IMBRO/A", "object_registration_time": "2022-11-25T10:23:36+01:00", "latest_addition_time": null, "registration_completion_time": "2022-11-25T10:23:36+01:00", "latest_correction_time": null, "under_review_time": null, "sampling_date_time": "1994-04-26T12:00:00+02:00", "imbro_xml_url": "https://publiek.broservices.nl/gm/gar/v1/objects/GAR000000000117"}, "geometry": {"type": "Point", "coordinates": [4.98905854, 52.10866215]}, "id": "fcce6088-5441-5581-ac3b-9820e22ec069"}, {"type": "Feature", "properties": {"gm_gar_pk": 99, "gm_gmw_monitoringtube.href": "https://api.pdok.nl/tno/bro-grondwatermonitoring-in-samenhang-karakteristieken/ogc/v1/collections/gm_gmw_monitoringtube/items/c109addb-189e-5316-b527-d0000929de59", "gm_gmw_monitoringtube_fk": 20729, "bro_id": "GAR000000000118", "delivery_accountable_party": "30277172", "quality_regime": "IMBRO/A", "object_registration_time": "2022-11-25T10:23:37+01:00", "latest_addition_time": null, "registration_completion_time": "2022-11-25T10:23:37+01:00", "latest_correction_time": null, "under_review_time": null, "sampling_date_time": "1995-04-06T12:00:00+02:00", "imbro_xml_url": "https://publiek.broservices.nl/gm/gar/v1/objects/GAR000000000118"}, "geometry": {"type": "Point", "coordinates": [4.98905854, 52.10866215]}, "id": "9c6a5306-e566-5a33-9b72-3bc6158458ad"}, {"type": "Feature", "properties": {"gm_gar_pk": 100, "gm_gmw_monitoringtube.href": "https://api.pdok.nl/tno/bro-grondwatermonitoring-in-samenhang-karakteristieken/ogc/v1/collections/gm_gmw_monitoringtube/items/45cbde4c-cc81-5b2f-910e-309ed555e3d2", "gm_gmw_monitoringtube_fk": 20730, "bro_id": "GAR000000000119", "delivery_accountable_party": "30277172", "quality_regime": "IMBRO/A", "object_registration_time": "2022-11-25T10:23:39+01:00", "latest_addition_time": null, "registration_completion_time": "2022-11-25T10:23:39+01:00", "latest_correction_time": null, "under_review_time": null, "sampling_date_time": "1991-07-16T12:00:00+02:00", "imbro_xml_url": "https://publiek.broservices.nl/gm/gar/v1/objects/GAR000000000119"}, "geometry": {"type": "Point", "coordinates": [4.98905854, 52.10866215]}, "id": "8a8e02c3-518e-5a7f-b4ba-d0678cb299e3"}, {"type": "Feature", "properties": {"gm_gar_pk": 101, "gm_gmw_monitoringtube.href": "https://api.pdok.nl/tno/bro-grondwatermonitoring-in-samenhang-karakteristieken/ogc/v1/collections/gm_gmw_monitoringtube/items/e2b0c5de-d0ca-5ab4-bc13-6b801a45aedd", "gm_gmw_monitoringtube_fk": 20731, "bro_id": "GAR000000000120", "delivery_accountable_party": "30277172", "quality_regime": "IMBRO/A", "object_registration_time": "2022-11-25T10:23:41+01:00", "latest_addition_time": null, "registration_completion_time": "2022-11-25T10:23:41+01:00", "latest_correction_time": null, "under_review_time": null, "sampling_date_time": "1991-07-16T12:00:00+02:00", "imbro_xml_url": "https://publiek.broservices.nl/gm/gar/v1/objects/GAR000000000120"}, "geometry": {"type": "Point", "coordinates": [4.98905854, 52.10866215]}, "id": "09e25a3a-fb42-5070-b1b5-74e5321b1e69"}, {"type": "Feature", "properties": {"gm_gar_pk": 102, "gm_gmw_monitoringtube.href": "https://api.pdok.nl/tno/bro-grondwatermonitoring-in-samenhang-karakteristieken/ogc/v1/collections/gm_gmw_monitoringtube/items/e2b0c5de-d0ca-5ab4-bc13-6b801a45aedd", "gm_gmw_monitoringtube_fk": 20731, "bro_id": "GAR000000000121", "delivery_accountable_party": "30277172", "quality_regime": "IMBRO/A", "object_registration_time": "2022-11-25T10:23:43+01:00", "latest_addition_time": null, "registration_completion_time": "2022-11-25T10:23:43+01:00", "latest_correction_time": null, "under_review_time": null, "sampling_date_time": "1992-07-23T12:00:00+02:00", "imbro_xml_url": "https://publiek.broservices.nl/gm/gar/v1/objects/GAR000000000121"}, "geometry": {"type": "Point", "coordinates": [4.98905854, 52.10866215]}, "id": "f59f50c2-cbe1-53d4-8f3b-9659bbb8b9d5"}, {"type": "Feature", "properties": {"gm_gar_pk": 103, "gm_gmw_monitoringtube.href": "https://api.pdok.nl/tno/bro-grondwatermonitoring-in-samenhang-karakteristieken/ogc/v1/collections/gm_gmw_monitoringtube/items/e2b0c5de-d0ca-5ab4-bc13-6b801a45aedd", "gm_gmw_monitoringtube_fk": 20731, "bro_id": "GAR000000000122", "delivery_accountable_party": "30277172", "quality_regime": "IMBRO/A", "object_registration_time": "2022-11-25T10:23:44+01:00", "latest_addition_time": null, "registration_completion_time": "2022-11-25T10:23:44+01:00", "latest_correction_time": null, "under_review_time": null, "sampling_date_time": "1993-06-23T12:00:00+02:00", "imbro_xml_url": "https://publiek.broservices.nl/gm/gar/v1/objects/GAR000000000122"}, "geometry": {"type": "Point", "coordinates": [4.98905854, 52.10866215]}, "id": "124280fe-b221-53c1-a740-a98249de15eb"}, {"type": "Feature", "properties": {"gm_gar_pk": 104, "gm_gmw_monitoringtube.href": "https://api.pdok.nl/tno/bro-grondwatermonitoring-in-samenhang-karakteristieken/ogc/v1/collections/gm_gmw_monitoringtube/items/e2b0c5de-d0ca-5ab4-bc13-6b801a45aedd", "gm_gmw_monitoringtube_fk": 20731, "bro_id": "GAR000000000123", "delivery_accountable_party": "30277172", "quality_regime": "IMBRO/A", "object_registration_time": "2022-11-25T10:23:54+01:00", "latest_addition_time": null, "registration_completion_time": "2022-11-25T10:23:54+01:00", "latest_correction_time": null, "under_review_time": null, "sampling_date_time": "1994-04-26T12:00:00+02:00", "imbro_xml_url": "https://publiek.broservices.nl/gm/gar/v1/objects/GAR000000000123"}, "geometry": {"type": "Point", "coordinates": [4.98905854, 52.10866215]}, "id": "4df4a584-6e7c-5ad6-a1f0-ff9029a76250"}, {"type": "Feature", "properties": {"gm_gar_pk": 105, "gm_gmw_monitoringtube.href": "https://api.pdok.nl/tno/bro-grondwatermonitoring-in-samenhang-karakteristieken/ogc/v1/collections/gm_gmw_monitoringtube/items/e2b0c5de-d0ca-5ab4-bc13-6b801a45aedd", "gm_gmw_monitoringtube_fk": 20731, "bro_id": "GAR000000000124", "delivery_accountable_party": "30277172", "quality_regime": "IMBRO/A", "object_registration_time": "2022-11-25T10:23:55+01:00", "latest_addition_time": null, "registration_completion_time": "2022-11-25T10:23:55+01:00", "latest_correction_time": null, "under_review_time": null, "sampling_date_time": "1995-04-06T12:00:00+02:00", "imbro_xml_url": "https://publiek.broservices.nl/gm/gar/v1/objects/GAR000000000124"}, "geometry": {"type": "Point", "coordinates": [4.98905854, 52.10866215]}, "id": "bc7632ed-2522-5080-9745-cf12304968bb"}, {"type": "Feature", "properties": {"gm_gar_pk": 123, "gm_gmw_monitoringtube.href": "https://api.pdok.nl/tno/bro-grondwatermonitoring-in-samenhang-karakteristieken/ogc/v1/collections/gm_gmw_monitoringtube/items/5ad98288-762b-51d5-9add-781c8f5db950", "gm_gmw_monitoringtube_fk": 24005, "bro_id": "GAR000000000142", "delivery_accountable_party": "30277172", "quality_regime": "IMBRO/A", "object_registration_time": "2022-11-25T10:24:29+01:00", "latest_addition_time": null, "registration_completion_time": "2022-11-25T10:24:29+01:00", "latest_correction_time": null, "under_review_time": null, "sampling_date_time": "2007-12-01T11:00:00+01:00", "imbro_xml_url": "https://publiek.broservices.nl/gm/gar/v1/objects/GAR000000000142"}, "geometry": {"type": "Point", "coordinates": [5.13025872, 52.11798536]}, "id": "5aa819f9-5369-561a-b754-0000cb350feb"}, {"type": "Feature", "properties": {"gm_gar_pk": 124, "gm_gmw_monitoringtube.href": "https://api.pdok.nl/tno/bro-grondwatermonitoring-in-samenhang-karakteristieken/ogc/v1/collections/gm_gmw_monitoringtube/items/5ad98288-762b-51d5-9add-781c8f5db950", "gm_gmw_monitoringtube_fk": 24005, "bro_id": "GAR000000000143", "delivery_accountable_party": "30277172", "quality_regime": "IMBRO/A", "object_registration_time": "2022-11-25T10:24:30+01:00", "latest_addition_time": null, "registration_completion_time": "2022-11-25T10:24:30+01:00", "latest_correction_time": null, "under_review_time": null, "sampling_date_time": "2010-03-12T11:00:00+01:00", "imbro_xml_url": "https://publiek.broservices.nl/gm/gar/v1/objects/GAR000000000143"}, "geometry": {"type": "Point", "coordinates": [5.13025872, 52.11798536]}, "id": "deaaeda9-eacc-50de-9464-08cee2eda24b"}, {"type": "Feature", "properties": {"gm_gar_pk": 125, "gm_gmw_monitoringtube.href": "https://api.pdok.nl/tno/bro-grondwatermonitoring-in-samenhang-karakteristieken/ogc/v1/collections/gm_gmw_monitoringtube/items/5ad98288-762b-51d5-9add-781c8f5db950", "gm_gmw_monitoringtube_fk": 24005, "bro_id": "GAR000000000144", "delivery_accountable_party": "30277172", "quality_regime": "IMBRO/A", "object_registration_time": "2022-11-25T10:24:32+01:00", "latest_addition_time": null, "registration_completion_time": "2022-11-25T10:24:32+01:00", "latest_correction_time": null, "under_review_time": null, "sampling_date_time": "2012-03-13T11:00:00+01:00", "imbro_xml_url": "https://publiek.broservices.nl/gm/gar/v1/objects/GAR000000000144"}, "geometry": {"type": "Point", "coordinates": [5.13025872, 52.11798536]}, "id": "05802d71-56b6-5f76-9c61-9d80fad9c646"}, {"type": "Feature", "properties": {"gm_gar_pk": 126, "gm_gmw_monitoringtube.href": "https://api.pdok.nl/tno/bro-grondwatermonitoring-in-samenhang-karakteristieken/ogc/v1/collections/gm_gmw_monitoringtube/items/5ad98288-762b-51d5-9add-781c8f5db950", "gm_gmw_monitoringtube_fk": 24005, "bro_id": "GAR000000000145", "delivery_accountable_party": "30277172", "quality_regime": "IMBRO/A", "object_registration_time": "2022-11-25T10:24:34+01:00", "latest_addition_time": null, "registration_completion_time": "2022-11-25T10:24:34+01:00", "latest_correction_time": null, "under_review_time": null, "sampling_date_time": "2015-06-10T12:00:00+02:00", "imbro_xml_url": "https://publiek.broservices.nl/gm/gar/v1/objects/GAR000000000145"}, "geometry": {"type": "Point", "coordinates": [5.13025872, 52.11798536]}, "id": "114e7ced-ac99-50e9-803b-7826953c8784"}, {"type": "Feature", "properties": {"gm_gar_pk": 127, "gm_gmw_monitoringtube.href": "https://api.pdok.nl/tno/bro-grondwatermonitoring-in-samenhang-karakteristieken/ogc/v1/collections/gm_gmw_monitoringtube/items/5ad98288-762b-51d5-9add-781c8f5db950", "gm_gmw_monitoringtube_fk": 24005, "bro_id": "GAR000000000146", "delivery_accountable_party": "30277172", "quality_regime": "IMBRO/A", "object_registration_time": "2022-11-25T10:24:36+01:00", "latest_addition_time": null, "registration_completion_time": "2022-11-25T10:24:36+01:00", "latest_correction_time": null, "under_review_time": null, "sampling_date_time": "2018-05-08T12:00:00+02:00", "imbro_xml_url": "https://publiek.broservices.nl/gm/gar/v1/objects/GAR000000000146"}, "geometry": {"type": "Point", "coordinates": [5.13025872, 52.11798536]}, "id": "60436e33-576d-5e8f-9450-feeb973710ba"}, {"type": "Feature", "properties": {"gm_gar_pk": 128, "gm_gmw_monitoringtube.href": "https://api.pdok.nl/tno/bro-grondwatermonitoring-in-samenhang-karakteristieken/ogc/v1/collections/gm_gmw_monitoringtube/items/857ba047-8ad4-5d7d-98be-65bb9fdecd75", "gm_gmw_monitoringtube_fk": 39639, "bro_id": "GAR000000000147", "delivery_accountable_party": "30277172", "quality_regime": "IMBRO/A", "object_registration_time": "2022-11-25T10:24:40+01:00", "latest_addition_time": null, "registration_completion_time": "2022-11-25T10:24:40+01:00", "latest_correction_time": null, "under_review_time": null, "sampling_date_time": "2006-05-18T12:00:00+02:00", "imbro_xml_url": "https://publiek.broservices.nl/gm/gar/v1/objects/GAR000000000147"}, "geometry": {"type": "Point", "coordinates": [5.03223015, 52.14093228]}, "id": "52c4f524-14b4-539e-9c1f-62ff87e667ec"}, {"type": "Feature", "properties": {"gm_gar_pk": 129, "gm_gmw_monitoringtube.href": "https://api.pdok.nl/tno/bro-grondwatermonitoring-in-samenhang-karakteristieken/ogc/v1/collections/gm_gmw_monitoringtube/items/857ba047-8ad4-5d7d-98be-65bb9fdecd75", "gm_gmw_monitoringtube_fk": 39639, "bro_id": "GAR000000000148", "delivery_accountable_party": "30277172", "quality_regime": "IMBRO/A", "object_registration_time": "2022-11-25T10:24:42+01:00", "latest_addition_time": null, "registration_completion_time": "2022-11-25T10:24:42+01:00", "latest_correction_time": null, "under_review_time": null, "sampling_date_time": "2009-11-04T11:00:00+01:00", "imbro_xml_url": "https://publiek.broservices.nl/gm/gar/v1/objects/GAR000000000148"}, "geometry": {"type": "Point", "coordinates": [5.03223015, 52.14093228]}, "id": "d3df661f-d8e1-5d15-bb52-b4dbf52ed609"}, {"type": "Feature", "properties": {"gm_gar_pk": 130, "gm_gmw_monitoringtube.href": "https://api.pdok.nl/tno/bro-grondwatermonitoring-in-samenhang-karakteristieken/ogc/v1/collections/gm_gmw_monitoringtube/items/857ba047-8ad4-5d7d-98be-65bb9fdecd75", "gm_gmw_monitoringtube_fk": 39639, "bro_id": "GAR000000000149", "delivery_accountable_party": "30277172", "quality_regime": "IMBRO/A", "object_registration_time": "2022-11-25T10:24:44+01:00", "latest_addition_time": null, "registration_completion_time": "2022-11-25T10:24:44+01:00", "latest_correction_time": null, "under_review_time": null, "sampling_date_time": "2010-03-11T11:00:00+01:00", "imbro_xml_url": "https://publiek.broservices.nl/gm/gar/v1/objects/GAR000000000149"}, "geometry": {"type": "Point", "coordinates": [5.03223015, 52.14093228]}, "id": "379cdcb5-3b60-5b9a-8653-aa25d6ce7126"}, {"type": "Feature", "properties": {"gm_gar_pk": 131, "gm_gmw_monitoringtube.href": "https://api.pdok.nl/tno/bro-grondwatermonitoring-in-samenhang-karakteristieken/ogc/v1/collections/gm_gmw_monitoringtube/items/857ba047-8ad4-5d7d-98be-65bb9fdecd75", "gm_gmw_monitoringtube_fk": 39639, "bro_id": "GAR000000000150", "delivery_accountable_party": "30277172", "quality_regime": "IMBRO/A", "object_registration_time": "2022-11-25T10:24:46+01:00", "latest_addition_time": null, "registration_completion_time": "2022-11-25T10:24:46+01:00", "latest_correction_time": null, "under_review_time": null, "sampling_date_time": "2015-07-01T12:00:00+02:00", "imbro_xml_url": "https://publiek.broservices.nl/gm/gar/v1/objects/GAR000000000150"}, "geometry": {"type": "Point", "coordinates": [5.03223015, 52.14093228]}, "id": "ecc6fbc5-a9a5-5d21-8d59-a3ce3c49e877"}, {"type": "Feature", "properties": {"gm_gar_pk": 132, "gm_gmw_monitoringtube.href": "https://api.pdok.nl/tno/bro-grondwatermonitoring-in-samenhang-karakteristieken/ogc/v1/collections/gm_gmw_monitoringtube/items/857ba047-8ad4-5d7d-98be-65bb9fdecd75", "gm_gmw_monitoringtube_fk": 39639, "bro_id": "GAR000000000151", "delivery_accountable_party": "30277172", "quality_regime": "IMBRO/A", "object_registration_time": "2022-11-25T10:24:48+01:00", "latest_addition_time": null, "registration_completion_time": "2022-11-25T10:24:48+01:00", "latest_correction_time": null, "under_review_time": null, "sampling_date_time": "2018-05-03T12:00:00+02:00", "imbro_xml_url": "https://publiek.broservices.nl/gm/gar/v1/objects/GAR000000000151"}, "geometry": {"type": "Point", "coordinates": [5.03223015, 52.14093228]}, "id": "1ce6f4b4-9339-55f3-a927-4985713455f1"}, {"type": "Feature", "properties": {"gm_gar_pk": 133, "gm_gmw_monitoringtube.href": "https://api.pdok.nl/tno/bro-grondwatermonitoring-in-samenhang-karakteristieken/ogc/v1/collections/gm_gmw_monitoringtube/items/4fdc2aaa-92fe-5334-a2e5-14e692b33fc1", "gm_gmw_monitoringtube_fk": 39641, "bro_id": "GAR000000000152", "delivery_accountable_party": "30277172", "quality_regime": "IMBRO/A", "object_registration_time": "2022-11-25T10:24:50+01:00", "latest_addition_time": null, "registration_completion_time": "2022-11-25T10:24:50+01:00", "latest_correction_time": null, "under_review_time": null, "sampling_date_time": "2006-05-18T12:00:00+02:00", "imbro_xml_url": "https://publiek.broservices.nl/gm/gar/v1/objects/GAR000000000152"}, "geometry": {"type": "Point", "coordinates": [5.03223015, 52.14093228]}, "id": "723462fe-e561-5b31-aad2-bfcadbcb8202"}, {"type": "Feature", "properties": {"gm_gar_pk": 134, "gm_gmw_monitoringtube.href": "https://api.pdok.nl/tno/bro-grondwatermonitoring-in-samenhang-karakteristieken/ogc/v1/collections/gm_gmw_monitoringtube/items/4fdc2aaa-92fe-5334-a2e5-14e692b33fc1", "gm_gmw_monitoringtube_fk": 39641, "bro_id": "GAR000000000153", "delivery_accountable_party": "30277172", "quality_regime": "IMBRO/A", "object_registration_time": "2022-11-25T10:24:52+01:00", "latest_addition_time": null, "registration_completion_time": "2022-11-25T10:24:52+01:00", "latest_correction_time": null, "under_review_time": null, "sampling_date_time": "2009-11-04T11:00:00+01:00", "imbro_xml_url": "https://publiek.broservices.nl/gm/gar/v1/objects/GAR000000000153"}, "geometry": {"type": "Point", "coordinates": [5.03223015, 52.14093228]}, "id": "4b3ccb01-f225-56b4-a5ad-86d60fede623"}, {"type": "Feature", "properties": {"gm_gar_pk": 135, "gm_gmw_monitoringtube.href": "https://api.pdok.nl/tno/bro-grondwatermonitoring-in-samenhang-karakteristieken/ogc/v1/collections/gm_gmw_monitoringtube/items/4fdc2aaa-92fe-5334-a2e5-14e692b33fc1", "gm_gmw_monitoringtube_fk": 39641, "bro_id": "GAR000000000154", "delivery_accountable_party": "30277172", "quality_regime": "IMBRO/A", "object_registration_time": "2022-11-25T10:24:54+01:00", "latest_addition_time": null, "registration_completion_time": "2022-11-25T10:24:54+01:00", "latest_correction_time": null, "under_review_time": null, "sampling_date_time": "2010-03-11T11:00:00+01:00", "imbro_xml_url": "https://publiek.broservices.nl/gm/gar/v1/objects/GAR000000000154"}, "geometry": {"type": "Point", "coordinates": [5.03223015, 52.14093228]}, "id": "030c506c-76dd-52fc-9bbe-30d8141094f1"}, {"type": "Feature", "properties": {"gm_gar_pk": 136, "gm_gmw_monitoringtube.href": "https://api.pdok.nl/tno/bro-grondwatermonitoring-in-samenhang-karakteristieken/ogc/v1/collections/gm_gmw_monitoringtube/items/4fdc2aaa-92fe-5334-a2e5-14e692b33fc1", "gm_gmw_monitoringtube_fk": 39641, "bro_id": "GAR000000000155", "delivery_accountable_party": "30277172", "quality_regime": "IMBRO/A", "object_registration_time": "2022-11-25T10:24:56+01:00", "latest_addition_time": null, "registration_completion_time": "2022-11-25T10:24:56+01:00", "latest_correction_time": null, "under_review_time": null, "sampling_date_time": "2012-02-15T11:00:00+01:00", "imbro_xml_url": "https://publiek.broservices.nl/gm/gar/v1/objects/GAR000000000155"}, "geometry": {"type": "Point", "coordinates": [5.03223015, 52.14093228]}, "id": "e3cc3874-d5eb-533d-bb5e-ce987f967923"}, {"type": "Feature", "properties": {"gm_gar_pk": 137, "gm_gmw_monitoringtube.href": "https://api.pdok.nl/tno/bro-grondwatermonitoring-in-samenhang-karakteristieken/ogc/v1/collections/gm_gmw_monitoringtube/items/4fdc2aaa-92fe-5334-a2e5-14e692b33fc1", "gm_gmw_monitoringtube_fk": 39641, "bro_id": "GAR000000000156", "delivery_accountable_party": "30277172", "quality_regime": "IMBRO/A", "object_registration_time": "2022-11-25T10:24:58+01:00", "latest_addition_time": null, "registration_completion_time": "2022-11-25T10:24:58+01:00", "latest_correction_time": null, "under_review_time": null, "sampling_date_time": "2015-07-01T12:00:00+02:00", "imbro_xml_url": "https://publiek.broservices.nl/gm/gar/v1/objects/GAR000000000156"}, "geometry": {"type": "Point", "coordinates": [5.03223015, 52.14093228]}, "id": "d77537f7-ba7b-579c-b92e-2787dc6942a5"}, {"type": "Feature", "properties": {"gm_gar_pk": 138, "gm_gmw_monitoringtube.href": "https://api.pdok.nl/tno/bro-grondwatermonitoring-in-samenhang-karakteristieken/ogc/v1/collections/gm_gmw_monitoringtube/items/4fdc2aaa-92fe-5334-a2e5-14e692b33fc1", "gm_gmw_monitoringtube_fk": 39641, "bro_id": "GAR000000000157", "delivery_accountable_party": "30277172", "quality_regime": "IMBRO/A", "object_registration_time": "2022-11-25T10:25:00+01:00", "latest_addition_time": null, "registration_completion_time": "2022-11-25T10:25:00+01:00", "latest_correction_time": null, "under_review_time": null, "sampling_date_time": "2018-05-03T12:00:00+02:00", "imbro_xml_url": "https://publiek.broservices.nl/gm/gar/v1/objects/GAR000000000157"}, "geometry": {"type": "Point", "coordinates": [5.03223015, 52.14093228]}, "id": "6fa7341e-c1b3-5c89-a2b9-289b5c9850c9"}, {"type": "Feature", "properties": {"gm_gar_pk": 139, "gm_gmw_monitoringtube.href": "https://api.pdok.nl/tno/bro-grondwatermonitoring-in-samenhang-karakteristieken/ogc/v1/collections/gm_gmw_monitoringtube/items/01f59b0b-1e09-5f5a-a9c6-6f7864573b50", "gm_gmw_monitoringtube_fk": 39323, "bro_id": "GAR000000000158", "delivery_accountable_party": "30277172", "quality_regime": "IMBRO/A", "object_registration_time": "2022-11-25T10:25:02+01:00", "latest_addition_time": null, "registration_completion_time": "2022-11-25T10:25:02+01:00", "latest_correction_time": null, "under_review_time": null, "sampling_date_time": "2003-01-01T11:00:00+01:00", "imbro_xml_url": "https://publiek.broservices.nl/gm/gar/v1/objects/GAR000000000158"}, "geometry": {"type": "Point", "coordinates": [5.140667605, 52.134344122]}, "id": "930f7b82-88c8-525d-9e70-bb0c3ab89e43"}, {"type": "Feature", "properties": {"gm_gar_pk": 140, "gm_gmw_monitoringtube.href": "https://api.pdok.nl/tno/bro-grondwatermonitoring-in-samenhang-karakteristieken/ogc/v1/collections/gm_gmw_monitoringtube/items/01f59b0b-1e09-5f5a-a9c6-6f7864573b50", "gm_gmw_monitoringtube_fk": 39323, "bro_id": "GAR000000000159", "delivery_accountable_party": "30277172", "quality_regime": "IMBRO/A", "object_registration_time": "2022-11-25T10:25:04+01:00", "latest_addition_time": null, "registration_completion_time": "2022-11-25T10:25:04+01:00", "latest_correction_time": null, "under_review_time": null, "sampling_date_time": "2004-01-01T11:00:00+01:00", "imbro_xml_url": "https://publiek.broservices.nl/gm/gar/v1/objects/GAR000000000159"}, "geometry": {"type": "Point", "coordinates": [5.140667605, 52.134344122]}, "id": "f3122b67-016c-5617-8eae-8c19ee5b7966"}, {"type": "Feature", "properties": {"gm_gar_pk": 141, "gm_gmw_monitoringtube.href": "https://api.pdok.nl/tno/bro-grondwatermonitoring-in-samenhang-karakteristieken/ogc/v1/collections/gm_gmw_monitoringtube/items/01f59b0b-1e09-5f5a-a9c6-6f7864573b50", "gm_gmw_monitoringtube_fk": 39323, "bro_id": "GAR000000000160", "delivery_accountable_party": "30277172", "quality_regime": "IMBRO/A", "object_registration_time": "2022-11-25T10:25:06+01:00", "latest_addition_time": null, "registration_completion_time": "2022-11-25T10:25:06+01:00", "latest_correction_time": null, "under_review_time": null, "sampling_date_time": "2007-12-01T11:00:00+01:00", "imbro_xml_url": "https://publiek.broservices.nl/gm/gar/v1/objects/GAR000000000160"}, "geometry": {"type": "Point", "coordinates": [5.140667605, 52.134344122]}, "id": "618563a5-92ad-5416-9ee7-c88f923c2f2f"}, {"type": "Feature", "properties": {"gm_gar_pk": 142, "gm_gmw_monitoringtube.href": "https://api.pdok.nl/tno/bro-grondwatermonitoring-in-samenhang-karakteristieken/ogc/v1/collections/gm_gmw_monitoringtube/items/01f59b0b-1e09-5f5a-a9c6-6f7864573b50", "gm_gmw_monitoringtube_fk": 39323, "bro_id": "GAR000000000161", "delivery_accountable_party": "30277172", "quality_regime": "IMBRO/A", "object_registration_time": "2022-11-25T10:25:09+01:00", "latest_addition_time": null, "registration_completion_time": "2022-11-25T10:25:09+01:00", "latest_correction_time": null, "under_review_time": null, "sampling_date_time": "2008-09-16T12:00:00+02:00", "imbro_xml_url": "https://publiek.broservices.nl/gm/gar/v1/objects/GAR000000000161"}, "geometry": {"type": "Point", "coordinates": [5.140667605, 52.134344122]}, "id": "01c6dff9-27e2-54a6-8737-c9d8779a9ba7"}, {"type": "Feature", "properties": {"gm_gar_pk": 143, "gm_gmw_monitoringtube.href": "https://api.pdok.nl/tno/bro-grondwatermonitoring-in-samenhang-karakteristieken/ogc/v1/collections/gm_gmw_monitoringtube/items/01f59b0b-1e09-5f5a-a9c6-6f7864573b50", "gm_gmw_monitoringtube_fk": 39323, "bro_id": "GAR000000000162", "delivery_accountable_party": "30277172", "quality_regime": "IMBRO/A", "object_registration_time": "2022-11-25T10:25:11+01:00", "latest_addition_time": null, "registration_completion_time": "2022-11-25T10:25:11+01:00", "latest_correction_time": null, "under_review_time": null, "sampling_date_time": "2010-03-12T11:00:00+01:00", "imbro_xml_url": "https://publiek.broservices.nl/gm/gar/v1/objects/GAR000000000162"}, "geometry": {"type": "Point", "coordinates": [5.140667605, 52.134344122]}, "id": "dcc11753-1560-5344-b57e-9654d9ce1d57"}, {"type": "Feature", "properties": {"gm_gar_pk": 144, "gm_gmw_monitoringtube.href": "https://api.pdok.nl/tno/bro-grondwatermonitoring-in-samenhang-karakteristieken/ogc/v1/collections/gm_gmw_monitoringtube/items/01f59b0b-1e09-5f5a-a9c6-6f7864573b50", "gm_gmw_monitoringtube_fk": 39323, "bro_id": "GAR000000000163", "delivery_accountable_party": "30277172", "quality_regime": "IMBRO/A", "object_registration_time": "2022-11-25T10:25:13+01:00", "latest_addition_time": null, "registration_completion_time": "2022-11-25T10:25:13+01:00", "latest_correction_time": null, "under_review_time": null, "sampling_date_time": "2012-03-13T11:00:00+01:00", "imbro_xml_url": "https://publiek.broservices.nl/gm/gar/v1/objects/GAR000000000163"}, "geometry": {"type": "Point", "coordinates": [5.140667605, 52.134344122]}, "id": "367dd592-cbbe-5169-b9ef-dc2ab058d318"}, {"type": "Feature", "properties": {"gm_gar_pk": 145, "gm_gmw_monitoringtube.href": "https://api.pdok.nl/tno/bro-grondwatermonitoring-in-samenhang-karakteristieken/ogc/v1/collections/gm_gmw_monitoringtube/items/01f59b0b-1e09-5f5a-a9c6-6f7864573b50", "gm_gmw_monitoringtube_fk": 39323, "bro_id": "GAR000000000164", "delivery_accountable_party": "30277172", "quality_regime": "IMBRO/A", "object_registration_time": "2022-11-25T10:25:15+01:00", "latest_addition_time": null, "registration_completion_time": "2022-11-25T10:25:15+01:00", "latest_correction_time": null, "under_review_time": null, "sampling_date_time": "2015-06-10T12:00:00+02:00", "imbro_xml_url": "https://publiek.broservices.nl/gm/gar/v1/objects/GAR000000000164"}, "geometry": {"type": "Point", "coordinates": [5.140667605, 52.134344122]}, "id": "4c26e0bd-f5d7-5abb-82a7-10f167f21a8f"}, {"type": "Feature", "properties": {"gm_gar_pk": 146, "gm_gmw_monitoringtube.href": "https://api.pdok.nl/tno/bro-grondwatermonitoring-in-samenhang-karakteristieken/ogc/v1/collections/gm_gmw_monitoringtube/items/01f59b0b-1e09-5f5a-a9c6-6f7864573b50", "gm_gmw_monitoringtube_fk": 39323, "bro_id": "GAR000000000165", "delivery_accountable_party": "30277172", "quality_regime": "IMBRO/A", "object_registration_time": "2022-11-25T10:25:17+01:00", "latest_addition_time": null, "registration_completion_time": "2022-11-25T10:25:17+01:00", "latest_correction_time": null, "under_review_time": null, "sampling_date_time": "2018-05-04T12:00:00+02:00", "imbro_xml_url": "https://publiek.broservices.nl/gm/gar/v1/objects/GAR000000000165"}, "geometry": {"type": "Point", "coordinates": [5.140667605, 52.134344122]}, "id": "4e87d29a-5a4f-51d0-abdf-872893c746eb"}, {"type": "Feature", "properties": {"gm_gar_pk": 147, "gm_gmw_monitoringtube.href": "https://api.pdok.nl/tno/bro-grondwatermonitoring-in-samenhang-karakteristieken/ogc/v1/collections/gm_gmw_monitoringtube/items/297bbd2e-9aef-50cf-bded-5fa39f9fac29", "gm_gmw_monitoringtube_fk": 39325, "bro_id": "GAR000000000166", "delivery_accountable_party": "30277172", "quality_regime": "IMBRO/A", "object_registration_time": "2022-11-25T10:25:19+01:00", "latest_addition_time": null, "registration_completion_time": "2022-11-25T10:25:19+01:00", "latest_correction_time": null, "under_review_time": null, "sampling_date_time": "2003-01-01T11:00:00+01:00", "imbro_xml_url": "https://publiek.broservices.nl/gm/gar/v1/objects/GAR000000000166"}, "geometry": {"type": "Point", "coordinates": [5.140667605, 52.134344122]}, "id": "90d5ad41-b2a9-5bba-92dc-3109849b9b31"}, {"type": "Feature", "properties": {"gm_gar_pk": 148, "gm_gmw_monitoringtube.href": "https://api.pdok.nl/tno/bro-grondwatermonitoring-in-samenhang-karakteristieken/ogc/v1/collections/gm_gmw_monitoringtube/items/297bbd2e-9aef-50cf-bded-5fa39f9fac29", "gm_gmw_monitoringtube_fk": 39325, "bro_id": "GAR000000000167", "delivery_accountable_party": "30277172", "quality_regime": "IMBRO/A", "object_registration_time": "2022-11-25T10:25:21+01:00", "latest_addition_time": null, "registration_completion_time": "2022-11-25T10:25:21+01:00", "latest_correction_time": null, "under_review_time": null, "sampling_date_time": "2004-01-01T11:00:00+01:00", "imbro_xml_url": "https://publiek.broservices.nl/gm/gar/v1/objects/GAR000000000167"}, "geometry": {"type": "Point", "coordinates": [5.140667605, 52.134344122]}, "id": "b6a5340e-7686-5b42-9c02-e168a473a31f"}, {"type": "Feature", "properties": {"gm_gar_pk": 149, "gm_gmw_monitoringtube.href": "https://api.pdok.nl/tno/bro-grondwatermonitoring-in-samenhang-karakteristieken/ogc/v1/collections/gm_gmw_monitoringtube/items/297bbd2e-9aef-50cf-bded-5fa39f9fac29", "gm_gmw_monitoringtube_fk": 39325, "bro_id": "GAR000000000168", "delivery_accountable_party": "30277172", "quality_regime": "IMBRO/A", "object_registration_time": "2022-11-25T10:25:23+01:00", "latest_addition_time": null, "registration_completion_time": "2022-11-25T10:25:23+01:00", "latest_correction_time": null, "under_review_time": null, "sampling_date_time": "2007-09-01T12:00:00+02:00", "imbro_xml_url": "https://publiek.broservices.nl/gm/gar/v1/objects/GAR000000000168"}, "geometry": {"type": "Point", "coordinates": [5.140667605, 52.134344122]}, "id": "1d9bbe8c-3554-5e2d-b421-b11196ff3f5a"}, {"type": "Feature", "properties": {"gm_gar_pk": 150, "gm_gmw_monitoringtube.href": "https://api.pdok.nl/tno/bro-grondwatermonitoring-in-samenhang-karakteristieken/ogc/v1/collections/gm_gmw_monitoringtube/items/297bbd2e-9aef-50cf-bded-5fa39f9fac29", "gm_gmw_monitoringtube_fk": 39325, "bro_id": "GAR000000000169", "delivery_accountable_party": "30277172", "quality_regime": "IMBRO/A", "object_registration_time": "2022-11-25T10:25:25+01:00", "latest_addition_time": null, "registration_completion_time": "2022-11-25T10:25:25+01:00", "latest_correction_time": null, "under_review_time": null, "sampling_date_time": "2008-09-16T12:00:00+02:00", "imbro_xml_url": "https://publiek.broservices.nl/gm/gar/v1/objects/GAR000000000169"}, "geometry": {"type": "Point", "coordinates": [5.140667605, 52.134344122]}, "id": "a00db2bb-dd32-537e-af36-3309a8c01a43"}, {"type": "Feature", "properties": {"gm_gar_pk": 151, "gm_gmw_monitoringtube.href": "https://api.pdok.nl/tno/bro-grondwatermonitoring-in-samenhang-karakteristieken/ogc/v1/collections/gm_gmw_monitoringtube/items/297bbd2e-9aef-50cf-bded-5fa39f9fac29", "gm_gmw_monitoringtube_fk": 39325, "bro_id": "GAR000000000170", "delivery_accountable_party": "30277172", "quality_regime": "IMBRO/A", "object_registration_time": "2022-11-25T10:25:27+01:00", "latest_addition_time": null, "registration_completion_time": "2022-11-25T10:25:27+01:00", "latest_correction_time": null, "under_review_time": null, "sampling_date_time": "2010-03-12T11:00:00+01:00", "imbro_xml_url": "https://publiek.broservices.nl/gm/gar/v1/objects/GAR000000000170"}, "geometry": {"type": "Point", "coordinates": [5.140667605, 52.134344122]}, "id": "26a352eb-00a6-52d5-885c-f7fe2cb71b15"}, {"type": "Feature", "properties": {"gm_gar_pk": 152, "gm_gmw_monitoringtube.href": "https://api.pdok.nl/tno/bro-grondwatermonitoring-in-samenhang-karakteristieken/ogc/v1/collections/gm_gmw_monitoringtube/items/297bbd2e-9aef-50cf-bded-5fa39f9fac29", "gm_gmw_monitoringtube_fk": 39325, "bro_id": "GAR000000000171", "delivery_accountable_party": "30277172", "quality_regime": "IMBRO/A", "object_registration_time": "2022-11-25T10:25:29+01:00", "latest_addition_time": null, "registration_completion_time": "2022-11-25T10:25:29+01:00", "latest_correction_time": null, "under_review_time": null, "sampling_date_time": "2012-03-13T11:00:00+01:00", "imbro_xml_url": "https://publiek.broservices.nl/gm/gar/v1/objects/GAR000000000171"}, "geometry": {"type": "Point", "coordinates": [5.140667605, 52.134344122]}, "id": "ad6564b8-8d18-5728-9e9d-3d1078a1de73"}, {"type": "Feature", "properties": {"gm_gar_pk": 153, "gm_gmw_monitoringtube.href": "https://api.pdok.nl/tno/bro-grondwatermonitoring-in-samenhang-karakteristieken/ogc/v1/collections/gm_gmw_monitoringtube/items/297bbd2e-9aef-50cf-bded-5fa39f9fac29", "gm_gmw_monitoringtube_fk": 39325, "bro_id": "GAR000000000172", "delivery_accountable_party": "30277172", "quality_regime": "IMBRO/A", "object_registration_time": "2022-11-25T10:25:31+01:00", "latest_addition_time": null, "registration_completion_time": "2022-11-25T10:25:31+01:00", "latest_correction_time": null, "under_review_time": null, "sampling_date_time": "2015-06-10T12:00:00+02:00", "imbro_xml_url": "https://publiek.broservices.nl/gm/gar/v1/objects/GAR000000000172"}, "geometry": {"type": "Point", "coordinates": [5.140667605, 52.134344122]}, "id": "43efcfed-a156-5f64-95ba-282453a32c8a"}, {"type": "Feature", "properties": {"gm_gar_pk": 154, "gm_gmw_monitoringtube.href": "https://api.pdok.nl/tno/bro-grondwatermonitoring-in-samenhang-karakteristieken/ogc/v1/collections/gm_gmw_monitoringtube/items/297bbd2e-9aef-50cf-bded-5fa39f9fac29", "gm_gmw_monitoringtube_fk": 39325, "bro_id": "GAR000000000173", "delivery_accountable_party": "30277172", "quality_regime": "IMBRO/A", "object_registration_time": "2022-11-25T10:25:33+01:00", "latest_addition_time": null, "registration_completion_time": "2022-11-25T10:25:33+01:00", "latest_correction_time": null, "under_review_time": null, "sampling_date_time": "2018-05-04T12:00:00+02:00", "imbro_xml_url": "https://publiek.broservices.nl/gm/gar/v1/objects/GAR000000000173"}, "geometry": {"type": "Point", "coordinates": [5.140667605, 52.134344122]}, "id": "1924930f-04bb-5a9e-b0e7-7e400f135950"}, {"type": "Feature", "properties": {"gm_gar_pk": 155, "gm_gmw_monitoringtube.href": "https://api.pdok.nl/tno/bro-grondwatermonitoring-in-samenhang-karakteristieken/ogc/v1/collections/gm_gmw_monitoringtube/items/9a383ff3-8376-55cc-8903-5dbdd69119ed", "gm_gmw_monitoringtube_fk": 39504, "bro_id": "GAR000000000174", "delivery_accountable_party": "30277172", "quality_regime": "IMBRO/A", "object_registration_time": "2022-11-25T10:25:35+01:00", "latest_addition_time": null, "registration_completion_time": "2022-11-25T10:25:35+01:00", "latest_correction_time": null, "under_review_time": null, "sampling_date_time": "2003-01-01T11:00:00+01:00", "imbro_xml_url": "https://publiek.broservices.nl/gm/gar/v1/objects/GAR000000000174"}, "geometry": {"type": "Point", "coordinates": [5.02895175, 52.09430118]}, "id": "573ce2cc-935a-5528-97e6-8206c8208e57"}, {"type": "Feature", "properties": {"gm_gar_pk": 156, "gm_gmw_monitoringtube.href": "https://api.pdok.nl/tno/bro-grondwatermonitoring-in-samenhang-karakteristieken/ogc/v1/collections/gm_gmw_monitoringtube/items/9a383ff3-8376-55cc-8903-5dbdd69119ed", "gm_gmw_monitoringtube_fk": 39504, "bro_id": "GAR000000000175", "delivery_accountable_party": "30277172", "quality_regime": "IMBRO/A", "object_registration_time": "2022-11-25T10:25:37+01:00", "latest_addition_time": null, "registration_completion_time": "2022-11-25T10:25:37+01:00", "latest_correction_time": null, "under_review_time": null, "sampling_date_time": "2007-12-01T11:00:00+01:00", "imbro_xml_url": "https://publiek.broservices.nl/gm/gar/v1/objects/GAR000000000175"}, "geometry": {"type": "Point", "coordinates": [5.02895175, 52.09430118]}, "id": "acad8e02-341f-5f5a-b560-9e2bb0342981"}, {"type": "Feature", "properties": {"gm_gar_pk": 157, "gm_gmw_monitoringtube.href": "https://api.pdok.nl/tno/bro-grondwatermonitoring-in-samenhang-karakteristieken/ogc/v1/collections/gm_gmw_monitoringtube/items/9a383ff3-8376-55cc-8903-5dbdd69119ed", "gm_gmw_monitoringtube_fk": 39504, "bro_id": "GAR000000000176", "delivery_accountable_party": "30277172", "quality_regime": "IMBRO/A", "object_registration_time": "2022-11-25T10:25:39+01:00", "latest_addition_time": null, "registration_completion_time": "2022-11-25T10:25:39+01:00", "latest_correction_time": null, "under_review_time": null, "sampling_date_time": "2008-09-16T12:00:00+02:00", "imbro_xml_url": "https://publiek.broservices.nl/gm/gar/v1/objects/GAR000000000176"}, "geometry": {"type": "Point", "coordinates": [5.02895175, 52.09430118]}, "id": "a265e5dd-09b6-58df-b9c7-298fac3fa87b"}, {"type": "Feature", "properties": {"gm_gar_pk": 158, "gm_gmw_monitoringtube.href": "https://api.pdok.nl/tno/bro-grondwatermonitoring-in-samenhang-karakteristieken/ogc/v1/collections/gm_gmw_monitoringtube/items/9a383ff3-8376-55cc-8903-5dbdd69119ed", "gm_gmw_monitoringtube_fk": 39504, "bro_id": "GAR000000000177", "delivery_accountable_party": "30277172", "quality_regime": "IMBRO/A", "object_registration_time": "2022-11-25T10:25:41+01:00", "latest_addition_time": null, "registration_completion_time": "2022-11-25T10:25:41+01:00", "latest_correction_time": null, "under_review_time": null, "sampling_date_time": "2010-03-11T11:00:00+01:00", "imbro_xml_url": "https://publiek.broservices.nl/gm/gar/v1/objects/GAR000000000177"}, "geometry": {"type": "Point", "coordinates": [5.02895175, 52.09430118]}, "id": "17e1891b-db9a-5934-956e-a6026054c1ad"}, {"type": "Feature", "properties": {"gm_gar_pk": 159, "gm_gmw_monitoringtube.href": "https://api.pdok.nl/tno/bro-grondwatermonitoring-in-samenhang-karakteristieken/ogc/v1/collections/gm_gmw_monitoringtube/items/9a383ff3-8376-55cc-8903-5dbdd69119ed", "gm_gmw_monitoringtube_fk": 39504, "bro_id": "GAR000000000178", "delivery_accountable_party": "30277172", "quality_regime": "IMBRO/A", "object_registration_time": "2022-11-25T10:25:43+01:00", "latest_addition_time": null, "registration_completion_time": "2022-11-25T10:25:43+01:00", "latest_correction_time": null, "under_review_time": null, "sampling_date_time": "2012-02-15T11:00:00+01:00", "imbro_xml_url": "https://publiek.broservices.nl/gm/gar/v1/objects/GAR000000000178"}, "geometry": {"type": "Point", "coordinates": [5.02895175, 52.09430118]}, "id": "400ed4f7-985f-5972-a70c-6639672bee2a"}, {"type": "Feature", "properties": {"gm_gar_pk": 160, "gm_gmw_monitoringtube.href": "https://api.pdok.nl/tno/bro-grondwatermonitoring-in-samenhang-karakteristieken/ogc/v1/collections/gm_gmw_monitoringtube/items/9a383ff3-8376-55cc-8903-5dbdd69119ed", "gm_gmw_monitoringtube_fk": 39504, "bro_id": "GAR000000000179", "delivery_accountable_party": "30277172", "quality_regime": "IMBRO/A", "object_registration_time": "2022-11-25T10:25:45+01:00", "latest_addition_time": null, "registration_completion_time": "2022-11-25T10:25:45+01:00", "latest_correction_time": null, "under_review_time": null, "sampling_date_time": "2015-07-02T12:00:00+02:00", "imbro_xml_url": "https://publiek.broservices.nl/gm/gar/v1/objects/GAR000000000179"}, "geometry": {"type": "Point", "coordinates": [5.02895175, 52.09430118]}, "id": "f36ced6c-75d4-55f9-aea5-ec47aa581757"}, {"type": "Feature", "properties": {"gm_gar_pk": 161, "gm_gmw_monitoringtube.href": "https://api.pdok.nl/tno/bro-grondwatermonitoring-in-samenhang-karakteristieken/ogc/v1/collections/gm_gmw_monitoringtube/items/9a383ff3-8376-55cc-8903-5dbdd69119ed", "gm_gmw_monitoringtube_fk": 39504, "bro_id": "GAR000000000180", "delivery_accountable_party": "30277172", "quality_regime": "IMBRO/A", "object_registration_time": "2022-11-25T10:25:47+01:00", "latest_addition_time": null, "registration_completion_time": "2022-11-25T10:25:47+01:00", "latest_correction_time": null, "under_review_time": null, "sampling_date_time": "2018-05-04T12:00:00+02:00", "imbro_xml_url": "https://publiek.broservices.nl/gm/gar/v1/objects/GAR000000000180"}, "geometry": {"type": "Point", "coordinates": [5.02895175, 52.09430118]}, "id": "bc40dece-c3f4-58c7-a1c0-1305b4385953"}, {"type": "Feature", "properties": {"gm_gar_pk": 162, "gm_gmw_monitoringtube.href": "https://api.pdok.nl/tno/bro-grondwatermonitoring-in-samenhang-karakteristieken/ogc/v1/collections/gm_gmw_monitoringtube/items/ba4f1a93-432f-5077-bfe7-66823f1510e9", "gm_gmw_monitoringtube_fk": 39506, "bro_id": "GAR000000000181", "delivery_accountable_party": "30277172", "quality_regime": "IMBRO/A", "object_registration_time": "2022-11-25T10:25:55+01:00", "latest_addition_time": null, "registration_completion_time": "2022-11-25T10:25:55+01:00", "latest_correction_time": null, "under_review_time": null, "sampling_date_time": "2003-01-01T11:00:00+01:00", "imbro_xml_url": "https://publiek.broservices.nl/gm/gar/v1/objects/GAR000000000181"}, "geometry": {"type": "Point", "coordinates": [5.02895175, 52.09430118]}, "id": "a82bebe7-4377-5d50-a8b8-e6f123e418b6"}, {"type": "Feature", "properties": {"gm_gar_pk": 163, "gm_gmw_monitoringtube.href": "https://api.pdok.nl/tno/bro-grondwatermonitoring-in-samenhang-karakteristieken/ogc/v1/collections/gm_gmw_monitoringtube/items/ba4f1a93-432f-5077-bfe7-66823f1510e9", "gm_gmw_monitoringtube_fk": 39506, "bro_id": "GAR000000000182", "delivery_accountable_party": "30277172", "quality_regime": "IMBRO/A", "object_registration_time": "2022-11-25T10:25:56+01:00", "latest_addition_time": null, "registration_completion_time": "2022-11-25T10:25:56+01:00", "latest_correction_time": null, "under_review_time": null, "sampling_date_time": "2007-09-01T12:00:00+02:00", "imbro_xml_url": "https://publiek.broservices.nl/gm/gar/v1/objects/GAR000000000182"}, "geometry": {"type": "Point", "coordinates": [5.02895175, 52.09430118]}, "id": "c389dced-45be-57d7-a45f-06cc3dae3178"}, {"type": "Feature", "properties": {"gm_gar_pk": 164, "gm_gmw_monitoringtube.href": "https://api.pdok.nl/tno/bro-grondwatermonitoring-in-samenhang-karakteristieken/ogc/v1/collections/gm_gmw_monitoringtube/items/ba4f1a93-432f-5077-bfe7-66823f1510e9", "gm_gmw_monitoringtube_fk": 39506, "bro_id": "GAR000000000183", "delivery_accountable_party": "30277172", "quality_regime": "IMBRO/A", "object_registration_time": "2022-11-25T10:25:58+01:00", "latest_addition_time": null, "registration_completion_time": "2022-11-25T10:25:58+01:00", "latest_correction_time": null, "under_review_time": null, "sampling_date_time": "2008-09-16T12:00:00+02:00", "imbro_xml_url": "https://publiek.broservices.nl/gm/gar/v1/objects/GAR000000000183"}, "geometry": {"type": "Point", "coordinates": [5.02895175, 52.09430118]}, "id": "16e68f34-07df-5f5d-9f41-67c4eb08de01"}, {"type": "Feature", "properties": {"gm_gar_pk": 165, "gm_gmw_monitoringtube.href": "https://api.pdok.nl/tno/bro-grondwatermonitoring-in-samenhang-karakteristieken/ogc/v1/collections/gm_gmw_monitoringtube/items/ba4f1a93-432f-5077-bfe7-66823f1510e9", "gm_gmw_monitoringtube_fk": 39506, "bro_id": "GAR000000000184", "delivery_accountable_party": "30277172", "quality_regime": "IMBRO/A", "object_registration_time": "2022-11-25T10:26:00+01:00", "latest_addition_time": null, "registration_completion_time": "2022-11-25T10:26:00+01:00", "latest_correction_time": null, "under_review_time": null, "sampling_date_time": "2009-10-30T11:00:00+01:00", "imbro_xml_url": "https://publiek.broservices.nl/gm/gar/v1/objects/GAR000000000184"}, "geometry": {"type": "Point", "coordinates": [5.02895175, 52.09430118]}, "id": "2f7fb360-6211-5593-95c6-62e4b238bf1b"}, {"type": "Feature", "properties": {"gm_gar_pk": 166, "gm_gmw_monitoringtube.href": "https://api.pdok.nl/tno/bro-grondwatermonitoring-in-samenhang-karakteristieken/ogc/v1/collections/gm_gmw_monitoringtube/items/ba4f1a93-432f-5077-bfe7-66823f1510e9", "gm_gmw_monitoringtube_fk": 39506, "bro_id": "GAR000000000185", "delivery_accountable_party": "30277172", "quality_regime": "IMBRO/A", "object_registration_time": "2022-11-25T10:26:02+01:00", "latest_addition_time": null, "registration_completion_time": "2022-11-25T10:26:02+01:00", "latest_correction_time": null, "under_review_time": null, "sampling_date_time": "2010-03-11T11:00:00+01:00", "imbro_xml_url": "https://publiek.broservices.nl/gm/gar/v1/objects/GAR000000000185"}, "geometry": {"type": "Point", "coordinates": [5.02895175, 52.09430118]}, "id": "2a0d0756-3597-55fb-a48f-257ddb2a8730"}, {"type": "Feature", "properties": {"gm_gar_pk": 167, "gm_gmw_monitoringtube.href": "https://api.pdok.nl/tno/bro-grondwatermonitoring-in-samenhang-karakteristieken/ogc/v1/collections/gm_gmw_monitoringtube/items/ba4f1a93-432f-5077-bfe7-66823f1510e9", "gm_gmw_monitoringtube_fk": 39506, "bro_id": "GAR000000000186", "delivery_accountable_party": "30277172", "quality_regime": "IMBRO/A", "object_registration_time": "2022-11-25T10:26:04+01:00", "latest_addition_time": null, "registration_completion_time": "2022-11-25T10:26:04+01:00", "latest_correction_time": null, "under_review_time": null, "sampling_date_time": "2012-02-15T11:00:00+01:00", "imbro_xml_url": "https://publiek.broservices.nl/gm/gar/v1/objects/GAR000000000186"}, "geometry": {"type": "Point", "coordinates": [5.02895175, 52.09430118]}, "id": "ac55a4c1-b22c-53a0-8be2-26b1b6eefe57"}, {"type": "Feature", "properties": {"gm_gar_pk": 168, "gm_gmw_monitoringtube.href": "https://api.pdok.nl/tno/bro-grondwatermonitoring-in-samenhang-karakteristieken/ogc/v1/collections/gm_gmw_monitoringtube/items/ba4f1a93-432f-5077-bfe7-66823f1510e9", "gm_gmw_monitoringtube_fk": 39506, "bro_id": "GAR000000000187", "delivery_accountable_party": "30277172", "quality_regime": "IMBRO/A", "object_registration_time": "2022-11-25T10:26:06+01:00", "latest_addition_time": null, "registration_completion_time": "2022-11-25T10:26:06+01:00", "latest_correction_time": null, "under_review_time": null, "sampling_date_time": "2015-07-02T12:00:00+02:00", "imbro_xml_url": "https://publiek.broservices.nl/gm/gar/v1/objects/GAR000000000187"}, "geometry": {"type": "Point", "coordinates": [5.02895175, 52.09430118]}, "id": "81dc6b6b-d714-5f2d-bbf7-9b47d7df4612"}, {"type": "Feature", "properties": {"gm_gar_pk": 169, "gm_gmw_monitoringtube.href": "https://api.pdok.nl/tno/bro-grondwatermonitoring-in-samenhang-karakteristieken/ogc/v1/collections/gm_gmw_monitoringtube/items/ba4f1a93-432f-5077-bfe7-66823f1510e9", "gm_gmw_monitoringtube_fk": 39506, "bro_id": "GAR000000000188", "delivery_accountable_party": "30277172", "quality_regime": "IMBRO/A", "object_registration_time": "2022-11-25T10:26:08+01:00", "latest_addition_time": null, "registration_completion_time": "2022-11-25T10:26:08+01:00", "latest_correction_time": null, "under_review_time": null, "sampling_date_time": "2018-05-04T12:00:00+02:00", "imbro_xml_url": "https://publiek.broservices.nl/gm/gar/v1/objects/GAR000000000188"}, "geometry": {"type": "Point", "coordinates": [5.02895175, 52.09430118]}, "id": "378fcb78-6cec-53e3-97e1-4b2d2c390b5c"}, {"type": "Feature", "properties": {"gm_gar_pk": 170, "gm_gmw_monitoringtube.href": "https://api.pdok.nl/tno/bro-grondwatermonitoring-in-samenhang-karakteristieken/ogc/v1/collections/gm_gmw_monitoringtube/items/d6cade85-0675-569e-a9dd-6f446f9249e2", "gm_gmw_monitoringtube_fk": 20785, "bro_id": "GAR000000000189", "delivery_accountable_party": "30277172", "quality_regime": "IMBRO/A", "object_registration_time": "2022-11-25T10:26:10+01:00", "latest_addition_time": null, "registration_completion_time": "2022-11-25T10:26:10+01:00", "latest_correction_time": null, "under_review_time": null, "sampling_date_time": "2010-03-18T11:00:00+01:00", "imbro_xml_url": "https://publiek.broservices.nl/gm/gar/v1/objects/GAR000000000189"}, "geometry": {"type": "Point", "coordinates": [5.16219741, 52.14377717]}, "id": "7a020644-a266-5e65-8531-8827afe80be2"}, {"type": "Feature", "properties": {"gm_gar_pk": 171, "gm_gmw_monitoringtube.href": "https://api.pdok.nl/tno/bro-grondwatermonitoring-in-samenhang-karakteristieken/ogc/v1/collections/gm_gmw_monitoringtube/items/c6cded9f-487f-58e2-a6db-7130f16b707d", "gm_gmw_monitoringtube_fk": 20766, "bro_id": "GAR000000000190", "delivery_accountable_party": "30277172", "quality_regime": "IMBRO/A", "object_registration_time": "2022-11-25T10:26:12+01:00", "latest_addition_time": null, "registration_completion_time": "2022-11-25T10:26:12+01:00", "latest_correction_time": null, "under_review_time": null, "sampling_date_time": "1991-07-17T12:00:00+02:00", "imbro_xml_url": "https://publiek.broservices.nl/gm/gar/v1/objects/GAR000000000190"}, "geometry": {"type": "Point", "coordinates": [5.05711626, 52.14371888]}, "id": "e93dec56-fdee-5640-8c31-7592f948c1b8"}, {"type": "Feature", "properties": {"gm_gar_pk": 172, "gm_gmw_monitoringtube.href": "https://api.pdok.nl/tno/bro-grondwatermonitoring-in-samenhang-karakteristieken/ogc/v1/collections/gm_gmw_monitoringtube/items/c6cded9f-487f-58e2-a6db-7130f16b707d", "gm_gmw_monitoringtube_fk": 20766, "bro_id": "GAR000000000191", "delivery_accountable_party": "30277172", "quality_regime": "IMBRO/A", "object_registration_time": "2022-11-25T10:26:14+01:00", "latest_addition_time": null, "registration_completion_time": "2022-11-25T10:26:14+01:00", "latest_correction_time": null, "under_review_time": null, "sampling_date_time": "1992-07-24T12:00:00+02:00", "imbro_xml_url": "https://publiek.broservices.nl/gm/gar/v1/objects/GAR000000000191"}, "geometry": {"type": "Point", "coordinates": [5.05711626, 52.14371888]}, "id": "3c7bb291-bdc3-5a77-82d5-744b98a2d32c"}, {"type": "Feature", "properties": {"gm_gar_pk": 173, "gm_gmw_monitoringtube.href": "https://api.pdok.nl/tno/bro-grondwatermonitoring-in-samenhang-karakteristieken/ogc/v1/collections/gm_gmw_monitoringtube/items/c6cded9f-487f-58e2-a6db-7130f16b707d", "gm_gmw_monitoringtube_fk": 20766, "bro_id": "GAR000000000192", "delivery_accountable_party": "30277172", "quality_regime": "IMBRO/A", "object_registration_time": "2022-11-25T10:26:16+01:00", "latest_addition_time": null, "registration_completion_time": "2022-11-25T10:26:16+01:00", "latest_correction_time": null, "under_review_time": null, "sampling_date_time": "1993-06-23T12:00:00+02:00", "imbro_xml_url": "https://publiek.broservices.nl/gm/gar/v1/objects/GAR000000000192"}, "geometry": {"type": "Point", "coordinates": [5.05711626, 52.14371888]}, "id": "f812db66-5379-5be8-89c1-c75e3de7f3fc"}, {"type": "Feature", "properties": {"gm_gar_pk": 174, "gm_gmw_monitoringtube.href": "https://api.pdok.nl/tno/bro-grondwatermonitoring-in-samenhang-karakteristieken/ogc/v1/collections/gm_gmw_monitoringtube/items/c6cded9f-487f-58e2-a6db-7130f16b707d", "gm_gmw_monitoringtube_fk": 20766, "bro_id": "GAR000000000193", "delivery_accountable_party": "30277172", "quality_regime": "IMBRO/A", "object_registration_time": "2022-11-25T10:26:18+01:00", "latest_addition_time": null, "registration_completion_time": "2022-11-25T10:26:18+01:00", "latest_correction_time": null, "under_review_time": null, "sampling_date_time": "1994-04-28T12:00:00+02:00", "imbro_xml_url": "https://publiek.broservices.nl/gm/gar/v1/objects/GAR000000000193"}, "geometry": {"type": "Point", "coordinates": [5.05711626, 52.14371888]}, "id": "b0641cd5-ab14-511d-a8ff-7f81888ec282"}, {"type": "Feature", "properties": {"gm_gar_pk": 175, "gm_gmw_monitoringtube.href": "https://api.pdok.nl/tno/bro-grondwatermonitoring-in-samenhang-karakteristieken/ogc/v1/collections/gm_gmw_monitoringtube/items/c6cded9f-487f-58e2-a6db-7130f16b707d", "gm_gmw_monitoringtube_fk": 20766, "bro_id": "GAR000000000194", "delivery_accountable_party": "30277172", "quality_regime": "IMBRO/A", "object_registration_time": "2022-11-25T10:26:19+01:00", "latest_addition_time": null, "registration_completion_time": "2022-11-25T10:26:19+01:00", "latest_correction_time": null, "under_review_time": null, "sampling_date_time": "1995-04-06T12:00:00+02:00", "imbro_xml_url": "https://publiek.broservices.nl/gm/gar/v1/objects/GAR000000000194"}, "geometry": {"type": "Point", "coordinates": [5.05711626, 52.14371888]}, "id": "3b50b18c-04bd-583a-8948-b375d8e5bcb6"}, {"type": "Feature", "properties": {"gm_gar_pk": 176, "gm_gmw_monitoringtube.href": "https://api.pdok.nl/tno/bro-grondwatermonitoring-in-samenhang-karakteristieken/ogc/v1/collections/gm_gmw_monitoringtube/items/c6cded9f-487f-58e2-a6db-7130f16b707d", "gm_gmw_monitoringtube_fk": 20766, "bro_id": "GAR000000000195", "delivery_accountable_party": "30277172", "quality_regime": "IMBRO/A", "object_registration_time": "2022-11-25T10:26:21+01:00", "latest_addition_time": null, "registration_completion_time": "2022-11-25T10:26:21+01:00", "latest_correction_time": null, "under_review_time": null, "sampling_date_time": "2003-01-01T11:00:00+01:00", "imbro_xml_url": "https://publiek.broservices.nl/gm/gar/v1/objects/GAR000000000195"}, "geometry": {"type": "Point", "coordinates": [5.05711626, 52.14371888]}, "id": "f173d3cd-db5e-5cc0-a277-588b347588dd"}, {"type": "Feature", "properties": {"gm_gar_pk": 177, "gm_gmw_monitoringtube.href": "https://api.pdok.nl/tno/bro-grondwatermonitoring-in-samenhang-karakteristieken/ogc/v1/collections/gm_gmw_monitoringtube/items/c6cded9f-487f-58e2-a6db-7130f16b707d", "gm_gmw_monitoringtube_fk": 20766, "bro_id": "GAR000000000196", "delivery_accountable_party": "30277172", "quality_regime": "IMBRO/A", "object_registration_time": "2022-11-25T10:26:23+01:00", "latest_addition_time": null, "registration_completion_time": "2022-11-25T10:26:23+01:00", "latest_correction_time": null, "under_review_time": null, "sampling_date_time": "2004-01-01T11:00:00+01:00", "imbro_xml_url": "https://publiek.broservices.nl/gm/gar/v1/objects/GAR000000000196"}, "geometry": {"type": "Point", "coordinates": [5.05711626, 52.14371888]}, "id": "eeb76965-81e5-5feb-8228-a7dd08193658"}, {"type": "Feature", "properties": {"gm_gar_pk": 178, "gm_gmw_monitoringtube.href": "https://api.pdok.nl/tno/bro-grondwatermonitoring-in-samenhang-karakteristieken/ogc/v1/collections/gm_gmw_monitoringtube/items/c6cded9f-487f-58e2-a6db-7130f16b707d", "gm_gmw_monitoringtube_fk": 20766, "bro_id": "GAR000000000197", "delivery_accountable_party": "30277172", "quality_regime": "IMBRO/A", "object_registration_time": "2022-11-25T10:26:25+01:00", "latest_addition_time": null, "registration_completion_time": "2022-11-25T10:26:25+01:00", "latest_correction_time": null, "under_review_time": null, "sampling_date_time": "2007-09-01T12:00:00+02:00", "imbro_xml_url": "https://publiek.broservices.nl/gm/gar/v1/objects/GAR000000000197"}, "geometry": {"type": "Point", "coordinates": [5.05711626, 52.14371888]}, "id": "cbd2059e-cf30-5a15-b661-1b6f80c0f519"}, {"type": "Feature", "properties": {"gm_gar_pk": 179, "gm_gmw_monitoringtube.href": "https://api.pdok.nl/tno/bro-grondwatermonitoring-in-samenhang-karakteristieken/ogc/v1/collections/gm_gmw_monitoringtube/items/c6cded9f-487f-58e2-a6db-7130f16b707d", "gm_gmw_monitoringtube_fk": 20766, "bro_id": "GAR000000000198", "delivery_accountable_party": "30277172", "quality_regime": "IMBRO/A", "object_registration_time": "2022-11-25T10:26:27+01:00", "latest_addition_time": null, "registration_completion_time": "2022-11-25T10:26:27+01:00", "latest_correction_time": null, "under_review_time": null, "sampling_date_time": "2008-09-16T12:00:00+02:00", "imbro_xml_url": "https://publiek.broservices.nl/gm/gar/v1/objects/GAR000000000198"}, "geometry": {"type": "Point", "coordinates": [5.05711626, 52.14371888]}, "id": "81306889-75a4-5a9c-bf40-24fe08c906b3"}, {"type": "Feature", "properties": {"gm_gar_pk": 180, "gm_gmw_monitoringtube.href": "https://api.pdok.nl/tno/bro-grondwatermonitoring-in-samenhang-karakteristieken/ogc/v1/collections/gm_gmw_monitoringtube/items/76391432-7e8c-5abd-8dc3-a71fa08b297d", "gm_gmw_monitoringtube_fk": 20767, "bro_id": "GAR000000000199", "delivery_accountable_party": "30277172", "quality_regime": "IMBRO/A", "object_registration_time": "2022-11-25T10:26:28+01:00", "latest_addition_time": null, "registration_completion_time": "2022-11-25T10:26:28+01:00", "latest_correction_time": null, "under_review_time": null, "sampling_date_time": "1991-07-17T12:00:00+02:00", "imbro_xml_url": "https://publiek.broservices.nl/gm/gar/v1/objects/GAR000000000199"}, "geometry": {"type": "Point", "coordinates": [5.05711626, 52.14371888]}, "id": "c98cbfc6-9ecc-52cd-9242-9436f965b88a"}, {"type": "Feature", "properties": {"gm_gar_pk": 181, "gm_gmw_monitoringtube.href": "https://api.pdok.nl/tno/bro-grondwatermonitoring-in-samenhang-karakteristieken/ogc/v1/collections/gm_gmw_monitoringtube/items/9157b9e0-d315-550f-b9f5-6fb22623d321", "gm_gmw_monitoringtube_fk": 20768, "bro_id": "GAR000000000200", "delivery_accountable_party": "30277172", "quality_regime": "IMBRO/A", "object_registration_time": "2022-11-25T10:26:30+01:00", "latest_addition_time": null, "registration_completion_time": "2022-11-25T10:26:30+01:00", "latest_correction_time": null, "under_review_time": null, "sampling_date_time": "1991-07-17T12:00:00+02:00", "imbro_xml_url": "https://publiek.broservices.nl/gm/gar/v1/objects/GAR000000000200"}, "geometry": {"type": "Point", "coordinates": [5.05711626, 52.14371888]}, "id": "6dfdb110-bdc5-51e6-abaa-98d71ae6341d"}, {"type": "Feature", "properties": {"gm_gar_pk": 182, "gm_gmw_monitoringtube.href": "https://api.pdok.nl/tno/bro-grondwatermonitoring-in-samenhang-karakteristieken/ogc/v1/collections/gm_gmw_monitoringtube/items/9157b9e0-d315-550f-b9f5-6fb22623d321", "gm_gmw_monitoringtube_fk": 20768, "bro_id": "GAR000000000201", "delivery_accountable_party": "30277172", "quality_regime": "IMBRO/A", "object_registration_time": "2022-11-25T10:26:32+01:00", "latest_addition_time": null, "registration_completion_time": "2022-11-25T10:26:32+01:00", "latest_correction_time": null, "under_review_time": null, "sampling_date_time": "1992-07-24T12:00:00+02:00", "imbro_xml_url": "https://publiek.broservices.nl/gm/gar/v1/objects/GAR000000000201"}, "geometry": {"type": "Point", "coordinates": [5.05711626, 52.14371888]}, "id": "e442a8c3-6e65-5698-9cd4-4e928e50d7ca"}, {"type": "Feature", "properties": {"gm_gar_pk": 183, "gm_gmw_monitoringtube.href": "https://api.pdok.nl/tno/bro-grondwatermonitoring-in-samenhang-karakteristieken/ogc/v1/collections/gm_gmw_monitoringtube/items/9157b9e0-d315-550f-b9f5-6fb22623d321", "gm_gmw_monitoringtube_fk": 20768, "bro_id": "GAR000000000202", "delivery_accountable_party": "30277172", "quality_regime": "IMBRO/A", "object_registration_time": "2022-11-25T10:26:34+01:00", "latest_addition_time": null, "registration_completion_time": "2022-11-25T10:26:34+01:00", "latest_correction_time": null, "under_review_time": null, "sampling_date_time": "1993-06-23T12:00:00+02:00", "imbro_xml_url": "https://publiek.broservices.nl/gm/gar/v1/objects/GAR000000000202"}, "geometry": {"type": "Point", "coordinates": [5.05711626, 52.14371888]}, "id": "52f55815-9b63-59ad-90ed-b8026449fda7"}, {"type": "Feature", "properties": {"gm_gar_pk": 184, "gm_gmw_monitoringtube.href": "https://api.pdok.nl/tno/bro-grondwatermonitoring-in-samenhang-karakteristieken/ogc/v1/collections/gm_gmw_monitoringtube/items/9157b9e0-d315-550f-b9f5-6fb22623d321", "gm_gmw_monitoringtube_fk": 20768, "bro_id": "GAR000000000203", "delivery_accountable_party": "30277172", "quality_regime": "IMBRO/A", "object_registration_time": "2022-11-25T10:26:36+01:00", "latest_addition_time": null, "registration_completion_time": "2022-11-25T10:26:36+01:00", "latest_correction_time": null, "under_review_time": null, "sampling_date_time": "1994-04-28T12:00:00+02:00", "imbro_xml_url": "https://publiek.broservices.nl/gm/gar/v1/objects/GAR000000000203"}, "geometry": {"type": "Point", "coordinates": [5.05711626, 52.14371888]}, "id": "0608000f-30a8-508a-8065-a7b8e54c060b"}, {"type": "Feature", "properties": {"gm_gar_pk": 185, "gm_gmw_monitoringtube.href": "https://api.pdok.nl/tno/bro-grondwatermonitoring-in-samenhang-karakteristieken/ogc/v1/collections/gm_gmw_monitoringtube/items/9157b9e0-d315-550f-b9f5-6fb22623d321", "gm_gmw_monitoringtube_fk": 20768, "bro_id": "GAR000000000204", "delivery_accountable_party": "30277172", "quality_regime": "IMBRO/A", "object_registration_time": "2022-11-25T10:26:38+01:00", "latest_addition_time": null, "registration_completion_time": "2022-11-25T10:26:38+01:00", "latest_correction_time": null, "under_review_time": null, "sampling_date_time": "1995-04-06T12:00:00+02:00", "imbro_xml_url": "https://publiek.broservices.nl/gm/gar/v1/objects/GAR000000000204"}, "geometry": {"type": "Point", "coordinates": [5.05711626, 52.14371888]}, "id": "acc13165-5508-5eaa-b346-e52ebc419732"}, {"type": "Feature", "properties": {"gm_gar_pk": 186, "gm_gmw_monitoringtube.href": "https://api.pdok.nl/tno/bro-grondwatermonitoring-in-samenhang-karakteristieken/ogc/v1/collections/gm_gmw_monitoringtube/items/9157b9e0-d315-550f-b9f5-6fb22623d321", "gm_gmw_monitoringtube_fk": 20768, "bro_id": "GAR000000000205", "delivery_accountable_party": "30277172", "quality_regime": "IMBRO/A", "object_registration_time": "2022-11-25T10:26:39+01:00", "latest_addition_time": null, "registration_completion_time": "2022-11-25T10:26:39+01:00", "latest_correction_time": null, "under_review_time": null, "sampling_date_time": "2003-01-01T11:00:00+01:00", "imbro_xml_url": "https://publiek.broservices.nl/gm/gar/v1/objects/GAR000000000205"}, "geometry": {"type": "Point", "coordinates": [5.05711626, 52.14371888]}, "id": "3c6bd42b-5928-5997-8ac9-b85707627a46"}, {"type": "Feature", "properties": {"gm_gar_pk": 187, "gm_gmw_monitoringtube.href": "https://api.pdok.nl/tno/bro-grondwatermonitoring-in-samenhang-karakteristieken/ogc/v1/collections/gm_gmw_monitoringtube/items/9157b9e0-d315-550f-b9f5-6fb22623d321", "gm_gmw_monitoringtube_fk": 20768, "bro_id": "GAR000000000206", "delivery_accountable_party": "30277172", "quality_regime": "IMBRO/A", "object_registration_time": "2022-11-25T10:26:41+01:00", "latest_addition_time": null, "registration_completion_time": "2022-11-25T10:26:41+01:00", "latest_correction_time": null, "under_review_time": null, "sampling_date_time": "2004-01-01T11:00:00+01:00", "imbro_xml_url": "https://publiek.broservices.nl/gm/gar/v1/objects/GAR000000000206"}, "geometry": {"type": "Point", "coordinates": [5.05711626, 52.14371888]}, "id": "f9807dbc-62f2-5b67-a723-8952ef906e7e"}, {"type": "Feature", "properties": {"gm_gar_pk": 188, "gm_gmw_monitoringtube.href": "https://api.pdok.nl/tno/bro-grondwatermonitoring-in-samenhang-karakteristieken/ogc/v1/collections/gm_gmw_monitoringtube/items/9157b9e0-d315-550f-b9f5-6fb22623d321", "gm_gmw_monitoringtube_fk": 20768, "bro_id": "GAR000000000207", "delivery_accountable_party": "30277172", "quality_regime": "IMBRO/A", "object_registration_time": "2022-11-25T10:26:43+01:00", "latest_addition_time": null, "registration_completion_time": "2022-11-25T10:26:43+01:00", "latest_correction_time": null, "under_review_time": null, "sampling_date_time": "2007-09-01T12:00:00+02:00", "imbro_xml_url": "https://publiek.broservices.nl/gm/gar/v1/objects/GAR000000000207"}, "geometry": {"type": "Point", "coordinates": [5.05711626, 52.14371888]}, "id": "3f518bfe-39f9-557b-aa13-3e1451bbaf53"}, {"type": "Feature", "properties": {"gm_gar_pk": 189, "gm_gmw_monitoringtube.href": "https://api.pdok.nl/tno/bro-grondwatermonitoring-in-samenhang-karakteristieken/ogc/v1/collections/gm_gmw_monitoringtube/items/9157b9e0-d315-550f-b9f5-6fb22623d321", "gm_gmw_monitoringtube_fk": 20768, "bro_id": "GAR000000000208", "delivery_accountable_party": "30277172", "quality_regime": "IMBRO/A", "object_registration_time": "2022-11-25T10:26:45+01:00", "latest_addition_time": null, "registration_completion_time": "2022-11-25T10:26:45+01:00", "latest_correction_time": null, "under_review_time": null, "sampling_date_time": "2008-09-16T12:00:00+02:00", "imbro_xml_url": "https://publiek.broservices.nl/gm/gar/v1/objects/GAR000000000208"}, "geometry": {"type": "Point", "coordinates": [5.05711626, 52.14371888]}, "id": "12db7ac9-14a4-5f38-8d93-28c6230143ea"}, {"type": "Feature", "properties": {"gm_gar_pk": 190, "gm_gmw_monitoringtube.href": "https://api.pdok.nl/tno/bro-grondwatermonitoring-in-samenhang-karakteristieken/ogc/v1/collections/gm_gmw_monitoringtube/items/434f4e3b-a5ef-5356-8f4a-f4ea8a36a0ba", "gm_gmw_monitoringtube_fk": 20737, "bro_id": "GAR000000000209", "delivery_accountable_party": "30277172", "quality_regime": "IMBRO/A", "object_registration_time": "2022-11-25T10:26:47+01:00", "latest_addition_time": null, "registration_completion_time": "2022-11-25T10:26:47+01:00", "latest_correction_time": null, "under_review_time": null, "sampling_date_time": "1991-07-19T12:00:00+02:00", "imbro_xml_url": "https://publiek.broservices.nl/gm/gar/v1/objects/GAR000000000209"}, "geometry": {"type": "Point", "coordinates": [5.15248536, 52.12096444]}, "id": "52d88686-9f3c-590c-ad2f-b3ae9ba8c8d8"}, {"type": "Feature", "properties": {"gm_gar_pk": 191, "gm_gmw_monitoringtube.href": "https://api.pdok.nl/tno/bro-grondwatermonitoring-in-samenhang-karakteristieken/ogc/v1/collections/gm_gmw_monitoringtube/items/434f4e3b-a5ef-5356-8f4a-f4ea8a36a0ba", "gm_gmw_monitoringtube_fk": 20737, "bro_id": "GAR000000000210", "delivery_accountable_party": "30277172", "quality_regime": "IMBRO/A", "object_registration_time": "2022-11-25T10:26:49+01:00", "latest_addition_time": null, "registration_completion_time": "2022-11-25T10:26:49+01:00", "latest_correction_time": null, "under_review_time": null, "sampling_date_time": "1992-09-21T12:00:00+02:00", "imbro_xml_url": "https://publiek.broservices.nl/gm/gar/v1/objects/GAR000000000210"}, "geometry": {"type": "Point", "coordinates": [5.15248536, 52.12096444]}, "id": "583d6047-f411-5bde-97cb-f5c07ba50f71"}, {"type": "Feature", "properties": {"gm_gar_pk": 192, "gm_gmw_monitoringtube.href": "https://api.pdok.nl/tno/bro-grondwatermonitoring-in-samenhang-karakteristieken/ogc/v1/collections/gm_gmw_monitoringtube/items/434f4e3b-a5ef-5356-8f4a-f4ea8a36a0ba", "gm_gmw_monitoringtube_fk": 20737, "bro_id": "GAR000000000211", "delivery_accountable_party": "30277172", "quality_regime": "IMBRO/A", "object_registration_time": "2022-11-25T10:26:50+01:00", "latest_addition_time": null, "registration_completion_time": "2022-11-25T10:26:50+01:00", "latest_correction_time": null, "under_review_time": null, "sampling_date_time": "1993-06-28T12:00:00+02:00", "imbro_xml_url": "https://publiek.broservices.nl/gm/gar/v1/objects/GAR000000000211"}, "geometry": {"type": "Point", "coordinates": [5.15248536, 52.12096444]}, "id": "2f466550-c136-56af-94fd-40378fbd2fca"}, {"type": "Feature", "properties": {"gm_gar_pk": 193, "gm_gmw_monitoringtube.href": "https://api.pdok.nl/tno/bro-grondwatermonitoring-in-samenhang-karakteristieken/ogc/v1/collections/gm_gmw_monitoringtube/items/434f4e3b-a5ef-5356-8f4a-f4ea8a36a0ba", "gm_gmw_monitoringtube_fk": 20737, "bro_id": "GAR000000000212", "delivery_accountable_party": "30277172", "quality_regime": "IMBRO/A", "object_registration_time": "2022-11-25T10:26:52+01:00", "latest_addition_time": null, "registration_completion_time": "2022-11-25T10:26:52+01:00", "latest_correction_time": null, "under_review_time": null, "sampling_date_time": "1994-04-27T12:00:00+02:00", "imbro_xml_url": "https://publiek.broservices.nl/gm/gar/v1/objects/GAR000000000212"}, "geometry": {"type": "Point", "coordinates": [5.15248536, 52.12096444]}, "id": "cf192e2e-a597-57f5-b785-76476c748192"}, {"type": "Feature", "properties": {"gm_gar_pk": 194, "gm_gmw_monitoringtube.href": "https://api.pdok.nl/tno/bro-grondwatermonitoring-in-samenhang-karakteristieken/ogc/v1/collections/gm_gmw_monitoringtube/items/434f4e3b-a5ef-5356-8f4a-f4ea8a36a0ba", "gm_gmw_monitoringtube_fk": 20737, "bro_id": "GAR000000000213", "delivery_accountable_party": "30277172", "quality_regime": "IMBRO/A", "object_registration_time": "2022-11-25T10:26:54+01:00", "latest_addition_time": null, "registration_completion_time": "2022-11-25T10:26:54+01:00", "latest_correction_time": null, "under_review_time": null, "sampling_date_time": "1995-04-21T12:00:00+02:00", "imbro_xml_url": "https://publiek.broservices.nl/gm/gar/v1/objects/GAR000000000213"}, "geometry": {"type": "Point", "coordinates": [5.15248536, 52.12096444]}, "id": "3f44c551-418f-5336-94c2-2fb6d7cf534e"}, {"type": "Feature", "properties": {"gm_gar_pk": 195, "gm_gmw_monitoringtube.href": "https://api.pdok.nl/tno/bro-grondwatermonitoring-in-samenhang-karakteristieken/ogc/v1/collections/gm_gmw_monitoringtube/items/434f4e3b-a5ef-5356-8f4a-f4ea8a36a0ba", "gm_gmw_monitoringtube_fk": 20737, "bro_id": "GAR000000000214", "delivery_accountable_party": "30277172", "quality_regime": "IMBRO/A", "object_registration_time": "2022-11-25T10:26:56+01:00", "latest_addition_time": null, "registration_completion_time": "2022-11-25T10:26:56+01:00", "latest_correction_time": null, "under_review_time": null, "sampling_date_time": "2003-01-01T11:00:00+01:00", "imbro_xml_url": "https://publiek.broservices.nl/gm/gar/v1/objects/GAR000000000214"}, "geometry": {"type": "Point", "coordinates": [5.15248536, 52.12096444]}, "id": "bc7c9e59-81fb-5736-b936-57ae30ea844d"}, {"type": "Feature", "properties": {"gm_gar_pk": 196, "gm_gmw_monitoringtube.href": "https://api.pdok.nl/tno/bro-grondwatermonitoring-in-samenhang-karakteristieken/ogc/v1/collections/gm_gmw_monitoringtube/items/434f4e3b-a5ef-5356-8f4a-f4ea8a36a0ba", "gm_gmw_monitoringtube_fk": 20737, "bro_id": "GAR000000000215", "delivery_accountable_party": "30277172", "quality_regime": "IMBRO/A", "object_registration_time": "2022-11-25T10:26:58+01:00", "latest_addition_time": null, "registration_completion_time": "2022-11-25T10:26:58+01:00", "latest_correction_time": null, "under_review_time": null, "sampling_date_time": "2004-01-01T11:00:00+01:00", "imbro_xml_url": "https://publiek.broservices.nl/gm/gar/v1/objects/GAR000000000215"}, "geometry": {"type": "Point", "coordinates": [5.15248536, 52.12096444]}, "id": "6bbfab8d-e8c7-51d1-85ad-b7f04cefb328"}, {"type": "Feature", "properties": {"gm_gar_pk": 197, "gm_gmw_monitoringtube.href": "https://api.pdok.nl/tno/bro-grondwatermonitoring-in-samenhang-karakteristieken/ogc/v1/collections/gm_gmw_monitoringtube/items/434f4e3b-a5ef-5356-8f4a-f4ea8a36a0ba", "gm_gmw_monitoringtube_fk": 20737, "bro_id": "GAR000000000216", "delivery_accountable_party": "30277172", "quality_regime": "IMBRO/A", "object_registration_time": "2022-11-25T10:27:00+01:00", "latest_addition_time": null, "registration_completion_time": "2022-11-25T10:27:00+01:00", "latest_correction_time": null, "under_review_time": null, "sampling_date_time": "2006-04-13T12:00:00+02:00", "imbro_xml_url": "https://publiek.broservices.nl/gm/gar/v1/objects/GAR000000000216"}, "geometry": {"type": "Point", "coordinates": [5.15248536, 52.12096444]}, "id": "b52ff6cb-10dc-5171-b47c-65be1d9b0387"}, {"type": "Feature", "properties": {"gm_gar_pk": 198, "gm_gmw_monitoringtube.href": "https://api.pdok.nl/tno/bro-grondwatermonitoring-in-samenhang-karakteristieken/ogc/v1/collections/gm_gmw_monitoringtube/items/434f4e3b-a5ef-5356-8f4a-f4ea8a36a0ba", "gm_gmw_monitoringtube_fk": 20737, "bro_id": "GAR000000000217", "delivery_accountable_party": "30277172", "quality_regime": "IMBRO/A", "object_registration_time": "2022-11-25T10:27:02+01:00", "latest_addition_time": null, "registration_completion_time": "2022-11-25T10:27:02+01:00", "latest_correction_time": null, "under_review_time": null, "sampling_date_time": "2007-09-01T12:00:00+02:00", "imbro_xml_url": "https://publiek.broservices.nl/gm/gar/v1/objects/GAR000000000217"}, "geometry": {"type": "Point", "coordinates": [5.15248536, 52.12096444]}, "id": "08ff509e-943d-5dd2-9610-6d55fa5b5b2e"}, {"type": "Feature", "properties": {"gm_gar_pk": 199, "gm_gmw_monitoringtube.href": "https://api.pdok.nl/tno/bro-grondwatermonitoring-in-samenhang-karakteristieken/ogc/v1/collections/gm_gmw_monitoringtube/items/434f4e3b-a5ef-5356-8f4a-f4ea8a36a0ba", "gm_gmw_monitoringtube_fk": 20737, "bro_id": "GAR000000000218", "delivery_accountable_party": "30277172", "quality_regime": "IMBRO/A", "object_registration_time": "2022-11-25T10:27:04+01:00", "latest_addition_time": null, "registration_completion_time": "2022-11-25T10:27:04+01:00", "latest_correction_time": null, "under_review_time": null, "sampling_date_time": "2008-09-16T12:00:00+02:00", "imbro_xml_url": "https://publiek.broservices.nl/gm/gar/v1/objects/GAR000000000218"}, "geometry": {"type": "Point", "coordinates": [5.15248536, 52.12096444]}, "id": "3107615c-34d3-5f46-874d-4af2d8d81225"}, {"type": "Feature", "properties": {"gm_gar_pk": 200, "gm_gmw_monitoringtube.href": "https://api.pdok.nl/tno/bro-grondwatermonitoring-in-samenhang-karakteristieken/ogc/v1/collections/gm_gmw_monitoringtube/items/434f4e3b-a5ef-5356-8f4a-f4ea8a36a0ba", "gm_gmw_monitoringtube_fk": 20737, "bro_id": "GAR000000000219", "delivery_accountable_party": "30277172", "quality_regime": "IMBRO/A", "object_registration_time": "2022-11-25T10:27:06+01:00", "latest_addition_time": null, "registration_completion_time": "2022-11-25T10:27:06+01:00", "latest_correction_time": null, "under_review_time": null, "sampling_date_time": "2010-03-18T11:00:00+01:00", "imbro_xml_url": "https://publiek.broservices.nl/gm/gar/v1/objects/GAR000000000219"}, "geometry": {"type": "Point", "coordinates": [5.15248536, 52.12096444]}, "id": "82537c8c-e157-5bbf-bbc1-696c8ac10088"}, {"type": "Feature", "properties": {"gm_gar_pk": 201, "gm_gmw_monitoringtube.href": "https://api.pdok.nl/tno/bro-grondwatermonitoring-in-samenhang-karakteristieken/ogc/v1/collections/gm_gmw_monitoringtube/items/434f4e3b-a5ef-5356-8f4a-f4ea8a36a0ba", "gm_gmw_monitoringtube_fk": 20737, "bro_id": "GAR000000000220", "delivery_accountable_party": "30277172", "quality_regime": "IMBRO/A", "object_registration_time": "2022-11-25T10:27:08+01:00", "latest_addition_time": null, "registration_completion_time": "2022-11-25T10:27:08+01:00", "latest_correction_time": null, "under_review_time": null, "sampling_date_time": "2012-03-12T11:00:00+01:00", "imbro_xml_url": "https://publiek.broservices.nl/gm/gar/v1/objects/GAR000000000220"}, "geometry": {"type": "Point", "coordinates": [5.15248536, 52.12096444]}, "id": "28acd8ed-7579-599b-8c94-040a167ae2c5"}, {"type": "Feature", "properties": {"gm_gar_pk": 202, "gm_gmw_monitoringtube.href": "https://api.pdok.nl/tno/bro-grondwatermonitoring-in-samenhang-karakteristieken/ogc/v1/collections/gm_gmw_monitoringtube/items/1383248e-ba7b-5165-8943-39342b010013", "gm_gmw_monitoringtube_fk": 20738, "bro_id": "GAR000000000221", "delivery_accountable_party": "30277172", "quality_regime": "IMBRO/A", "object_registration_time": "2022-11-25T10:27:09+01:00", "latest_addition_time": null, "registration_completion_time": "2022-11-25T10:27:09+01:00", "latest_correction_time": null, "under_review_time": null, "sampling_date_time": "1991-07-19T12:00:00+02:00", "imbro_xml_url": "https://publiek.broservices.nl/gm/gar/v1/objects/GAR000000000221"}, "geometry": {"type": "Point", "coordinates": [5.15248536, 52.12096444]}, "id": "c93028a6-eb24-52c0-b29b-cbaa6845ccc6"}, {"type": "Feature", "properties": {"gm_gar_pk": 203, "gm_gmw_monitoringtube.href": "https://api.pdok.nl/tno/bro-grondwatermonitoring-in-samenhang-karakteristieken/ogc/v1/collections/gm_gmw_monitoringtube/items/f7696190-b3cf-54d5-a37f-f19989d7cc80", "gm_gmw_monitoringtube_fk": 20739, "bro_id": "GAR000000000222", "delivery_accountable_party": "30277172", "quality_regime": "IMBRO/A", "object_registration_time": "2022-11-25T10:27:11+01:00", "latest_addition_time": null, "registration_completion_time": "2022-11-25T10:27:11+01:00", "latest_correction_time": null, "under_review_time": null, "sampling_date_time": "1991-07-19T12:00:00+02:00", "imbro_xml_url": "https://publiek.broservices.nl/gm/gar/v1/objects/GAR000000000222"}, "geometry": {"type": "Point", "coordinates": [5.15248536, 52.12096444]}, "id": "a2a3c3f3-bbac-5079-86c8-2dd9fe95ea1a"}, {"type": "Feature", "properties": {"gm_gar_pk": 204, "gm_gmw_monitoringtube.href": "https://api.pdok.nl/tno/bro-grondwatermonitoring-in-samenhang-karakteristieken/ogc/v1/collections/gm_gmw_monitoringtube/items/f7696190-b3cf-54d5-a37f-f19989d7cc80", "gm_gmw_monitoringtube_fk": 20739, "bro_id": "GAR000000000223", "delivery_accountable_party": "30277172", "quality_regime": "IMBRO/A", "object_registration_time": "2022-11-25T10:27:13+01:00", "latest_addition_time": null, "registration_completion_time": "2022-11-25T10:27:13+01:00", "latest_correction_time": null, "under_review_time": null, "sampling_date_time": "1992-09-21T12:00:00+02:00", "imbro_xml_url": "https://publiek.broservices.nl/gm/gar/v1/objects/GAR000000000223"}, "geometry": {"type": "Point", "coordinates": [5.15248536, 52.12096444]}, "id": "5ce120b3-ec61-5b81-a09f-0edee8101fe6"}, {"type": "Feature", "properties": {"gm_gar_pk": 205, "gm_gmw_monitoringtube.href": "https://api.pdok.nl/tno/bro-grondwatermonitoring-in-samenhang-karakteristieken/ogc/v1/collections/gm_gmw_monitoringtube/items/f7696190-b3cf-54d5-a37f-f19989d7cc80", "gm_gmw_monitoringtube_fk": 20739, "bro_id": "GAR000000000224", "delivery_accountable_party": "30277172", "quality_regime": "IMBRO/A", "object_registration_time": "2022-11-25T10:27:15+01:00", "latest_addition_time": null, "registration_completion_time": "2022-11-25T10:27:15+01:00", "latest_correction_time": null, "under_review_time": null, "sampling_date_time": "1993-06-28T12:00:00+02:00", "imbro_xml_url": "https://publiek.broservices.nl/gm/gar/v1/objects/GAR000000000224"}, "geometry": {"type": "Point", "coordinates": [5.15248536, 52.12096444]}, "id": "a1393005-7f93-51d2-9bf8-2cd192c8ce8d"}, {"type": "Feature", "properties": {"gm_gar_pk": 206, "gm_gmw_monitoringtube.href": "https://api.pdok.nl/tno/bro-grondwatermonitoring-in-samenhang-karakteristieken/ogc/v1/collections/gm_gmw_monitoringtube/items/f7696190-b3cf-54d5-a37f-f19989d7cc80", "gm_gmw_monitoringtube_fk": 20739, "bro_id": "GAR000000000225", "delivery_accountable_party": "30277172", "quality_regime": "IMBRO/A", "object_registration_time": "2022-11-25T10:27:17+01:00", "latest_addition_time": null, "registration_completion_time": "2022-11-25T10:27:17+01:00", "latest_correction_time": null, "under_review_time": null, "sampling_date_time": "1994-04-27T12:00:00+02:00", "imbro_xml_url": "https://publiek.broservices.nl/gm/gar/v1/objects/GAR000000000225"}, "geometry": {"type": "Point", "coordinates": [5.15248536, 52.12096444]}, "id": "fef609a5-bbb9-5b5f-b9d0-db5753594fa7"}, {"type": "Feature", "properties": {"gm_gar_pk": 207, "gm_gmw_monitoringtube.href": "https://api.pdok.nl/tno/bro-grondwatermonitoring-in-samenhang-karakteristieken/ogc/v1/collections/gm_gmw_monitoringtube/items/f7696190-b3cf-54d5-a37f-f19989d7cc80", "gm_gmw_monitoringtube_fk": 20739, "bro_id": "GAR000000000226", "delivery_accountable_party": "30277172", "quality_regime": "IMBRO/A", "object_registration_time": "2022-11-25T10:27:19+01:00", "latest_addition_time": null, "registration_completion_time": "2022-11-25T10:27:19+01:00", "latest_correction_time": null, "under_review_time": null, "sampling_date_time": "1995-04-21T12:00:00+02:00", "imbro_xml_url": "https://publiek.broservices.nl/gm/gar/v1/objects/GAR000000000226"}, "geometry": {"type": "Point", "coordinates": [5.15248536, 52.12096444]}, "id": "6180ac9a-fecb-5921-acde-994b95a71c8a"}, {"type": "Feature", "properties": {"gm_gar_pk": 208, "gm_gmw_monitoringtube.href": "https://api.pdok.nl/tno/bro-grondwatermonitoring-in-samenhang-karakteristieken/ogc/v1/collections/gm_gmw_monitoringtube/items/f7696190-b3cf-54d5-a37f-f19989d7cc80", "gm_gmw_monitoringtube_fk": 20739, "bro_id": "GAR000000000227", "delivery_accountable_party": "30277172", "quality_regime": "IMBRO/A", "object_registration_time": "2022-11-25T10:27:20+01:00", "latest_addition_time": null, "registration_completion_time": "2022-11-25T10:27:20+01:00", "latest_correction_time": null, "under_review_time": null, "sampling_date_time": "2003-01-01T11:00:00+01:00", "imbro_xml_url": "https://publiek.broservices.nl/gm/gar/v1/objects/GAR000000000227"}, "geometry": {"type": "Point", "coordinates": [5.15248536, 52.12096444]}, "id": "a85cbf10-8e55-596d-8d87-f75c13056ad3"}, {"type": "Feature", "properties": {"gm_gar_pk": 209, "gm_gmw_monitoringtube.href": "https://api.pdok.nl/tno/bro-grondwatermonitoring-in-samenhang-karakteristieken/ogc/v1/collections/gm_gmw_monitoringtube/items/f7696190-b3cf-54d5-a37f-f19989d7cc80", "gm_gmw_monitoringtube_fk": 20739, "bro_id": "GAR000000000228", "delivery_accountable_party": "30277172", "quality_regime": "IMBRO/A", "object_registration_time": "2022-11-25T10:27:22+01:00", "latest_addition_time": null, "registration_completion_time": "2022-11-25T10:27:22+01:00", "latest_correction_time": null, "under_review_time": null, "sampling_date_time": "2004-01-01T11:00:00+01:00", "imbro_xml_url": "https://publiek.broservices.nl/gm/gar/v1/objects/GAR000000000228"}, "geometry": {"type": "Point", "coordinates": [5.15248536, 52.12096444]}, "id": "81f8b118-c099-5fd3-ac39-893cca2183d2"}, {"type": "Feature", "properties": {"gm_gar_pk": 210, "gm_gmw_monitoringtube.href": "https://api.pdok.nl/tno/bro-grondwatermonitoring-in-samenhang-karakteristieken/ogc/v1/collections/gm_gmw_monitoringtube/items/f7696190-b3cf-54d5-a37f-f19989d7cc80", "gm_gmw_monitoringtube_fk": 20739, "bro_id": "GAR000000000229", "delivery_accountable_party": "30277172", "quality_regime": "IMBRO/A", "object_registration_time": "2022-11-25T10:27:24+01:00", "latest_addition_time": null, "registration_completion_time": "2022-11-25T10:27:24+01:00", "latest_correction_time": null, "under_review_time": null, "sampling_date_time": "2006-04-13T12:00:00+02:00", "imbro_xml_url": "https://publiek.broservices.nl/gm/gar/v1/objects/GAR000000000229"}, "geometry": {"type": "Point", "coordinates": [5.15248536, 52.12096444]}, "id": "504533ec-8db8-5068-b591-7070db50fca9"}, {"type": "Feature", "properties": {"gm_gar_pk": 211, "gm_gmw_monitoringtube.href": "https://api.pdok.nl/tno/bro-grondwatermonitoring-in-samenhang-karakteristieken/ogc/v1/collections/gm_gmw_monitoringtube/items/f7696190-b3cf-54d5-a37f-f19989d7cc80", "gm_gmw_monitoringtube_fk": 20739, "bro_id": "GAR000000000230", "delivery_accountable_party": "30277172", "quality_regime": "IMBRO/A", "object_registration_time": "2022-11-25T10:27:27+01:00", "latest_addition_time": null, "registration_completion_time": "2022-11-25T10:27:27+01:00", "latest_correction_time": null, "under_review_time": null, "sampling_date_time": "2007-09-01T12:00:00+02:00", "imbro_xml_url": "https://publiek.broservices.nl/gm/gar/v1/objects/GAR000000000230"}, "geometry": {"type": "Point", "coordinates": [5.15248536, 52.12096444]}, "id": "fe75883e-da56-59dd-8d2c-642858aa5dbd"}, {"type": "Feature", "properties": {"gm_gar_pk": 212, "gm_gmw_monitoringtube.href": "https://api.pdok.nl/tno/bro-grondwatermonitoring-in-samenhang-karakteristieken/ogc/v1/collections/gm_gmw_monitoringtube/items/f7696190-b3cf-54d5-a37f-f19989d7cc80", "gm_gmw_monitoringtube_fk": 20739, "bro_id": "GAR000000000231", "delivery_accountable_party": "30277172", "quality_regime": "IMBRO/A", "object_registration_time": "2022-11-25T10:27:29+01:00", "latest_addition_time": null, "registration_completion_time": "2022-11-25T10:27:29+01:00", "latest_correction_time": null, "under_review_time": null, "sampling_date_time": "2008-09-16T12:00:00+02:00", "imbro_xml_url": "https://publiek.broservices.nl/gm/gar/v1/objects/GAR000000000231"}, "geometry": {"type": "Point", "coordinates": [5.15248536, 52.12096444]}, "id": "649e5dfe-b78b-5b63-bce5-7b1891b293fa"}, {"type": "Feature", "properties": {"gm_gar_pk": 213, "gm_gmw_monitoringtube.href": "https://api.pdok.nl/tno/bro-grondwatermonitoring-in-samenhang-karakteristieken/ogc/v1/collections/gm_gmw_monitoringtube/items/f7696190-b3cf-54d5-a37f-f19989d7cc80", "gm_gmw_monitoringtube_fk": 20739, "bro_id": "GAR000000000232", "delivery_accountable_party": "30277172", "quality_regime": "IMBRO/A", "object_registration_time": "2022-11-25T10:27:30+01:00", "latest_addition_time": null, "registration_completion_time": "2022-11-25T10:27:30+01:00", "latest_correction_time": null, "under_review_time": null, "sampling_date_time": "2009-11-05T11:00:00+01:00", "imbro_xml_url": "https://publiek.broservices.nl/gm/gar/v1/objects/GAR000000000232"}, "geometry": {"type": "Point", "coordinates": [5.15248536, 52.12096444]}, "id": "41c2e30a-a736-5bb0-9ac1-40b3658e82cb"}, {"type": "Feature", "properties": {"gm_gar_pk": 214, "gm_gmw_monitoringtube.href": "https://api.pdok.nl/tno/bro-grondwatermonitoring-in-samenhang-karakteristieken/ogc/v1/collections/gm_gmw_monitoringtube/items/f7696190-b3cf-54d5-a37f-f19989d7cc80", "gm_gmw_monitoringtube_fk": 20739, "bro_id": "GAR000000000233", "delivery_accountable_party": "30277172", "quality_regime": "IMBRO/A", "object_registration_time": "2022-11-25T10:27:32+01:00", "latest_addition_time": null, "registration_completion_time": "2022-11-25T10:27:32+01:00", "latest_correction_time": null, "under_review_time": null, "sampling_date_time": "2010-03-18T11:00:00+01:00", "imbro_xml_url": "https://publiek.broservices.nl/gm/gar/v1/objects/GAR000000000233"}, "geometry": {"type": "Point", "coordinates": [5.15248536, 52.12096444]}, "id": "09cc14d4-1282-5d24-962b-074f7c922d61"}, {"type": "Feature", "properties": {"gm_gar_pk": 215, "gm_gmw_monitoringtube.href": "https://api.pdok.nl/tno/bro-grondwatermonitoring-in-samenhang-karakteristieken/ogc/v1/collections/gm_gmw_monitoringtube/items/f7696190-b3cf-54d5-a37f-f19989d7cc80", "gm_gmw_monitoringtube_fk": 20739, "bro_id": "GAR000000000234", "delivery_accountable_party": "30277172", "quality_regime": "IMBRO/A", "object_registration_time": "2022-11-25T10:27:34+01:00", "latest_addition_time": null, "registration_completion_time": "2022-11-25T10:27:34+01:00", "latest_correction_time": null, "under_review_time": null, "sampling_date_time": "2012-03-12T11:00:00+01:00", "imbro_xml_url": "https://publiek.broservices.nl/gm/gar/v1/objects/GAR000000000234"}, "geometry": {"type": "Point", "coordinates": [5.15248536, 52.12096444]}, "id": "6f84e254-f06c-5ea6-bde0-6ae4bc955865"}, {"type": "Feature", "properties": {"gm_gar_pk": 216, "gm_gmw_monitoringtube.href": "https://api.pdok.nl/tno/bro-grondwatermonitoring-in-samenhang-karakteristieken/ogc/v1/collections/gm_gmw_monitoringtube/items/7a208f61-70ed-5d92-950e-8a5759d462c2", "gm_gmw_monitoringtube_fk": 20762, "bro_id": "GAR000000000235", "delivery_accountable_party": "30277172", "quality_regime": "IMBRO/A", "object_registration_time": "2022-11-25T10:27:36+01:00", "latest_addition_time": null, "registration_completion_time": "2022-11-25T10:27:36+01:00", "latest_correction_time": null, "under_review_time": null, "sampling_date_time": "1991-12-09T11:00:00+01:00", "imbro_xml_url": "https://publiek.broservices.nl/gm/gar/v1/objects/GAR000000000235"}, "geometry": {"type": "Point", "coordinates": [5.06205912, 52.10686352]}, "id": "4a47028f-68d5-5016-b505-12efc646bb39"}, {"type": "Feature", "properties": {"gm_gar_pk": 217, "gm_gmw_monitoringtube.href": "https://api.pdok.nl/tno/bro-grondwatermonitoring-in-samenhang-karakteristieken/ogc/v1/collections/gm_gmw_monitoringtube/items/7a208f61-70ed-5d92-950e-8a5759d462c2", "gm_gmw_monitoringtube_fk": 20762, "bro_id": "GAR000000000236", "delivery_accountable_party": "30277172", "quality_regime": "IMBRO/A", "object_registration_time": "2022-11-25T10:27:38+01:00", "latest_addition_time": null, "registration_completion_time": "2022-11-25T10:27:38+01:00", "latest_correction_time": null, "under_review_time": null, "sampling_date_time": "1992-08-14T12:00:00+02:00", "imbro_xml_url": "https://publiek.broservices.nl/gm/gar/v1/objects/GAR000000000236"}, "geometry": {"type": "Point", "coordinates": [5.06205912, 52.10686352]}, "id": "2bf1e44b-0b33-55ef-896f-e34c82852d6c"}, {"type": "Feature", "properties": {"gm_gar_pk": 218, "gm_gmw_monitoringtube.href": "https://api.pdok.nl/tno/bro-grondwatermonitoring-in-samenhang-karakteristieken/ogc/v1/collections/gm_gmw_monitoringtube/items/7a208f61-70ed-5d92-950e-8a5759d462c2", "gm_gmw_monitoringtube_fk": 20762, "bro_id": "GAR000000000237", "delivery_accountable_party": "30277172", "quality_regime": "IMBRO/A", "object_registration_time": "2022-11-25T10:27:40+01:00", "latest_addition_time": null, "registration_completion_time": "2022-11-25T10:27:40+01:00", "latest_correction_time": null, "under_review_time": null, "sampling_date_time": "1993-07-16T12:00:00+02:00", "imbro_xml_url": "https://publiek.broservices.nl/gm/gar/v1/objects/GAR000000000237"}, "geometry": {"type": "Point", "coordinates": [5.06205912, 52.10686352]}, "id": "6ef31cd4-e795-5d94-9dd8-5ffe42f4dc6f"}, {"type": "Feature", "properties": {"gm_gar_pk": 219, "gm_gmw_monitoringtube.href": "https://api.pdok.nl/tno/bro-grondwatermonitoring-in-samenhang-karakteristieken/ogc/v1/collections/gm_gmw_monitoringtube/items/ba726a2d-5dbc-5e17-a536-aa3cbcdc25bc", "gm_gmw_monitoringtube_fk": 20763, "bro_id": "GAR000000000238", "delivery_accountable_party": "30277172", "quality_regime": "IMBRO/A", "object_registration_time": "2022-11-25T10:27:42+01:00", "latest_addition_time": null, "registration_completion_time": "2022-11-25T10:27:42+01:00", "latest_correction_time": null, "under_review_time": null, "sampling_date_time": "1991-12-09T11:00:00+01:00", "imbro_xml_url": "https://publiek.broservices.nl/gm/gar/v1/objects/GAR000000000238"}, "geometry": {"type": "Point", "coordinates": [5.06205912, 52.10686352]}, "id": "9ba01acb-1813-5159-b7d2-e98cd90d9ce8"}, {"type": "Feature", "properties": {"gm_gar_pk": 220, "gm_gmw_monitoringtube.href": "https://api.pdok.nl/tno/bro-grondwatermonitoring-in-samenhang-karakteristieken/ogc/v1/collections/gm_gmw_monitoringtube/items/98035913-24e2-5833-ae31-e153b4c3238d", "gm_gmw_monitoringtube_fk": 20764, "bro_id": "GAR000000000239", "delivery_accountable_party": "30277172", "quality_regime": "IMBRO/A", "object_registration_time": "2022-11-25T10:27:44+01:00", "latest_addition_time": null, "registration_completion_time": "2022-11-25T10:27:44+01:00", "latest_correction_time": null, "under_review_time": null, "sampling_date_time": "1991-12-09T11:00:00+01:00", "imbro_xml_url": "https://publiek.broservices.nl/gm/gar/v1/objects/GAR000000000239"}, "geometry": {"type": "Point", "coordinates": [5.06205912, 52.10686352]}, "id": "e791ef82-4d2f-53dc-9fba-bdca411c448f"}, {"type": "Feature", "properties": {"gm_gar_pk": 221, "gm_gmw_monitoringtube.href": "https://api.pdok.nl/tno/bro-grondwatermonitoring-in-samenhang-karakteristieken/ogc/v1/collections/gm_gmw_monitoringtube/items/98035913-24e2-5833-ae31-e153b4c3238d", "gm_gmw_monitoringtube_fk": 20764, "bro_id": "GAR000000000240", "delivery_accountable_party": "30277172", "quality_regime": "IMBRO/A", "object_registration_time": "2022-11-25T10:27:45+01:00", "latest_addition_time": null, "registration_completion_time": "2022-11-25T10:27:45+01:00", "latest_correction_time": null, "under_review_time": null, "sampling_date_time": "1992-08-14T12:00:00+02:00", "imbro_xml_url": "https://publiek.broservices.nl/gm/gar/v1/objects/GAR000000000240"}, "geometry": {"type": "Point", "coordinates": [5.06205912, 52.10686352]}, "id": "e71134fb-7b15-55e7-a4c0-3763916fe020"}, {"type": "Feature", "properties": {"gm_gar_pk": 222, "gm_gmw_monitoringtube.href": "https://api.pdok.nl/tno/bro-grondwatermonitoring-in-samenhang-karakteristieken/ogc/v1/collections/gm_gmw_monitoringtube/items/98035913-24e2-5833-ae31-e153b4c3238d", "gm_gmw_monitoringtube_fk": 20764, "bro_id": "GAR000000000241", "delivery_accountable_party": "30277172", "quality_regime": "IMBRO/A", "object_registration_time": "2022-11-25T10:27:47+01:00", "latest_addition_time": null, "registration_completion_time": "2022-11-25T10:27:47+01:00", "latest_correction_time": null, "under_review_time": null, "sampling_date_time": "1993-07-16T12:00:00+02:00", "imbro_xml_url": "https://publiek.broservices.nl/gm/gar/v1/objects/GAR000000000241"}, "geometry": {"type": "Point", "coordinates": [5.06205912, 52.10686352]}, "id": "db4e580a-6ba7-51f6-809a-ae2f665ff86c"}, {"type": "Feature", "properties": {"gm_gar_pk": 223, "gm_gmw_monitoringtube.href": "https://api.pdok.nl/tno/bro-grondwatermonitoring-in-samenhang-karakteristieken/ogc/v1/collections/gm_gmw_monitoringtube/items/cecb37d0-f126-53f5-86eb-102f5c7d7433", "gm_gmw_monitoringtube_fk": 20751, "bro_id": "GAR000000000242", "delivery_accountable_party": "30277172", "quality_regime": "IMBRO/A", "object_registration_time": "2022-11-25T10:27:49+01:00", "latest_addition_time": null, "registration_completion_time": "2022-11-25T10:27:49+01:00", "latest_correction_time": null, "under_review_time": null, "sampling_date_time": "1991-07-08T12:00:00+02:00", "imbro_xml_url": "https://publiek.broservices.nl/gm/gar/v1/objects/GAR000000000242"}, "geometry": {"type": "Point", "coordinates": [5.16741932, 52.06814342]}, "id": "720a5ba4-c6a3-5b7c-9e15-dc5aeec44c77"}, {"type": "Feature", "properties": {"gm_gar_pk": 224, "gm_gmw_monitoringtube.href": "https://api.pdok.nl/tno/bro-grondwatermonitoring-in-samenhang-karakteristieken/ogc/v1/collections/gm_gmw_monitoringtube/items/cecb37d0-f126-53f5-86eb-102f5c7d7433", "gm_gmw_monitoringtube_fk": 20751, "bro_id": "GAR000000000243", "delivery_accountable_party": "30277172", "quality_regime": "IMBRO/A", "object_registration_time": "2022-11-25T10:27:51+01:00", "latest_addition_time": null, "registration_completion_time": "2022-11-25T10:27:51+01:00", "latest_correction_time": null, "under_review_time": null, "sampling_date_time": "1992-08-19T12:00:00+02:00", "imbro_xml_url": "https://publiek.broservices.nl/gm/gar/v1/objects/GAR000000000243"}, "geometry": {"type": "Point", "coordinates": [5.16741932, 52.06814342]}, "id": "d3779745-5236-5e60-b95f-818bfef97723"}, {"type": "Feature", "properties": {"gm_gar_pk": 225, "gm_gmw_monitoringtube.href": "https://api.pdok.nl/tno/bro-grondwatermonitoring-in-samenhang-karakteristieken/ogc/v1/collections/gm_gmw_monitoringtube/items/cecb37d0-f126-53f5-86eb-102f5c7d7433", "gm_gmw_monitoringtube_fk": 20751, "bro_id": "GAR000000000244", "delivery_accountable_party": "30277172", "quality_regime": "IMBRO/A", "object_registration_time": "2022-11-25T10:27:53+01:00", "latest_addition_time": null, "registration_completion_time": "2022-11-25T10:27:53+01:00", "latest_correction_time": null, "under_review_time": null, "sampling_date_time": "1993-07-08T12:00:00+02:00", "imbro_xml_url": "https://publiek.broservices.nl/gm/gar/v1/objects/GAR000000000244"}, "geometry": {"type": "Point", "coordinates": [5.16741932, 52.06814342]}, "id": "1e4b5656-4da0-5528-a725-0fc57fbd90b9"}, {"type": "Feature", "properties": {"gm_gar_pk": 226, "gm_gmw_monitoringtube.href": "https://api.pdok.nl/tno/bro-grondwatermonitoring-in-samenhang-karakteristieken/ogc/v1/collections/gm_gmw_monitoringtube/items/cecb37d0-f126-53f5-86eb-102f5c7d7433", "gm_gmw_monitoringtube_fk": 20751, "bro_id": "GAR000000000245", "delivery_accountable_party": "30277172", "quality_regime": "IMBRO/A", "object_registration_time": "2022-11-25T10:27:55+01:00", "latest_addition_time": null, "registration_completion_time": "2022-11-25T10:27:55+01:00", "latest_correction_time": null, "under_review_time": null, "sampling_date_time": "1994-04-12T12:00:00+02:00", "imbro_xml_url": "https://publiek.broservices.nl/gm/gar/v1/objects/GAR000000000245"}, "geometry": {"type": "Point", "coordinates": [5.16741932, 52.06814342]}, "id": "17cb84b3-35eb-5339-9e03-755ba663ebb6"}, {"type": "Feature", "properties": {"gm_gar_pk": 227, "gm_gmw_monitoringtube.href": "https://api.pdok.nl/tno/bro-grondwatermonitoring-in-samenhang-karakteristieken/ogc/v1/collections/gm_gmw_monitoringtube/items/cecb37d0-f126-53f5-86eb-102f5c7d7433", "gm_gmw_monitoringtube_fk": 20751, "bro_id": "GAR000000000246", "delivery_accountable_party": "30277172", "quality_regime": "IMBRO/A", "object_registration_time": "2022-11-25T10:27:57+01:00", "latest_addition_time": null, "registration_completion_time": "2022-11-25T10:27:57+01:00", "latest_correction_time": null, "under_review_time": null, "sampling_date_time": "1995-04-13T12:00:00+02:00", "imbro_xml_url": "https://publiek.broservices.nl/gm/gar/v1/objects/GAR000000000246"}, "geometry": {"type": "Point", "coordinates": [5.16741932, 52.06814342]}, "id": "606cfe84-d036-5264-9408-4ee1e7df52c3"}, {"type": "Feature", "properties": {"gm_gar_pk": 228, "gm_gmw_monitoringtube.href": "https://api.pdok.nl/tno/bro-grondwatermonitoring-in-samenhang-karakteristieken/ogc/v1/collections/gm_gmw_monitoringtube/items/cecb37d0-f126-53f5-86eb-102f5c7d7433", "gm_gmw_monitoringtube_fk": 20751, "bro_id": "GAR000000000247", "delivery_accountable_party": "30277172", "quality_regime": "IMBRO/A", "object_registration_time": "2022-11-25T10:27:59+01:00", "latest_addition_time": null, "registration_completion_time": "2022-11-25T10:27:59+01:00", "latest_correction_time": null, "under_review_time": null, "sampling_date_time": "2003-01-01T11:00:00+01:00", "imbro_xml_url": "https://publiek.broservices.nl/gm/gar/v1/objects/GAR000000000247"}, "geometry": {"type": "Point", "coordinates": [5.16741932, 52.06814342]}, "id": "707bca60-e1f1-5705-b375-816a3e15e9ea"}, {"type": "Feature", "properties": {"gm_gar_pk": 229, "gm_gmw_monitoringtube.href": "https://api.pdok.nl/tno/bro-grondwatermonitoring-in-samenhang-karakteristieken/ogc/v1/collections/gm_gmw_monitoringtube/items/cecb37d0-f126-53f5-86eb-102f5c7d7433", "gm_gmw_monitoringtube_fk": 20751, "bro_id": "GAR000000000248", "delivery_accountable_party": "30277172", "quality_regime": "IMBRO/A", "object_registration_time": "2022-11-25T10:28:01+01:00", "latest_addition_time": null, "registration_completion_time": "2022-11-25T10:28:01+01:00", "latest_correction_time": null, "under_review_time": null, "sampling_date_time": "2007-09-01T12:00:00+02:00", "imbro_xml_url": "https://publiek.broservices.nl/gm/gar/v1/objects/GAR000000000248"}, "geometry": {"type": "Point", "coordinates": [5.16741932, 52.06814342]}, "id": "7dd2cf7b-be69-5a56-9520-9f7ba455e21a"}, {"type": "Feature", "properties": {"gm_gar_pk": 230, "gm_gmw_monitoringtube.href": "https://api.pdok.nl/tno/bro-grondwatermonitoring-in-samenhang-karakteristieken/ogc/v1/collections/gm_gmw_monitoringtube/items/cecb37d0-f126-53f5-86eb-102f5c7d7433", "gm_gmw_monitoringtube_fk": 20751, "bro_id": "GAR000000000249", "delivery_accountable_party": "30277172", "quality_regime": "IMBRO/A", "object_registration_time": "2022-11-25T10:28:03+01:00", "latest_addition_time": null, "registration_completion_time": "2022-11-25T10:28:03+01:00", "latest_correction_time": null, "under_review_time": null, "sampling_date_time": "2008-09-16T12:00:00+02:00", "imbro_xml_url": "https://publiek.broservices.nl/gm/gar/v1/objects/GAR000000000249"}, "geometry": {"type": "Point", "coordinates": [5.16741932, 52.06814342]}, "id": "134a3383-fe78-5f5a-a0d8-b9b8c4426e4e"}, {"type": "Feature", "properties": {"gm_gar_pk": 231, "gm_gmw_monitoringtube.href": "https://api.pdok.nl/tno/bro-grondwatermonitoring-in-samenhang-karakteristieken/ogc/v1/collections/gm_gmw_monitoringtube/items/bac80553-238c-5bce-b6b0-be7839083d61", "gm_gmw_monitoringtube_fk": 20752, "bro_id": "GAR000000000250", "delivery_accountable_party": "30277172", "quality_regime": "IMBRO/A", "object_registration_time": "2022-11-25T10:28:05+01:00", "latest_addition_time": null, "registration_completion_time": "2022-11-25T10:28:05+01:00", "latest_correction_time": null, "under_review_time": null, "sampling_date_time": "1991-07-08T12:00:00+02:00", "imbro_xml_url": "https://publiek.broservices.nl/gm/gar/v1/objects/GAR000000000250"}, "geometry": {"type": "Point", "coordinates": [5.16741932, 52.06814342]}, "id": "5fd6e62a-b4a2-59cc-8778-7a9875b5c451"}, {"type": "Feature", "properties": {"gm_gar_pk": 232, "gm_gmw_monitoringtube.href": "https://api.pdok.nl/tno/bro-grondwatermonitoring-in-samenhang-karakteristieken/ogc/v1/collections/gm_gmw_monitoringtube/items/01226186-4f66-5504-b2aa-d41a0584623d", "gm_gmw_monitoringtube_fk": 20753, "bro_id": "GAR000000000251", "delivery_accountable_party": "30277172", "quality_regime": "IMBRO/A", "object_registration_time": "2022-11-25T10:28:07+01:00", "latest_addition_time": null, "registration_completion_time": "2022-11-25T10:28:07+01:00", "latest_correction_time": null, "under_review_time": null, "sampling_date_time": "1991-07-08T12:00:00+02:00", "imbro_xml_url": "https://publiek.broservices.nl/gm/gar/v1/objects/GAR000000000251"}, "geometry": {"type": "Point", "coordinates": [5.16741932, 52.06814342]}, "id": "adc29050-6a4d-5c9f-8625-35083981a5b3"}, {"type": "Feature", "properties": {"gm_gar_pk": 233, "gm_gmw_monitoringtube.href": "https://api.pdok.nl/tno/bro-grondwatermonitoring-in-samenhang-karakteristieken/ogc/v1/collections/gm_gmw_monitoringtube/items/01226186-4f66-5504-b2aa-d41a0584623d", "gm_gmw_monitoringtube_fk": 20753, "bro_id": "GAR000000000252", "delivery_accountable_party": "30277172", "quality_regime": "IMBRO/A", "object_registration_time": "2022-11-25T10:28:09+01:00", "latest_addition_time": null, "registration_completion_time": "2022-11-25T10:28:09+01:00", "latest_correction_time": null, "under_review_time": null, "sampling_date_time": "1992-08-19T12:00:00+02:00", "imbro_xml_url": "https://publiek.broservices.nl/gm/gar/v1/objects/GAR000000000252"}, "geometry": {"type": "Point", "coordinates": [5.16741932, 52.06814342]}, "id": "dad78089-8bef-594f-9e0b-c8ccf68d450c"}, {"type": "Feature", "properties": {"gm_gar_pk": 234, "gm_gmw_monitoringtube.href": "https://api.pdok.nl/tno/bro-grondwatermonitoring-in-samenhang-karakteristieken/ogc/v1/collections/gm_gmw_monitoringtube/items/01226186-4f66-5504-b2aa-d41a0584623d", "gm_gmw_monitoringtube_fk": 20753, "bro_id": "GAR000000000253", "delivery_accountable_party": "30277172", "quality_regime": "IMBRO/A", "object_registration_time": "2022-11-25T10:28:11+01:00", "latest_addition_time": null, "registration_completion_time": "2022-11-25T10:28:11+01:00", "latest_correction_time": null, "under_review_time": null, "sampling_date_time": "1994-04-12T12:00:00+02:00", "imbro_xml_url": "https://publiek.broservices.nl/gm/gar/v1/objects/GAR000000000253"}, "geometry": {"type": "Point", "coordinates": [5.16741932, 52.06814342]}, "id": "a23f0890-2bba-5e7c-9fe1-92b88ae58cd1"}, {"type": "Feature", "properties": {"gm_gar_pk": 235, "gm_gmw_monitoringtube.href": "https://api.pdok.nl/tno/bro-grondwatermonitoring-in-samenhang-karakteristieken/ogc/v1/collections/gm_gmw_monitoringtube/items/01226186-4f66-5504-b2aa-d41a0584623d", "gm_gmw_monitoringtube_fk": 20753, "bro_id": "GAR000000000254", "delivery_accountable_party": "30277172", "quality_regime": "IMBRO/A", "object_registration_time": "2022-11-25T10:28:13+01:00", "latest_addition_time": null, "registration_completion_time": "2022-11-25T10:28:13+01:00", "latest_correction_time": null, "under_review_time": null, "sampling_date_time": "1995-04-13T12:00:00+02:00", "imbro_xml_url": "https://publiek.broservices.nl/gm/gar/v1/objects/GAR000000000254"}, "geometry": {"type": "Point", "coordinates": [5.16741932, 52.06814342]}, "id": "6dff3bad-4434-5a27-a561-4f4c87cedbfc"}, {"type": "Feature", "properties": {"gm_gar_pk": 236, "gm_gmw_monitoringtube.href": "https://api.pdok.nl/tno/bro-grondwatermonitoring-in-samenhang-karakteristieken/ogc/v1/collections/gm_gmw_monitoringtube/items/01226186-4f66-5504-b2aa-d41a0584623d", "gm_gmw_monitoringtube_fk": 20753, "bro_id": "GAR000000000255", "delivery_accountable_party": "30277172", "quality_regime": "IMBRO/A", "object_registration_time": "2022-11-25T10:28:14+01:00", "latest_addition_time": null, "registration_completion_time": "2022-11-25T10:28:14+01:00", "latest_correction_time": null, "under_review_time": null, "sampling_date_time": "2003-01-01T11:00:00+01:00", "imbro_xml_url": "https://publiek.broservices.nl/gm/gar/v1/objects/GAR000000000255"}, "geometry": {"type": "Point", "coordinates": [5.16741932, 52.06814342]}, "id": "cc8c2f44-af67-5321-83fd-c9a21b66d6f4"}, {"type": "Feature", "properties": {"gm_gar_pk": 237, "gm_gmw_monitoringtube.href": "https://api.pdok.nl/tno/bro-grondwatermonitoring-in-samenhang-karakteristieken/ogc/v1/collections/gm_gmw_monitoringtube/items/01226186-4f66-5504-b2aa-d41a0584623d", "gm_gmw_monitoringtube_fk": 20753, "bro_id": "GAR000000000256", "delivery_accountable_party": "30277172", "quality_regime": "IMBRO/A", "object_registration_time": "2022-11-25T10:28:16+01:00", "latest_addition_time": null, "registration_completion_time": "2022-11-25T10:28:16+01:00", "latest_correction_time": null, "under_review_time": null, "sampling_date_time": "2007-09-01T12:00:00+02:00", "imbro_xml_url": "https://publiek.broservices.nl/gm/gar/v1/objects/GAR000000000256"}, "geometry": {"type": "Point", "coordinates": [5.16741932, 52.06814342]}, "id": "1b491298-65a9-582a-991a-a4490fc2e3a8"}, {"type": "Feature", "properties": {"gm_gar_pk": 238, "gm_gmw_monitoringtube.href": "https://api.pdok.nl/tno/bro-grondwatermonitoring-in-samenhang-karakteristieken/ogc/v1/collections/gm_gmw_monitoringtube/items/01226186-4f66-5504-b2aa-d41a0584623d", "gm_gmw_monitoringtube_fk": 20753, "bro_id": "GAR000000000257", "delivery_accountable_party": "30277172", "quality_regime": "IMBRO/A", "object_registration_time": "2022-11-25T10:28:18+01:00", "latest_addition_time": null, "registration_completion_time": "2022-11-25T10:28:18+01:00", "latest_correction_time": null, "under_review_time": null, "sampling_date_time": "2008-09-16T12:00:00+02:00", "imbro_xml_url": "https://publiek.broservices.nl/gm/gar/v1/objects/GAR000000000257"}, "geometry": {"type": "Point", "coordinates": [5.16741932, 52.06814342]}, "id": "efb65dfd-418a-5869-8a16-0344393eaa83"}, {"type": "Feature", "properties": {"gm_gar_pk": 239, "gm_gmw_monitoringtube.href": "https://api.pdok.nl/tno/bro-grondwatermonitoring-in-samenhang-karakteristieken/ogc/v1/collections/gm_gmw_monitoringtube/items/a7416df0-f3dd-51c8-b175-47f492f05a08", "gm_gmw_monitoringtube_fk": 20828, "bro_id": "GAR000000000258", "delivery_accountable_party": "30277172", "quality_regime": "IMBRO/A", "object_registration_time": "2022-11-25T10:28:20+01:00", "latest_addition_time": null, "registration_completion_time": "2022-11-25T10:28:20+01:00", "latest_correction_time": null, "under_review_time": null, "sampling_date_time": "2006-03-02T11:00:00+01:00", "imbro_xml_url": "https://publiek.broservices.nl/gm/gar/v1/objects/GAR000000000258"}, "geometry": {"type": "Point", "coordinates": [5.03513998, 52.0496848]}, "id": "092d322b-7c8e-59b8-b46f-51051041692e"}, {"type": "Feature", "properties": {"gm_gar_pk": 240, "gm_gmw_monitoringtube.href": "https://api.pdok.nl/tno/bro-grondwatermonitoring-in-samenhang-karakteristieken/ogc/v1/collections/gm_gmw_monitoringtube/items/a7416df0-f3dd-51c8-b175-47f492f05a08", "gm_gmw_monitoringtube_fk": 20828, "bro_id": "GAR000000000259", "delivery_accountable_party": "30277172", "quality_regime": "IMBRO/A", "object_registration_time": "2022-11-25T10:28:22+01:00", "latest_addition_time": null, "registration_completion_time": "2022-11-25T10:28:22+01:00", "latest_correction_time": null, "under_review_time": null, "sampling_date_time": "2010-03-11T11:00:00+01:00", "imbro_xml_url": "https://publiek.broservices.nl/gm/gar/v1/objects/GAR000000000259"}, "geometry": {"type": "Point", "coordinates": [5.03513998, 52.0496848]}, "id": "2fe6bdab-eb65-596e-9ebb-c9a4420bc49a"}, {"type": "Feature", "properties": {"gm_gar_pk": 241, "gm_gmw_monitoringtube.href": "https://api.pdok.nl/tno/bro-grondwatermonitoring-in-samenhang-karakteristieken/ogc/v1/collections/gm_gmw_monitoringtube/items/a7416df0-f3dd-51c8-b175-47f492f05a08", "gm_gmw_monitoringtube_fk": 20828, "bro_id": "GAR000000000260", "delivery_accountable_party": "30277172", "quality_regime": "IMBRO/A", "object_registration_time": "2022-11-25T10:28:24+01:00", "latest_addition_time": null, "registration_completion_time": "2022-11-25T10:28:24+01:00", "latest_correction_time": null, "under_review_time": null, "sampling_date_time": "2012-02-28T11:00:00+01:00", "imbro_xml_url": "https://publiek.broservices.nl/gm/gar/v1/objects/GAR000000000260"}, "geometry": {"type": "Point", "coordinates": [5.03513998, 52.0496848]}, "id": "e2258a55-c8fd-56b5-a604-50d71b812fc3"}, {"type": "Feature", "properties": {"gm_gar_pk": 242, "gm_gmw_monitoringtube.href": "https://api.pdok.nl/tno/bro-grondwatermonitoring-in-samenhang-karakteristieken/ogc/v1/collections/gm_gmw_monitoringtube/items/a7416df0-f3dd-51c8-b175-47f492f05a08", "gm_gmw_monitoringtube_fk": 20828, "bro_id": "GAR000000000261", "delivery_accountable_party": "30277172", "quality_regime": "IMBRO/A", "object_registration_time": "2022-11-25T10:28:27+01:00", "latest_addition_time": null, "registration_completion_time": "2022-11-25T10:28:27+01:00", "latest_correction_time": null, "under_review_time": null, "sampling_date_time": "2015-06-15T12:00:00+02:00", "imbro_xml_url": "https://publiek.broservices.nl/gm/gar/v1/objects/GAR000000000261"}, "geometry": {"type": "Point", "coordinates": [5.03513998, 52.0496848]}, "id": "e777394e-24d2-5077-8545-ff76442c9649"}, {"type": "Feature", "properties": {"gm_gar_pk": 243, "gm_gmw_monitoringtube.href": "https://api.pdok.nl/tno/bro-grondwatermonitoring-in-samenhang-karakteristieken/ogc/v1/collections/gm_gmw_monitoringtube/items/a7416df0-f3dd-51c8-b175-47f492f05a08", "gm_gmw_monitoringtube_fk": 20828, "bro_id": "GAR000000000262", "delivery_accountable_party": "30277172", "quality_regime": "IMBRO/A", "object_registration_time": "2022-11-25T10:28:29+01:00", "latest_addition_time": null, "registration_completion_time": "2022-11-25T10:28:29+01:00", "latest_correction_time": null, "under_review_time": null, "sampling_date_time": "2018-05-14T12:00:00+02:00", "imbro_xml_url": "https://publiek.broservices.nl/gm/gar/v1/objects/GAR000000000262"}, "geometry": {"type": "Point", "coordinates": [5.03513998, 52.0496848]}, "id": "74256761-3665-59d7-9449-78812c8042a0"}, {"type": "Feature", "properties": {"gm_gar_pk": 244, "gm_gmw_monitoringtube.href": "https://api.pdok.nl/tno/bro-grondwatermonitoring-in-samenhang-karakteristieken/ogc/v1/collections/gm_gmw_monitoringtube/items/0ac7b2f9-c655-509b-bbb8-7b69b243504e", "gm_gmw_monitoringtube_fk": 20829, "bro_id": "GAR000000000263", "delivery_accountable_party": "30277172", "quality_regime": "IMBRO/A", "object_registration_time": "2022-11-25T10:28:31+01:00", "latest_addition_time": null, "registration_completion_time": "2022-11-25T10:28:31+01:00", "latest_correction_time": null, "under_review_time": null, "sampling_date_time": "1991-07-15T12:00:00+02:00", "imbro_xml_url": "https://publiek.broservices.nl/gm/gar/v1/objects/GAR000000000263"}, "geometry": {"type": "Point", "coordinates": [5.03513998, 52.0496848]}, "id": "d2276c90-2ada-571a-a714-d5fbe4eb6f66"}, {"type": "Feature", "properties": {"gm_gar_pk": 245, "gm_gmw_monitoringtube.href": "https://api.pdok.nl/tno/bro-grondwatermonitoring-in-samenhang-karakteristieken/ogc/v1/collections/gm_gmw_monitoringtube/items/0ac7b2f9-c655-509b-bbb8-7b69b243504e", "gm_gmw_monitoringtube_fk": 20829, "bro_id": "GAR000000000264", "delivery_accountable_party": "30277172", "quality_regime": "IMBRO/A", "object_registration_time": "2022-11-25T10:28:33+01:00", "latest_addition_time": null, "registration_completion_time": "2022-11-25T10:28:33+01:00", "latest_correction_time": null, "under_review_time": null, "sampling_date_time": "1992-08-13T12:00:00+02:00", "imbro_xml_url": "https://publiek.broservices.nl/gm/gar/v1/objects/GAR000000000264"}, "geometry": {"type": "Point", "coordinates": [5.03513998, 52.0496848]}, "id": "7947b063-2a0a-5247-8981-3b79fdf2d6cb"}, {"type": "Feature", "properties": {"gm_gar_pk": 246, "gm_gmw_monitoringtube.href": "https://api.pdok.nl/tno/bro-grondwatermonitoring-in-samenhang-karakteristieken/ogc/v1/collections/gm_gmw_monitoringtube/items/0ac7b2f9-c655-509b-bbb8-7b69b243504e", "gm_gmw_monitoringtube_fk": 20829, "bro_id": "GAR000000000265", "delivery_accountable_party": "30277172", "quality_regime": "IMBRO/A", "object_registration_time": "2022-11-25T10:28:35+01:00", "latest_addition_time": null, "registration_completion_time": "2022-11-25T10:28:35+01:00", "latest_correction_time": null, "under_review_time": null, "sampling_date_time": "1993-06-30T12:00:00+02:00", "imbro_xml_url": "https://publiek.broservices.nl/gm/gar/v1/objects/GAR000000000265"}, "geometry": {"type": "Point", "coordinates": [5.03513998, 52.0496848]}, "id": "7255e209-122b-568f-bee5-69562caf8b2c"}, {"type": "Feature", "properties": {"gm_gar_pk": 247, "gm_gmw_monitoringtube.href": "https://api.pdok.nl/tno/bro-grondwatermonitoring-in-samenhang-karakteristieken/ogc/v1/collections/gm_gmw_monitoringtube/items/0ac7b2f9-c655-509b-bbb8-7b69b243504e", "gm_gmw_monitoringtube_fk": 20829, "bro_id": "GAR000000000266", "delivery_accountable_party": "30277172", "quality_regime": "IMBRO/A", "object_registration_time": "2022-11-25T10:28:36+01:00", "latest_addition_time": null, "registration_completion_time": "2022-11-25T10:28:36+01:00", "latest_correction_time": null, "under_review_time": null, "sampling_date_time": "1994-04-26T12:00:00+02:00", "imbro_xml_url": "https://publiek.broservices.nl/gm/gar/v1/objects/GAR000000000266"}, "geometry": {"type": "Point", "coordinates": [5.03513998, 52.0496848]}, "id": "66a2a1e0-2b58-5f90-8a4d-50ffb1579886"}, {"type": "Feature", "properties": {"gm_gar_pk": 248, "gm_gmw_monitoringtube.href": "https://api.pdok.nl/tno/bro-grondwatermonitoring-in-samenhang-karakteristieken/ogc/v1/collections/gm_gmw_monitoringtube/items/0ac7b2f9-c655-509b-bbb8-7b69b243504e", "gm_gmw_monitoringtube_fk": 20829, "bro_id": "GAR000000000267", "delivery_accountable_party": "30277172", "quality_regime": "IMBRO/A", "object_registration_time": "2022-11-25T10:28:38+01:00", "latest_addition_time": null, "registration_completion_time": "2022-11-25T10:28:38+01:00", "latest_correction_time": null, "under_review_time": null, "sampling_date_time": "1995-04-03T12:00:00+02:00", "imbro_xml_url": "https://publiek.broservices.nl/gm/gar/v1/objects/GAR000000000267"}, "geometry": {"type": "Point", "coordinates": [5.03513998, 52.0496848]}, "id": "83669c05-0f43-569b-bf05-28301f1fb004"}, {"type": "Feature", "properties": {"gm_gar_pk": 249, "gm_gmw_monitoringtube.href": "https://api.pdok.nl/tno/bro-grondwatermonitoring-in-samenhang-karakteristieken/ogc/v1/collections/gm_gmw_monitoringtube/items/0ac7b2f9-c655-509b-bbb8-7b69b243504e", "gm_gmw_monitoringtube_fk": 20829, "bro_id": "GAR000000000268", "delivery_accountable_party": "30277172", "quality_regime": "IMBRO/A", "object_registration_time": "2022-11-25T10:28:40+01:00", "latest_addition_time": null, "registration_completion_time": "2022-11-25T10:28:40+01:00", "latest_correction_time": null, "under_review_time": null, "sampling_date_time": "2003-01-01T11:00:00+01:00", "imbro_xml_url": "https://publiek.broservices.nl/gm/gar/v1/objects/GAR000000000268"}, "geometry": {"type": "Point", "coordinates": [5.03513998, 52.0496848]}, "id": "6a79076f-7cf3-544a-9adf-3db3ddc245eb"}, {"type": "Feature", "properties": {"gm_gar_pk": 250, "gm_gmw_monitoringtube.href": "https://api.pdok.nl/tno/bro-grondwatermonitoring-in-samenhang-karakteristieken/ogc/v1/collections/gm_gmw_monitoringtube/items/0ac7b2f9-c655-509b-bbb8-7b69b243504e", "gm_gmw_monitoringtube_fk": 20829, "bro_id": "GAR000000000269", "delivery_accountable_party": "30277172", "quality_regime": "IMBRO/A", "object_registration_time": "2022-11-25T10:28:42+01:00", "latest_addition_time": null, "registration_completion_time": "2022-11-25T10:28:42+01:00", "latest_correction_time": null, "under_review_time": null, "sampling_date_time": "2007-09-01T12:00:00+02:00", "imbro_xml_url": "https://publiek.broservices.nl/gm/gar/v1/objects/GAR000000000269"}, "geometry": {"type": "Point", "coordinates": [5.03513998, 52.0496848]}, "id": "f1a5d792-b067-5032-8658-2faedac184b6"}, {"type": "Feature", "properties": {"gm_gar_pk": 251, "gm_gmw_monitoringtube.href": "https://api.pdok.nl/tno/bro-grondwatermonitoring-in-samenhang-karakteristieken/ogc/v1/collections/gm_gmw_monitoringtube/items/0ac7b2f9-c655-509b-bbb8-7b69b243504e", "gm_gmw_monitoringtube_fk": 20829, "bro_id": "GAR000000000270", "delivery_accountable_party": "30277172", "quality_regime": "IMBRO/A", "object_registration_time": "2022-11-25T10:28:44+01:00", "latest_addition_time": null, "registration_completion_time": "2022-11-25T10:28:44+01:00", "latest_correction_time": null, "under_review_time": null, "sampling_date_time": "2008-09-16T12:00:00+02:00", "imbro_xml_url": "https://publiek.broservices.nl/gm/gar/v1/objects/GAR000000000270"}, "geometry": {"type": "Point", "coordinates": [5.03513998, 52.0496848]}, "id": "a928120c-23ed-570d-9894-e58a6b09f6f1"}, {"type": "Feature", "properties": {"gm_gar_pk": 252, "gm_gmw_monitoringtube.href": "https://api.pdok.nl/tno/bro-grondwatermonitoring-in-samenhang-karakteristieken/ogc/v1/collections/gm_gmw_monitoringtube/items/85106deb-1a9a-5820-ab5d-014c9f352886", "gm_gmw_monitoringtube_fk": 20830, "bro_id": "GAR000000000271", "delivery_accountable_party": "30277172", "quality_regime": "IMBRO/A", "object_registration_time": "2022-11-25T10:28:46+01:00", "latest_addition_time": null, "registration_completion_time": "2022-11-25T10:28:46+01:00", "latest_correction_time": null, "under_review_time": null, "sampling_date_time": "1991-07-15T12:00:00+02:00", "imbro_xml_url": "https://publiek.broservices.nl/gm/gar/v1/objects/GAR000000000271"}, "geometry": {"type": "Point", "coordinates": [5.03513998, 52.0496848]}, "id": "0e0872db-8e38-5fc3-8aa2-39841e5d6194"}, {"type": "Feature", "properties": {"gm_gar_pk": 253, "gm_gmw_monitoringtube.href": "https://api.pdok.nl/tno/bro-grondwatermonitoring-in-samenhang-karakteristieken/ogc/v1/collections/gm_gmw_monitoringtube/items/85106deb-1a9a-5820-ab5d-014c9f352886", "gm_gmw_monitoringtube_fk": 20830, "bro_id": "GAR000000000272", "delivery_accountable_party": "30277172", "quality_regime": "IMBRO/A", "object_registration_time": "2022-11-25T10:28:48+01:00", "latest_addition_time": null, "registration_completion_time": "2022-11-25T10:28:48+01:00", "latest_correction_time": null, "under_review_time": null, "sampling_date_time": "2015-06-15T12:00:00+02:00", "imbro_xml_url": "https://publiek.broservices.nl/gm/gar/v1/objects/GAR000000000272"}, "geometry": {"type": "Point", "coordinates": [5.03513998, 52.0496848]}, "id": "87dac18e-e5e2-5fbf-9b79-503713f4256e"}, {"type": "Feature", "properties": {"gm_gar_pk": 254, "gm_gmw_monitoringtube.href": "https://api.pdok.nl/tno/bro-grondwatermonitoring-in-samenhang-karakteristieken/ogc/v1/collections/gm_gmw_monitoringtube/items/85106deb-1a9a-5820-ab5d-014c9f352886", "gm_gmw_monitoringtube_fk": 20830, "bro_id": "GAR000000000273", "delivery_accountable_party": "30277172", "quality_regime": "IMBRO/A", "object_registration_time": "2022-11-25T10:28:50+01:00", "latest_addition_time": null, "registration_completion_time": "2022-11-25T10:28:50+01:00", "latest_correction_time": null, "under_review_time": null, "sampling_date_time": "2018-05-14T12:00:00+02:00", "imbro_xml_url": "https://publiek.broservices.nl/gm/gar/v1/objects/GAR000000000273"}, "geometry": {"type": "Point", "coordinates": [5.03513998, 52.0496848]}, "id": "c77170c8-56f9-5a64-b696-16cf33926dfc"}, {"type": "Feature", "properties": {"gm_gar_pk": 255, "gm_gmw_monitoringtube.href": "https://api.pdok.nl/tno/bro-grondwatermonitoring-in-samenhang-karakteristieken/ogc/v1/collections/gm_gmw_monitoringtube/items/0fa27b0d-1f0a-50e7-9f67-ebb045477f80", "gm_gmw_monitoringtube_fk": 20831, "bro_id": "GAR000000000274", "delivery_accountable_party": "30277172", "quality_regime": "IMBRO/A", "object_registration_time": "2022-11-25T10:28:52+01:00", "latest_addition_time": null, "registration_completion_time": "2022-11-25T10:28:52+01:00", "latest_correction_time": null, "under_review_time": null, "sampling_date_time": "1991-07-15T12:00:00+02:00", "imbro_xml_url": "https://publiek.broservices.nl/gm/gar/v1/objects/GAR000000000274"}, "geometry": {"type": "Point", "coordinates": [5.03513998, 52.0496848]}, "id": "7d191d7e-508c-5f2e-864a-73375d395e7a"}, {"type": "Feature", "properties": {"gm_gar_pk": 256, "gm_gmw_monitoringtube.href": "https://api.pdok.nl/tno/bro-grondwatermonitoring-in-samenhang-karakteristieken/ogc/v1/collections/gm_gmw_monitoringtube/items/0fa27b0d-1f0a-50e7-9f67-ebb045477f80", "gm_gmw_monitoringtube_fk": 20831, "bro_id": "GAR000000000275", "delivery_accountable_party": "30277172", "quality_regime": "IMBRO/A", "object_registration_time": "2022-11-25T10:28:54+01:00", "latest_addition_time": null, "registration_completion_time": "2022-11-25T10:28:54+01:00", "latest_correction_time": null, "under_review_time": null, "sampling_date_time": "1992-08-13T12:00:00+02:00", "imbro_xml_url": "https://publiek.broservices.nl/gm/gar/v1/objects/GAR000000000275"}, "geometry": {"type": "Point", "coordinates": [5.03513998, 52.0496848]}, "id": "614e5d24-c0aa-5c45-bc01-c5730e1922c7"}, {"type": "Feature", "properties": {"gm_gar_pk": 257, "gm_gmw_monitoringtube.href": "https://api.pdok.nl/tno/bro-grondwatermonitoring-in-samenhang-karakteristieken/ogc/v1/collections/gm_gmw_monitoringtube/items/0fa27b0d-1f0a-50e7-9f67-ebb045477f80", "gm_gmw_monitoringtube_fk": 20831, "bro_id": "GAR000000000276", "delivery_accountable_party": "30277172", "quality_regime": "IMBRO/A", "object_registration_time": "2022-11-25T10:28:56+01:00", "latest_addition_time": null, "registration_completion_time": "2022-11-25T10:28:56+01:00", "latest_correction_time": null, "under_review_time": null, "sampling_date_time": "1993-06-30T12:00:00+02:00", "imbro_xml_url": "https://publiek.broservices.nl/gm/gar/v1/objects/GAR000000000276"}, "geometry": {"type": "Point", "coordinates": [5.03513998, 52.0496848]}, "id": "ead4c8fd-9a6a-5347-a1ef-b1668d42f01e"}, {"type": "Feature", "properties": {"gm_gar_pk": 258, "gm_gmw_monitoringtube.href": "https://api.pdok.nl/tno/bro-grondwatermonitoring-in-samenhang-karakteristieken/ogc/v1/collections/gm_gmw_monitoringtube/items/0fa27b0d-1f0a-50e7-9f67-ebb045477f80", "gm_gmw_monitoringtube_fk": 20831, "bro_id": "GAR000000000277", "delivery_accountable_party": "30277172", "quality_regime": "IMBRO/A", "object_registration_time": "2022-11-25T10:28:57+01:00", "latest_addition_time": null, "registration_completion_time": "2022-11-25T10:28:57+01:00", "latest_correction_time": null, "under_review_time": null, "sampling_date_time": "1994-04-26T12:00:00+02:00", "imbro_xml_url": "https://publiek.broservices.nl/gm/gar/v1/objects/GAR000000000277"}, "geometry": {"type": "Point", "coordinates": [5.03513998, 52.0496848]}, "id": "2b1fcc73-7e37-529b-aaf2-7dc44401467a"}, {"type": "Feature", "properties": {"gm_gar_pk": 259, "gm_gmw_monitoringtube.href": "https://api.pdok.nl/tno/bro-grondwatermonitoring-in-samenhang-karakteristieken/ogc/v1/collections/gm_gmw_monitoringtube/items/0fa27b0d-1f0a-50e7-9f67-ebb045477f80", "gm_gmw_monitoringtube_fk": 20831, "bro_id": "GAR000000000278", "delivery_accountable_party": "30277172", "quality_regime": "IMBRO/A", "object_registration_time": "2022-11-25T10:28:59+01:00", "latest_addition_time": null, "registration_completion_time": "2022-11-25T10:28:59+01:00", "latest_correction_time": null, "under_review_time": null, "sampling_date_time": "1995-04-03T12:00:00+02:00", "imbro_xml_url": "https://publiek.broservices.nl/gm/gar/v1/objects/GAR000000000278"}, "geometry": {"type": "Point", "coordinates": [5.03513998, 52.0496848]}, "id": "d3b2c3ae-0fc1-5cfc-b530-44ed485d0438"}, {"type": "Feature", "properties": {"gm_gar_pk": 260, "gm_gmw_monitoringtube.href": "https://api.pdok.nl/tno/bro-grondwatermonitoring-in-samenhang-karakteristieken/ogc/v1/collections/gm_gmw_monitoringtube/items/0fa27b0d-1f0a-50e7-9f67-ebb045477f80", "gm_gmw_monitoringtube_fk": 20831, "bro_id": "GAR000000000279", "delivery_accountable_party": "30277172", "quality_regime": "IMBRO/A", "object_registration_time": "2022-11-25T10:29:01+01:00", "latest_addition_time": null, "registration_completion_time": "2022-11-25T10:29:01+01:00", "latest_correction_time": null, "under_review_time": null, "sampling_date_time": "2003-01-01T11:00:00+01:00", "imbro_xml_url": "https://publiek.broservices.nl/gm/gar/v1/objects/GAR000000000279"}, "geometry": {"type": "Point", "coordinates": [5.03513998, 52.0496848]}, "id": "bf247630-880d-5437-ace3-a5ae220318ec"}, {"type": "Feature", "properties": {"gm_gar_pk": 261, "gm_gmw_monitoringtube.href": "https://api.pdok.nl/tno/bro-grondwatermonitoring-in-samenhang-karakteristieken/ogc/v1/collections/gm_gmw_monitoringtube/items/0fa27b0d-1f0a-50e7-9f67-ebb045477f80", "gm_gmw_monitoringtube_fk": 20831, "bro_id": "GAR000000000280", "delivery_accountable_party": "30277172", "quality_regime": "IMBRO/A", "object_registration_time": "2022-11-25T10:29:03+01:00", "latest_addition_time": null, "registration_completion_time": "2022-11-25T10:29:03+01:00", "latest_correction_time": null, "under_review_time": null, "sampling_date_time": "2006-03-02T11:00:00+01:00", "imbro_xml_url": "https://publiek.broservices.nl/gm/gar/v1/objects/GAR000000000280"}, "geometry": {"type": "Point", "coordinates": [5.03513998, 52.0496848]}, "id": "023c7959-436c-59c0-a9e8-98ee9383c52a"}, {"type": "Feature", "properties": {"gm_gar_pk": 262, "gm_gmw_monitoringtube.href": "https://api.pdok.nl/tno/bro-grondwatermonitoring-in-samenhang-karakteristieken/ogc/v1/collections/gm_gmw_monitoringtube/items/0fa27b0d-1f0a-50e7-9f67-ebb045477f80", "gm_gmw_monitoringtube_fk": 20831, "bro_id": "GAR000000000281", "delivery_accountable_party": "30277172", "quality_regime": "IMBRO/A", "object_registration_time": "2022-11-25T10:29:05+01:00", "latest_addition_time": null, "registration_completion_time": "2022-11-25T10:29:05+01:00", "latest_correction_time": null, "under_review_time": null, "sampling_date_time": "2007-09-01T12:00:00+02:00", "imbro_xml_url": "https://publiek.broservices.nl/gm/gar/v1/objects/GAR000000000281"}, "geometry": {"type": "Point", "coordinates": [5.03513998, 52.0496848]}, "id": "9533b588-3426-58a3-b2d8-346821373fb2"}, {"type": "Feature", "properties": {"gm_gar_pk": 263, "gm_gmw_monitoringtube.href": "https://api.pdok.nl/tno/bro-grondwatermonitoring-in-samenhang-karakteristieken/ogc/v1/collections/gm_gmw_monitoringtube/items/0fa27b0d-1f0a-50e7-9f67-ebb045477f80", "gm_gmw_monitoringtube_fk": 20831, "bro_id": "GAR000000000282", "delivery_accountable_party": "30277172", "quality_regime": "IMBRO/A", "object_registration_time": "2022-11-25T10:29:07+01:00", "latest_addition_time": null, "registration_completion_time": "2022-11-25T10:29:07+01:00", "latest_correction_time": null, "under_review_time": null, "sampling_date_time": "2008-09-16T12:00:00+02:00", "imbro_xml_url": "https://publiek.broservices.nl/gm/gar/v1/objects/GAR000000000282"}, "geometry": {"type": "Point", "coordinates": [5.03513998, 52.0496848]}, "id": "144a7e00-ad24-53dd-9956-c5779f2b5250"}, {"type": "Feature", "properties": {"gm_gar_pk": 264, "gm_gmw_monitoringtube.href": "https://api.pdok.nl/tno/bro-grondwatermonitoring-in-samenhang-karakteristieken/ogc/v1/collections/gm_gmw_monitoringtube/items/0fa27b0d-1f0a-50e7-9f67-ebb045477f80", "gm_gmw_monitoringtube_fk": 20831, "bro_id": "GAR000000000283", "delivery_accountable_party": "30277172", "quality_regime": "IMBRO/A", "object_registration_time": "2022-11-25T10:29:09+01:00", "latest_addition_time": null, "registration_completion_time": "2022-11-25T10:29:09+01:00", "latest_correction_time": null, "under_review_time": null, "sampling_date_time": "2009-10-27T11:00:00+01:00", "imbro_xml_url": "https://publiek.broservices.nl/gm/gar/v1/objects/GAR000000000283"}, "geometry": {"type": "Point", "coordinates": [5.03513998, 52.0496848]}, "id": "82f4b600-a799-5c7a-8950-7f1f91e39a3b"}, {"type": "Feature", "properties": {"gm_gar_pk": 265, "gm_gmw_monitoringtube.href": "https://api.pdok.nl/tno/bro-grondwatermonitoring-in-samenhang-karakteristieken/ogc/v1/collections/gm_gmw_monitoringtube/items/0fa27b0d-1f0a-50e7-9f67-ebb045477f80", "gm_gmw_monitoringtube_fk": 20831, "bro_id": "GAR000000000284", "delivery_accountable_party": "30277172", "quality_regime": "IMBRO/A", "object_registration_time": "2022-11-25T10:29:11+01:00", "latest_addition_time": null, "registration_completion_time": "2022-11-25T10:29:11+01:00", "latest_correction_time": null, "under_review_time": null, "sampling_date_time": "2010-03-11T11:00:00+01:00", "imbro_xml_url": "https://publiek.broservices.nl/gm/gar/v1/objects/GAR000000000284"}, "geometry": {"type": "Point", "coordinates": [5.03513998, 52.0496848]}, "id": "1e604464-b075-53b4-be70-45b31771a32e"}, {"type": "Feature", "properties": {"gm_gar_pk": 266, "gm_gmw_monitoringtube.href": "https://api.pdok.nl/tno/bro-grondwatermonitoring-in-samenhang-karakteristieken/ogc/v1/collections/gm_gmw_monitoringtube/items/0fa27b0d-1f0a-50e7-9f67-ebb045477f80", "gm_gmw_monitoringtube_fk": 20831, "bro_id": "GAR000000000285", "delivery_accountable_party": "30277172", "quality_regime": "IMBRO/A", "object_registration_time": "2022-11-25T10:29:13+01:00", "latest_addition_time": null, "registration_completion_time": "2022-11-25T10:29:13+01:00", "latest_correction_time": null, "under_review_time": null, "sampling_date_time": "2012-02-28T11:00:00+01:00", "imbro_xml_url": "https://publiek.broservices.nl/gm/gar/v1/objects/GAR000000000285"}, "geometry": {"type": "Point", "coordinates": [5.03513998, 52.0496848]}, "id": "b8e99e7b-26b4-5610-a3cb-dd733d32d638"}, {"type": "Feature", "properties": {"gm_gar_pk": 272, "gm_gmw_monitoringtube.href": "https://api.pdok.nl/tno/bro-grondwatermonitoring-in-samenhang-karakteristieken/ogc/v1/collections/gm_gmw_monitoringtube/items/07686b1d-916d-5ebf-902c-abbedec2b60e", "gm_gmw_monitoringtube_fk": 23745, "bro_id": "GAR000000000291", "delivery_accountable_party": "30277172", "quality_regime": "IMBRO/A", "object_registration_time": "2022-11-25T10:29:26+01:00", "latest_addition_time": null, "registration_completion_time": "2022-11-25T10:29:26+01:00", "latest_correction_time": null, "under_review_time": null, "sampling_date_time": "1998-05-28T12:00:00+02:00", "imbro_xml_url": "https://publiek.broservices.nl/gm/gar/v1/objects/GAR000000000291"}, "geometry": {"type": "Point", "coordinates": [5.24794397, 52.15561206]}, "id": "e1a4c496-cdd1-5cd7-9b13-8a6669775bcf"}, {"type": "Feature", "properties": {"gm_gar_pk": 273, "gm_gmw_monitoringtube.href": "https://api.pdok.nl/tno/bro-grondwatermonitoring-in-samenhang-karakteristieken/ogc/v1/collections/gm_gmw_monitoringtube/items/07686b1d-916d-5ebf-902c-abbedec2b60e", "gm_gmw_monitoringtube_fk": 23745, "bro_id": "GAR000000000292", "delivery_accountable_party": "30277172", "quality_regime": "IMBRO/A", "object_registration_time": "2022-11-25T10:29:28+01:00", "latest_addition_time": null, "registration_completion_time": "2022-11-25T10:29:28+01:00", "latest_correction_time": null, "under_review_time": null, "sampling_date_time": "2003-01-01T11:00:00+01:00", "imbro_xml_url": "https://publiek.broservices.nl/gm/gar/v1/objects/GAR000000000292"}, "geometry": {"type": "Point", "coordinates": [5.24794397, 52.15561206]}, "id": "d091d893-154e-586b-ae6a-8df71b21897d"}, {"type": "Feature", "properties": {"gm_gar_pk": 274, "gm_gmw_monitoringtube.href": "https://api.pdok.nl/tno/bro-grondwatermonitoring-in-samenhang-karakteristieken/ogc/v1/collections/gm_gmw_monitoringtube/items/07686b1d-916d-5ebf-902c-abbedec2b60e", "gm_gmw_monitoringtube_fk": 23745, "bro_id": "GAR000000000293", "delivery_accountable_party": "30277172", "quality_regime": "IMBRO/A", "object_registration_time": "2022-11-25T10:29:29+01:00", "latest_addition_time": null, "registration_completion_time": "2022-11-25T10:29:29+01:00", "latest_correction_time": null, "under_review_time": null, "sampling_date_time": "2004-01-01T11:00:00+01:00", "imbro_xml_url": "https://publiek.broservices.nl/gm/gar/v1/objects/GAR000000000293"}, "geometry": {"type": "Point", "coordinates": [5.24794397, 52.15561206]}, "id": "036b3dbf-c6c5-500c-bb92-b1b0bf42cb96"}, {"type": "Feature", "properties": {"gm_gar_pk": 275, "gm_gmw_monitoringtube.href": "https://api.pdok.nl/tno/bro-grondwatermonitoring-in-samenhang-karakteristieken/ogc/v1/collections/gm_gmw_monitoringtube/items/07686b1d-916d-5ebf-902c-abbedec2b60e", "gm_gmw_monitoringtube_fk": 23745, "bro_id": "GAR000000000294", "delivery_accountable_party": "30277172", "quality_regime": "IMBRO/A", "object_registration_time": "2022-11-25T10:29:31+01:00", "latest_addition_time": null, "registration_completion_time": "2022-11-25T10:29:31+01:00", "latest_correction_time": null, "under_review_time": null, "sampling_date_time": "2007-09-01T12:00:00+02:00", "imbro_xml_url": "https://publiek.broservices.nl/gm/gar/v1/objects/GAR000000000294"}, "geometry": {"type": "Point", "coordinates": [5.24794397, 52.15561206]}, "id": "573a50a3-9e5b-5e1f-adf9-4565ca20f283"}, {"type": "Feature", "properties": {"gm_gar_pk": 276, "gm_gmw_monitoringtube.href": "https://api.pdok.nl/tno/bro-grondwatermonitoring-in-samenhang-karakteristieken/ogc/v1/collections/gm_gmw_monitoringtube/items/07686b1d-916d-5ebf-902c-abbedec2b60e", "gm_gmw_monitoringtube_fk": 23745, "bro_id": "GAR000000000295", "delivery_accountable_party": "30277172", "quality_regime": "IMBRO/A", "object_registration_time": "2022-11-25T10:29:33+01:00", "latest_addition_time": null, "registration_completion_time": "2022-11-25T10:29:33+01:00", "latest_correction_time": null, "under_review_time": null, "sampling_date_time": "2008-09-16T12:00:00+02:00", "imbro_xml_url": "https://publiek.broservices.nl/gm/gar/v1/objects/GAR000000000295"}, "geometry": {"type": "Point", "coordinates": [5.24794397, 52.15561206]}, "id": "a66f37c2-0ee7-58e1-9a79-cdbed4ce9595"}, {"type": "Feature", "properties": {"gm_gar_pk": 277, "gm_gmw_monitoringtube.href": "https://api.pdok.nl/tno/bro-grondwatermonitoring-in-samenhang-karakteristieken/ogc/v1/collections/gm_gmw_monitoringtube/items/07686b1d-916d-5ebf-902c-abbedec2b60e", "gm_gmw_monitoringtube_fk": 23745, "bro_id": "GAR000000000296", "delivery_accountable_party": "30277172", "quality_regime": "IMBRO/A", "object_registration_time": "2022-11-25T10:29:35+01:00", "latest_addition_time": null, "registration_completion_time": "2022-11-25T10:29:35+01:00", "latest_correction_time": null, "under_review_time": null, "sampling_date_time": "2010-03-16T11:00:00+01:00", "imbro_xml_url": "https://publiek.broservices.nl/gm/gar/v1/objects/GAR000000000296"}, "geometry": {"type": "Point", "coordinates": [5.24794397, 52.15561206]}, "id": "bf0f397e-6d6f-5e13-852a-ef1e0265e78c"}, {"type": "Feature", "properties": {"gm_gar_pk": 302, "gm_gmw_monitoringtube.href": "https://api.pdok.nl/tno/bro-grondwatermonitoring-in-samenhang-karakteristieken/ogc/v1/collections/gm_gmw_monitoringtube/items/35b2a0be-8bca-5bd8-b8e6-b33342b9b4a5", "gm_gmw_monitoringtube_fk": 20741, "bro_id": "GAR000000000321", "delivery_accountable_party": "30277172", "quality_regime": "IMBRO/A", "object_registration_time": "2022-11-25T10:40:01+01:00", "latest_addition_time": null, "registration_completion_time": "2022-11-25T10:40:01+01:00", "latest_correction_time": null, "under_review_time": null, "sampling_date_time": "2007-09-01T12:00:00+02:00", "imbro_xml_url": "https://publiek.broservices.nl/gm/gar/v1/objects/GAR000000000321"}, "geometry": {"type": "Point", "coordinates": [5.22162226, 52.03046438]}, "id": "8fabbd0d-9fdd-5337-88bc-093773018656"}, {"type": "Feature", "properties": {"gm_gar_pk": 303, "gm_gmw_monitoringtube.href": "https://api.pdok.nl/tno/bro-grondwatermonitoring-in-samenhang-karakteristieken/ogc/v1/collections/gm_gmw_monitoringtube/items/a5b97ad1-d18f-5240-b688-2f679259622e", "gm_gmw_monitoringtube_fk": 23831, "bro_id": "GAR000000000322", "delivery_accountable_party": "30277172", "quality_regime": "IMBRO/A", "object_registration_time": "2022-11-25T10:40:03+01:00", "latest_addition_time": null, "registration_completion_time": "2022-11-25T10:40:03+01:00", "latest_correction_time": null, "under_review_time": null, "sampling_date_time": "2012-03-13T11:00:00+01:00", "imbro_xml_url": "https://publiek.broservices.nl/gm/gar/v1/objects/GAR000000000322"}, "geometry": {"type": "Point", "coordinates": [5.20984772, 52.10051073]}, "id": "b4511f4c-8871-5d11-a0f1-d4b4e0ba38a5"}, {"type": "Feature", "properties": {"gm_gar_pk": 304, "gm_gmw_monitoringtube.href": "https://api.pdok.nl/tno/bro-grondwatermonitoring-in-samenhang-karakteristieken/ogc/v1/collections/gm_gmw_monitoringtube/items/a5b97ad1-d18f-5240-b688-2f679259622e", "gm_gmw_monitoringtube_fk": 23831, "bro_id": "GAR000000000323", "delivery_accountable_party": "30277172", "quality_regime": "IMBRO/A", "object_registration_time": "2022-11-25T10:40:05+01:00", "latest_addition_time": null, "registration_completion_time": "2022-11-25T10:40:05+01:00", "latest_correction_time": null, "under_review_time": null, "sampling_date_time": "2015-06-11T12:00:00+02:00", "imbro_xml_url": "https://publiek.broservices.nl/gm/gar/v1/objects/GAR000000000323"}, "geometry": {"type": "Point", "coordinates": [5.20984772, 52.10051073]}, "id": "82a27fa5-55c6-5206-b91f-06583cdaade2"}, {"type": "Feature", "properties": {"gm_gar_pk": 305, "gm_gmw_monitoringtube.href": "https://api.pdok.nl/tno/bro-grondwatermonitoring-in-samenhang-karakteristieken/ogc/v1/collections/gm_gmw_monitoringtube/items/a5b97ad1-d18f-5240-b688-2f679259622e", "gm_gmw_monitoringtube_fk": 23831, "bro_id": "GAR000000000324", "delivery_accountable_party": "30277172", "quality_regime": "IMBRO/A", "object_registration_time": "2022-11-25T10:40:07+01:00", "latest_addition_time": null, "registration_completion_time": "2022-11-25T10:40:07+01:00", "latest_correction_time": null, "under_review_time": null, "sampling_date_time": "2018-05-15T12:00:00+02:00", "imbro_xml_url": "https://publiek.broservices.nl/gm/gar/v1/objects/GAR000000000324"}, "geometry": {"type": "Point", "coordinates": [5.20984772, 52.10051073]}, "id": "fa7f8ec7-0e81-521f-a99a-f1f565ba447d"}, {"type": "Feature", "properties": {"gm_gar_pk": 311, "gm_gmw_monitoringtube.href": "https://api.pdok.nl/tno/bro-grondwatermonitoring-in-samenhang-karakteristieken/ogc/v1/collections/gm_gmw_monitoringtube/items/7e5a4fa6-5193-55ee-bd3e-e5b17f673658", "gm_gmw_monitoringtube_fk": 23544, "bro_id": "GAR000000000330", "delivery_accountable_party": "30277172", "quality_regime": "IMBRO/A", "object_registration_time": "2022-11-25T10:40:19+01:00", "latest_addition_time": null, "registration_completion_time": "2022-11-25T10:40:19+01:00", "latest_correction_time": null, "under_review_time": null, "sampling_date_time": "2007-12-01T11:00:00+01:00", "imbro_xml_url": "https://publiek.broservices.nl/gm/gar/v1/objects/GAR000000000330"}, "geometry": {"type": "Point", "coordinates": [5.19021202, 52.12172554]}, "id": "116ce379-9222-570f-8846-ba1cd715214f"}, {"type": "Feature", "properties": {"gm_gar_pk": 312, "gm_gmw_monitoringtube.href": "https://api.pdok.nl/tno/bro-grondwatermonitoring-in-samenhang-karakteristieken/ogc/v1/collections/gm_gmw_monitoringtube/items/7e5a4fa6-5193-55ee-bd3e-e5b17f673658", "gm_gmw_monitoringtube_fk": 23544, "bro_id": "GAR000000000331", "delivery_accountable_party": "30277172", "quality_regime": "IMBRO/A", "object_registration_time": "2022-11-25T10:40:21+01:00", "latest_addition_time": null, "registration_completion_time": "2022-11-25T10:40:21+01:00", "latest_correction_time": null, "under_review_time": null, "sampling_date_time": "2010-03-18T11:00:00+01:00", "imbro_xml_url": "https://publiek.broservices.nl/gm/gar/v1/objects/GAR000000000331"}, "geometry": {"type": "Point", "coordinates": [5.19021202, 52.12172554]}, "id": "ad1cd510-9044-5f74-8150-3602af69879c"}, {"type": "Feature", "properties": {"gm_gar_pk": 493, "gm_gmw_monitoringtube.href": "https://api.pdok.nl/tno/bro-grondwatermonitoring-in-samenhang-karakteristieken/ogc/v1/collections/gm_gmw_monitoringtube/items/5c50d41a-d8f8-5758-9f6c-a022203cc594", "gm_gmw_monitoringtube_fk": 39670, "bro_id": "GAR000000000512", "delivery_accountable_party": "30277172", "quality_regime": "IMBRO/A", "object_registration_time": "2022-11-25T10:46:15+01:00", "latest_addition_time": null, "registration_completion_time": "2022-11-25T10:46:15+01:00", "latest_correction_time": null, "under_review_time": null, "sampling_date_time": "2003-01-01T11:00:00+01:00", "imbro_xml_url": "https://publiek.broservices.nl/gm/gar/v1/objects/GAR000000000512"}, "geometry": {"type": "Point", "coordinates": [5.16151633, 52.03271933]}, "id": "897ff2de-e083-5956-afd0-1e568fe457ba"}, {"type": "Feature", "properties": {"gm_gar_pk": 494, "gm_gmw_monitoringtube.href": "https://api.pdok.nl/tno/bro-grondwatermonitoring-in-samenhang-karakteristieken/ogc/v1/collections/gm_gmw_monitoringtube/items/5c50d41a-d8f8-5758-9f6c-a022203cc594", "gm_gmw_monitoringtube_fk": 39670, "bro_id": "GAR000000000513", "delivery_accountable_party": "30277172", "quality_regime": "IMBRO/A", "object_registration_time": "2022-11-25T10:46:16+01:00", "latest_addition_time": null, "registration_completion_time": "2022-11-25T10:46:16+01:00", "latest_correction_time": null, "under_review_time": null, "sampling_date_time": "2007-12-01T11:00:00+01:00", "imbro_xml_url": "https://publiek.broservices.nl/gm/gar/v1/objects/GAR000000000513"}, "geometry": {"type": "Point", "coordinates": [5.16151633, 52.03271933]}, "id": "fc81f179-9b3d-555e-ac64-1d6ba75dd3da"}, {"type": "Feature", "properties": {"gm_gar_pk": 495, "gm_gmw_monitoringtube.href": "https://api.pdok.nl/tno/bro-grondwatermonitoring-in-samenhang-karakteristieken/ogc/v1/collections/gm_gmw_monitoringtube/items/5c50d41a-d8f8-5758-9f6c-a022203cc594", "gm_gmw_monitoringtube_fk": 39670, "bro_id": "GAR000000000514", "delivery_accountable_party": "30277172", "quality_regime": "IMBRO/A", "object_registration_time": "2022-11-25T10:46:18+01:00", "latest_addition_time": null, "registration_completion_time": "2022-11-25T10:46:18+01:00", "latest_correction_time": null, "under_review_time": null, "sampling_date_time": "2008-09-16T12:00:00+02:00", "imbro_xml_url": "https://publiek.broservices.nl/gm/gar/v1/objects/GAR000000000514"}, "geometry": {"type": "Point", "coordinates": [5.16151633, 52.03271933]}, "id": "3eabdcee-dd55-57e6-91aa-ea72e53fc719"}, {"type": "Feature", "properties": {"gm_gar_pk": 496, "gm_gmw_monitoringtube.href": "https://api.pdok.nl/tno/bro-grondwatermonitoring-in-samenhang-karakteristieken/ogc/v1/collections/gm_gmw_monitoringtube/items/5c50d41a-d8f8-5758-9f6c-a022203cc594", "gm_gmw_monitoringtube_fk": 39670, "bro_id": "GAR000000000515", "delivery_accountable_party": "30277172", "quality_regime": "IMBRO/A", "object_registration_time": "2022-11-25T10:46:20+01:00", "latest_addition_time": null, "registration_completion_time": "2022-11-25T10:46:20+01:00", "latest_correction_time": null, "under_review_time": null, "sampling_date_time": "2009-10-30T11:00:00+01:00", "imbro_xml_url": "https://publiek.broservices.nl/gm/gar/v1/objects/GAR000000000515"}, "geometry": {"type": "Point", "coordinates": [5.16151633, 52.03271933]}, "id": "00e74de6-a4d0-5891-b17f-44753824cb03"}, {"type": "Feature", "properties": {"gm_gar_pk": 497, "gm_gmw_monitoringtube.href": "https://api.pdok.nl/tno/bro-grondwatermonitoring-in-samenhang-karakteristieken/ogc/v1/collections/gm_gmw_monitoringtube/items/5c50d41a-d8f8-5758-9f6c-a022203cc594", "gm_gmw_monitoringtube_fk": 39670, "bro_id": "GAR000000000516", "delivery_accountable_party": "30277172", "quality_regime": "IMBRO/A", "object_registration_time": "2022-11-25T10:46:22+01:00", "latest_addition_time": null, "registration_completion_time": "2022-11-25T10:46:22+01:00", "latest_correction_time": null, "under_review_time": null, "sampling_date_time": "2010-03-11T11:00:00+01:00", "imbro_xml_url": "https://publiek.broservices.nl/gm/gar/v1/objects/GAR000000000516"}, "geometry": {"type": "Point", "coordinates": [5.16151633, 52.03271933]}, "id": "6b06eb89-7310-57d3-bb1b-9978345037b0"}, {"type": "Feature", "properties": {"gm_gar_pk": 498, "gm_gmw_monitoringtube.href": "https://api.pdok.nl/tno/bro-grondwatermonitoring-in-samenhang-karakteristieken/ogc/v1/collections/gm_gmw_monitoringtube/items/5c50d41a-d8f8-5758-9f6c-a022203cc594", "gm_gmw_monitoringtube_fk": 39670, "bro_id": "GAR000000000517", "delivery_accountable_party": "30277172", "quality_regime": "IMBRO/A", "object_registration_time": "2022-11-25T10:46:24+01:00", "latest_addition_time": null, "registration_completion_time": "2022-11-25T10:46:24+01:00", "latest_correction_time": null, "under_review_time": null, "sampling_date_time": "2012-02-28T11:00:00+01:00", "imbro_xml_url": "https://publiek.broservices.nl/gm/gar/v1/objects/GAR000000000517"}, "geometry": {"type": "Point", "coordinates": [5.16151633, 52.03271933]}, "id": "cb60cdbb-957a-5d12-a99f-ddd240215007"}, {"type": "Feature", "properties": {"gm_gar_pk": 499, "gm_gmw_monitoringtube.href": "https://api.pdok.nl/tno/bro-grondwatermonitoring-in-samenhang-karakteristieken/ogc/v1/collections/gm_gmw_monitoringtube/items/5c50d41a-d8f8-5758-9f6c-a022203cc594", "gm_gmw_monitoringtube_fk": 39670, "bro_id": "GAR000000000518", "delivery_accountable_party": "30277172", "quality_regime": "IMBRO/A", "object_registration_time": "2022-11-25T10:46:25+01:00", "latest_addition_time": null, "registration_completion_time": "2022-11-25T10:46:25+01:00", "latest_correction_time": null, "under_review_time": null, "sampling_date_time": "2015-06-12T12:00:00+02:00", "imbro_xml_url": "https://publiek.broservices.nl/gm/gar/v1/objects/GAR000000000518"}, "geometry": {"type": "Point", "coordinates": [5.16151633, 52.03271933]}, "id": "b6a6b403-01e9-5e54-bc73-16d3105cf1e7"}, {"type": "Feature", "properties": {"gm_gar_pk": 500, "gm_gmw_monitoringtube.href": "https://api.pdok.nl/tno/bro-grondwatermonitoring-in-samenhang-karakteristieken/ogc/v1/collections/gm_gmw_monitoringtube/items/5c50d41a-d8f8-5758-9f6c-a022203cc594", "gm_gmw_monitoringtube_fk": 39670, "bro_id": "GAR000000000519", "delivery_accountable_party": "30277172", "quality_regime": "IMBRO/A", "object_registration_time": "2022-11-25T10:46:28+01:00", "latest_addition_time": null, "registration_completion_time": "2022-11-25T10:46:28+01:00", "latest_correction_time": null, "under_review_time": null, "sampling_date_time": "2018-05-02T12:00:00+02:00", "imbro_xml_url": "https://publiek.broservices.nl/gm/gar/v1/objects/GAR000000000519"}, "geometry": {"type": "Point", "coordinates": [5.16151633, 52.03271933]}, "id": "188cf519-8854-53a2-bd53-59cc29eff0b8"}, {"type": "Feature", "properties": {"gm_gar_pk": 501, "gm_gmw_monitoringtube.href": "https://api.pdok.nl/tno/bro-grondwatermonitoring-in-samenhang-karakteristieken/ogc/v1/collections/gm_gmw_monitoringtube/items/035815f4-2cc9-5a1c-82c1-ade7437c7610", "gm_gmw_monitoringtube_fk": 39672, "bro_id": "GAR000000000520", "delivery_accountable_party": "30277172", "quality_regime": "IMBRO/A", "object_registration_time": "2022-11-25T10:46:29+01:00", "latest_addition_time": null, "registration_completion_time": "2022-11-25T10:46:29+01:00", "latest_correction_time": null, "under_review_time": null, "sampling_date_time": "2003-01-01T11:00:00+01:00", "imbro_xml_url": "https://publiek.broservices.nl/gm/gar/v1/objects/GAR000000000520"}, "geometry": {"type": "Point", "coordinates": [5.16151633, 52.03271933]}, "id": "739cbe0b-7985-5015-a360-d526db8cbba9"}, {"type": "Feature", "properties": {"gm_gar_pk": 502, "gm_gmw_monitoringtube.href": "https://api.pdok.nl/tno/bro-grondwatermonitoring-in-samenhang-karakteristieken/ogc/v1/collections/gm_gmw_monitoringtube/items/035815f4-2cc9-5a1c-82c1-ade7437c7610", "gm_gmw_monitoringtube_fk": 39672, "bro_id": "GAR000000000521", "delivery_accountable_party": "30277172", "quality_regime": "IMBRO/A", "object_registration_time": "2022-11-25T10:46:31+01:00", "latest_addition_time": null, "registration_completion_time": "2022-11-25T10:46:31+01:00", "latest_correction_time": null, "under_review_time": null, "sampling_date_time": "2008-09-16T12:00:00+02:00", "imbro_xml_url": "https://publiek.broservices.nl/gm/gar/v1/objects/GAR000000000521"}, "geometry": {"type": "Point", "coordinates": [5.16151633, 52.03271933]}, "id": "d092210b-be43-59c8-be15-29919a5fe295"}, {"type": "Feature", "properties": {"gm_gar_pk": 503, "gm_gmw_monitoringtube.href": "https://api.pdok.nl/tno/bro-grondwatermonitoring-in-samenhang-karakteristieken/ogc/v1/collections/gm_gmw_monitoringtube/items/035815f4-2cc9-5a1c-82c1-ade7437c7610", "gm_gmw_monitoringtube_fk": 39672, "bro_id": "GAR000000000522", "delivery_accountable_party": "30277172", "quality_regime": "IMBRO/A", "object_registration_time": "2022-11-25T10:46:33+01:00", "latest_addition_time": null, "registration_completion_time": "2022-11-25T10:46:33+01:00", "latest_correction_time": null, "under_review_time": null, "sampling_date_time": "2009-10-30T11:00:00+01:00", "imbro_xml_url": "https://publiek.broservices.nl/gm/gar/v1/objects/GAR000000000522"}, "geometry": {"type": "Point", "coordinates": [5.16151633, 52.03271933]}, "id": "d20b4178-72bf-5204-942e-8bdbf26383a5"}, {"type": "Feature", "properties": {"gm_gar_pk": 504, "gm_gmw_monitoringtube.href": "https://api.pdok.nl/tno/bro-grondwatermonitoring-in-samenhang-karakteristieken/ogc/v1/collections/gm_gmw_monitoringtube/items/035815f4-2cc9-5a1c-82c1-ade7437c7610", "gm_gmw_monitoringtube_fk": 39672, "bro_id": "GAR000000000523", "delivery_accountable_party": "30277172", "quality_regime": "IMBRO/A", "object_registration_time": "2022-11-25T10:46:35+01:00", "latest_addition_time": null, "registration_completion_time": "2022-11-25T10:46:35+01:00", "latest_correction_time": null, "under_review_time": null, "sampling_date_time": "2010-03-11T11:00:00+01:00", "imbro_xml_url": "https://publiek.broservices.nl/gm/gar/v1/objects/GAR000000000523"}, "geometry": {"type": "Point", "coordinates": [5.16151633, 52.03271933]}, "id": "1939946c-e3ed-560c-abc6-32dfd8650902"}, {"type": "Feature", "properties": {"gm_gar_pk": 505, "gm_gmw_monitoringtube.href": "https://api.pdok.nl/tno/bro-grondwatermonitoring-in-samenhang-karakteristieken/ogc/v1/collections/gm_gmw_monitoringtube/items/035815f4-2cc9-5a1c-82c1-ade7437c7610", "gm_gmw_monitoringtube_fk": 39672, "bro_id": "GAR000000000524", "delivery_accountable_party": "30277172", "quality_regime": "IMBRO/A", "object_registration_time": "2022-11-25T10:46:37+01:00", "latest_addition_time": null, "registration_completion_time": "2022-11-25T10:46:37+01:00", "latest_correction_time": null, "under_review_time": null, "sampling_date_time": "2012-02-28T11:00:00+01:00", "imbro_xml_url": "https://publiek.broservices.nl/gm/gar/v1/objects/GAR000000000524"}, "geometry": {"type": "Point", "coordinates": [5.16151633, 52.03271933]}, "id": "0e76294f-c495-503e-8a35-3f046cc74a70"}, {"type": "Feature", "properties": {"gm_gar_pk": 506, "gm_gmw_monitoringtube.href": "https://api.pdok.nl/tno/bro-grondwatermonitoring-in-samenhang-karakteristieken/ogc/v1/collections/gm_gmw_monitoringtube/items/035815f4-2cc9-5a1c-82c1-ade7437c7610", "gm_gmw_monitoringtube_fk": 39672, "bro_id": "GAR000000000525", "delivery_accountable_party": "30277172", "quality_regime": "IMBRO/A", "object_registration_time": "2022-11-25T10:46:39+01:00", "latest_addition_time": null, "registration_completion_time": "2022-11-25T10:46:39+01:00", "latest_correction_time": null, "under_review_time": null, "sampling_date_time": "2015-06-12T12:00:00+02:00", "imbro_xml_url": "https://publiek.broservices.nl/gm/gar/v1/objects/GAR000000000525"}, "geometry": {"type": "Point", "coordinates": [5.16151633, 52.03271933]}, "id": "b26c1f1a-3872-5abe-a3aa-fc9e0d5748f3"}, {"type": "Feature", "properties": {"gm_gar_pk": 507, "gm_gmw_monitoringtube.href": "https://api.pdok.nl/tno/bro-grondwatermonitoring-in-samenhang-karakteristieken/ogc/v1/collections/gm_gmw_monitoringtube/items/035815f4-2cc9-5a1c-82c1-ade7437c7610", "gm_gmw_monitoringtube_fk": 39672, "bro_id": "GAR000000000526", "delivery_accountable_party": "30277172", "quality_regime": "IMBRO/A", "object_registration_time": "2022-11-25T10:46:40+01:00", "latest_addition_time": null, "registration_completion_time": "2022-11-25T10:46:40+01:00", "latest_correction_time": null, "under_review_time": null, "sampling_date_time": "2018-05-02T12:00:00+02:00", "imbro_xml_url": "https://publiek.broservices.nl/gm/gar/v1/objects/GAR000000000526"}, "geometry": {"type": "Point", "coordinates": [5.16151633, 52.03271933]}, "id": "810c0fef-14ac-5a25-813a-3e5ac715cbdc"}, {"type": "Feature", "properties": {"gm_gar_pk": 539, "gm_gmw_monitoringtube.href": "https://api.pdok.nl/tno/bro-grondwatermonitoring-in-samenhang-karakteristieken/ogc/v1/collections/gm_gmw_monitoringtube/items/35b2a0be-8bca-5bd8-b8e6-b33342b9b4a5", "gm_gmw_monitoringtube_fk": 20741, "bro_id": "GAR000000000558", "delivery_accountable_party": "30277172", "quality_regime": "IMBRO/A", "object_registration_time": "2022-11-25T10:47:38+01:00", "latest_addition_time": null, "registration_completion_time": "2022-11-25T10:47:38+01:00", "latest_correction_time": null, "under_review_time": null, "sampling_date_time": "1991-07-18T12:00:00+02:00", "imbro_xml_url": "https://publiek.broservices.nl/gm/gar/v1/objects/GAR000000000558"}, "geometry": {"type": "Point", "coordinates": [5.22162226, 52.03046438]}, "id": "66594019-d82c-5e11-be81-a78d71dc37dc"}, {"type": "Feature", "properties": {"gm_gar_pk": 540, "gm_gmw_monitoringtube.href": "https://api.pdok.nl/tno/bro-grondwatermonitoring-in-samenhang-karakteristieken/ogc/v1/collections/gm_gmw_monitoringtube/items/35b2a0be-8bca-5bd8-b8e6-b33342b9b4a5", "gm_gmw_monitoringtube_fk": 20741, "bro_id": "GAR000000000559", "delivery_accountable_party": "30277172", "quality_regime": "IMBRO/A", "object_registration_time": "2022-11-25T10:47:40+01:00", "latest_addition_time": null, "registration_completion_time": "2022-11-25T10:47:40+01:00", "latest_correction_time": null, "under_review_time": null, "sampling_date_time": "1992-08-24T12:00:00+02:00", "imbro_xml_url": "https://publiek.broservices.nl/gm/gar/v1/objects/GAR000000000559"}, "geometry": {"type": "Point", "coordinates": [5.22162226, 52.03046438]}, "id": "5a311a2b-1802-5643-9c2f-8b1ea1adda59"}, {"type": "Feature", "properties": {"gm_gar_pk": 541, "gm_gmw_monitoringtube.href": "https://api.pdok.nl/tno/bro-grondwatermonitoring-in-samenhang-karakteristieken/ogc/v1/collections/gm_gmw_monitoringtube/items/35b2a0be-8bca-5bd8-b8e6-b33342b9b4a5", "gm_gmw_monitoringtube_fk": 20741, "bro_id": "GAR000000000560", "delivery_accountable_party": "30277172", "quality_regime": "IMBRO/A", "object_registration_time": "2022-11-25T10:47:53+01:00", "latest_addition_time": null, "registration_completion_time": "2022-11-25T10:47:53+01:00", "latest_correction_time": null, "under_review_time": null, "sampling_date_time": "1994-04-14T12:00:00+02:00", "imbro_xml_url": "https://publiek.broservices.nl/gm/gar/v1/objects/GAR000000000560"}, "geometry": {"type": "Point", "coordinates": [5.22162226, 52.03046438]}, "id": "eea8d01e-553f-5fcf-8633-5e30760e6ac2"}, {"type": "Feature", "properties": {"gm_gar_pk": 542, "gm_gmw_monitoringtube.href": "https://api.pdok.nl/tno/bro-grondwatermonitoring-in-samenhang-karakteristieken/ogc/v1/collections/gm_gmw_monitoringtube/items/35b2a0be-8bca-5bd8-b8e6-b33342b9b4a5", "gm_gmw_monitoringtube_fk": 20741, "bro_id": "GAR000000000561", "delivery_accountable_party": "30277172", "quality_regime": "IMBRO/A", "object_registration_time": "2022-11-25T10:47:55+01:00", "latest_addition_time": null, "registration_completion_time": "2022-11-25T10:47:55+01:00", "latest_correction_time": null, "under_review_time": null, "sampling_date_time": "1995-04-11T12:00:00+02:00", "imbro_xml_url": "https://publiek.broservices.nl/gm/gar/v1/objects/GAR000000000561"}, "geometry": {"type": "Point", "coordinates": [5.22162226, 52.03046438]}, "id": "e9f3113a-c0db-5b9a-b7e2-2f72872f0a54"}, {"type": "Feature", "properties": {"gm_gar_pk": 543, "gm_gmw_monitoringtube.href": "https://api.pdok.nl/tno/bro-grondwatermonitoring-in-samenhang-karakteristieken/ogc/v1/collections/gm_gmw_monitoringtube/items/35b2a0be-8bca-5bd8-b8e6-b33342b9b4a5", "gm_gmw_monitoringtube_fk": 20741, "bro_id": "GAR000000000562", "delivery_accountable_party": "30277172", "quality_regime": "IMBRO/A", "object_registration_time": "2022-11-25T10:47:57+01:00", "latest_addition_time": null, "registration_completion_time": "2022-11-25T10:47:57+01:00", "latest_correction_time": null, "under_review_time": null, "sampling_date_time": "2003-01-01T11:00:00+01:00", "imbro_xml_url": "https://publiek.broservices.nl/gm/gar/v1/objects/GAR000000000562"}, "geometry": {"type": "Point", "coordinates": [5.22162226, 52.03046438]}, "id": "af873267-9a15-5337-85d0-fea0c755f04c"}, {"type": "Feature", "properties": {"gm_gar_pk": 544, "gm_gmw_monitoringtube.href": "https://api.pdok.nl/tno/bro-grondwatermonitoring-in-samenhang-karakteristieken/ogc/v1/collections/gm_gmw_monitoringtube/items/35b2a0be-8bca-5bd8-b8e6-b33342b9b4a5", "gm_gmw_monitoringtube_fk": 20741, "bro_id": "GAR000000000563", "delivery_accountable_party": "30277172", "quality_regime": "IMBRO/A", "object_registration_time": "2022-11-25T10:47:58+01:00", "latest_addition_time": null, "registration_completion_time": "2022-11-25T10:47:58+01:00", "latest_correction_time": null, "under_review_time": null, "sampling_date_time": "2008-09-16T12:00:00+02:00", "imbro_xml_url": "https://publiek.broservices.nl/gm/gar/v1/objects/GAR000000000563"}, "geometry": {"type": "Point", "coordinates": [5.22162226, 52.03046438]}, "id": "b56f746f-626d-5502-b6a9-e85c6c77509f"}, {"type": "Feature", "properties": {"gm_gar_pk": 545, "gm_gmw_monitoringtube.href": "https://api.pdok.nl/tno/bro-grondwatermonitoring-in-samenhang-karakteristieken/ogc/v1/collections/gm_gmw_monitoringtube/items/18d2732a-5aff-53e1-a6c6-ba783cf74622", "gm_gmw_monitoringtube_fk": 20742, "bro_id": "GAR000000000564", "delivery_accountable_party": "30277172", "quality_regime": "IMBRO/A", "object_registration_time": "2022-11-25T10:48:00+01:00", "latest_addition_time": null, "registration_completion_time": "2022-11-25T10:48:00+01:00", "latest_correction_time": null, "under_review_time": null, "sampling_date_time": "1991-07-18T12:00:00+02:00", "imbro_xml_url": "https://publiek.broservices.nl/gm/gar/v1/objects/GAR000000000564"}, "geometry": {"type": "Point", "coordinates": [5.22162226, 52.03046438]}, "id": "36cd7fc1-845b-5bfb-972c-667a94b38534"}, {"type": "Feature", "properties": {"gm_gar_pk": 546, "gm_gmw_monitoringtube.href": "https://api.pdok.nl/tno/bro-grondwatermonitoring-in-samenhang-karakteristieken/ogc/v1/collections/gm_gmw_monitoringtube/items/92cacd20-5624-5649-b6ff-36904186882e", "gm_gmw_monitoringtube_fk": 20743, "bro_id": "GAR000000000565", "delivery_accountable_party": "30277172", "quality_regime": "IMBRO/A", "object_registration_time": "2022-11-25T10:48:02+01:00", "latest_addition_time": null, "registration_completion_time": "2022-11-25T10:48:02+01:00", "latest_correction_time": null, "under_review_time": null, "sampling_date_time": "1991-07-18T12:00:00+02:00", "imbro_xml_url": "https://publiek.broservices.nl/gm/gar/v1/objects/GAR000000000565"}, "geometry": {"type": "Point", "coordinates": [5.22162226, 52.03046438]}, "id": "31a59580-22ab-5737-9a03-dc6a63309d2b"}, {"type": "Feature", "properties": {"gm_gar_pk": 547, "gm_gmw_monitoringtube.href": "https://api.pdok.nl/tno/bro-grondwatermonitoring-in-samenhang-karakteristieken/ogc/v1/collections/gm_gmw_monitoringtube/items/92cacd20-5624-5649-b6ff-36904186882e", "gm_gmw_monitoringtube_fk": 20743, "bro_id": "GAR000000000566", "delivery_accountable_party": "30277172", "quality_regime": "IMBRO/A", "object_registration_time": "2022-11-25T10:48:04+01:00", "latest_addition_time": null, "registration_completion_time": "2022-11-25T10:48:04+01:00", "latest_correction_time": null, "under_review_time": null, "sampling_date_time": "1992-08-24T12:00:00+02:00", "imbro_xml_url": "https://publiek.broservices.nl/gm/gar/v1/objects/GAR000000000566"}, "geometry": {"type": "Point", "coordinates": [5.22162226, 52.03046438]}, "id": "e8acaa57-9251-538e-9797-3b772f469f8d"}, {"type": "Feature", "properties": {"gm_gar_pk": 548, "gm_gmw_monitoringtube.href": "https://api.pdok.nl/tno/bro-grondwatermonitoring-in-samenhang-karakteristieken/ogc/v1/collections/gm_gmw_monitoringtube/items/92cacd20-5624-5649-b6ff-36904186882e", "gm_gmw_monitoringtube_fk": 20743, "bro_id": "GAR000000000567", "delivery_accountable_party": "30277172", "quality_regime": "IMBRO/A", "object_registration_time": "2022-11-25T10:48:05+01:00", "latest_addition_time": null, "registration_completion_time": "2022-11-25T10:48:05+01:00", "latest_correction_time": null, "under_review_time": null, "sampling_date_time": "1993-07-08T12:00:00+02:00", "imbro_xml_url": "https://publiek.broservices.nl/gm/gar/v1/objects/GAR000000000567"}, "geometry": {"type": "Point", "coordinates": [5.22162226, 52.03046438]}, "id": "0ea1f57e-3689-5bf0-ac5e-047defed4ccb"}, {"type": "Feature", "properties": {"gm_gar_pk": 549, "gm_gmw_monitoringtube.href": "https://api.pdok.nl/tno/bro-grondwatermonitoring-in-samenhang-karakteristieken/ogc/v1/collections/gm_gmw_monitoringtube/items/92cacd20-5624-5649-b6ff-36904186882e", "gm_gmw_monitoringtube_fk": 20743, "bro_id": "GAR000000000568", "delivery_accountable_party": "30277172", "quality_regime": "IMBRO/A", "object_registration_time": "2022-11-25T10:48:07+01:00", "latest_addition_time": null, "registration_completion_time": "2022-11-25T10:48:07+01:00", "latest_correction_time": null, "under_review_time": null, "sampling_date_time": "1994-04-14T12:00:00+02:00", "imbro_xml_url": "https://publiek.broservices.nl/gm/gar/v1/objects/GAR000000000568"}, "geometry": {"type": "Point", "coordinates": [5.22162226, 52.03046438]}, "id": "ae9a9368-3698-58f0-8ee3-789d47549877"}, {"type": "Feature", "properties": {"gm_gar_pk": 550, "gm_gmw_monitoringtube.href": "https://api.pdok.nl/tno/bro-grondwatermonitoring-in-samenhang-karakteristieken/ogc/v1/collections/gm_gmw_monitoringtube/items/92cacd20-5624-5649-b6ff-36904186882e", "gm_gmw_monitoringtube_fk": 20743, "bro_id": "GAR000000000569", "delivery_accountable_party": "30277172", "quality_regime": "IMBRO/A", "object_registration_time": "2022-11-25T10:48:09+01:00", "latest_addition_time": null, "registration_completion_time": "2022-11-25T10:48:09+01:00", "latest_correction_time": null, "under_review_time": null, "sampling_date_time": "1995-04-11T12:00:00+02:00", "imbro_xml_url": "https://publiek.broservices.nl/gm/gar/v1/objects/GAR000000000569"}, "geometry": {"type": "Point", "coordinates": [5.22162226, 52.03046438]}, "id": "348c5d5e-4df6-51a9-ab5b-e6bb1d70a66d"}, {"type": "Feature", "properties": {"gm_gar_pk": 551, "gm_gmw_monitoringtube.href": "https://api.pdok.nl/tno/bro-grondwatermonitoring-in-samenhang-karakteristieken/ogc/v1/collections/gm_gmw_monitoringtube/items/92cacd20-5624-5649-b6ff-36904186882e", "gm_gmw_monitoringtube_fk": 20743, "bro_id": "GAR000000000570", "delivery_accountable_party": "30277172", "quality_regime": "IMBRO/A", "object_registration_time": "2022-11-25T10:48:11+01:00", "latest_addition_time": null, "registration_completion_time": "2022-11-25T10:48:11+01:00", "latest_correction_time": null, "under_review_time": null, "sampling_date_time": "2003-01-01T11:00:00+01:00", "imbro_xml_url": "https://publiek.broservices.nl/gm/gar/v1/objects/GAR000000000570"}, "geometry": {"type": "Point", "coordinates": [5.22162226, 52.03046438]}, "id": "cd75d000-4075-5ea1-9444-b1dd4dba6be2"}, {"type": "Feature", "properties": {"gm_gar_pk": 552, "gm_gmw_monitoringtube.href": "https://api.pdok.nl/tno/bro-grondwatermonitoring-in-samenhang-karakteristieken/ogc/v1/collections/gm_gmw_monitoringtube/items/92cacd20-5624-5649-b6ff-36904186882e", "gm_gmw_monitoringtube_fk": 20743, "bro_id": "GAR000000000571", "delivery_accountable_party": "30277172", "quality_regime": "IMBRO/A", "object_registration_time": "2022-11-25T10:48:13+01:00", "latest_addition_time": null, "registration_completion_time": "2022-11-25T10:48:13+01:00", "latest_correction_time": null, "under_review_time": null, "sampling_date_time": "2007-09-01T12:00:00+02:00", "imbro_xml_url": "https://publiek.broservices.nl/gm/gar/v1/objects/GAR000000000571"}, "geometry": {"type": "Point", "coordinates": [5.22162226, 52.03046438]}, "id": "0891b937-ff00-5091-89ab-0067131cf962"}, {"type": "Feature", "properties": {"gm_gar_pk": 553, "gm_gmw_monitoringtube.href": "https://api.pdok.nl/tno/bro-grondwatermonitoring-in-samenhang-karakteristieken/ogc/v1/collections/gm_gmw_monitoringtube/items/92cacd20-5624-5649-b6ff-36904186882e", "gm_gmw_monitoringtube_fk": 20743, "bro_id": "GAR000000000572", "delivery_accountable_party": "30277172", "quality_regime": "IMBRO/A", "object_registration_time": "2022-11-25T10:48:15+01:00", "latest_addition_time": null, "registration_completion_time": "2022-11-25T10:48:15+01:00", "latest_correction_time": null, "under_review_time": null, "sampling_date_time": "2008-09-16T12:00:00+02:00", "imbro_xml_url": "https://publiek.broservices.nl/gm/gar/v1/objects/GAR000000000572"}, "geometry": {"type": "Point", "coordinates": [5.22162226, 52.03046438]}, "id": "2f5b6436-de35-50c7-97cf-47d5aaca3169"}, {"type": "Feature", "properties": {"gm_gar_pk": 571, "gm_gmw_monitoringtube.href": "https://api.pdok.nl/tno/bro-grondwatermonitoring-in-samenhang-karakteristieken/ogc/v1/collections/gm_gmw_monitoringtube/items/35b2a0be-8bca-5bd8-b8e6-b33342b9b4a5", "gm_gmw_monitoringtube_fk": 20741, "bro_id": "GAR000000000590", "delivery_accountable_party": "30277172", "quality_regime": "IMBRO/A", "object_registration_time": "2022-11-25T10:49:04+01:00", "latest_addition_time": null, "registration_completion_time": "2022-11-25T10:49:04+01:00", "latest_correction_time": null, "under_review_time": null, "sampling_date_time": "1993-07-08T12:00:00+02:00", "imbro_xml_url": "https://publiek.broservices.nl/gm/gar/v1/objects/GAR000000000590"}, "geometry": {"type": "Point", "coordinates": [5.22162226, 52.03046438]}, "id": "1e258c9f-11e7-5827-9219-47357d0a5511"}, {"type": "Feature", "properties": {"gm_gar_pk": 988, "gm_gmw_monitoringtube.href": "https://api.pdok.nl/tno/bro-grondwatermonitoring-in-samenhang-karakteristieken/ogc/v1/collections/gm_gmw_monitoringtube/items/07e7419a-d90a-5361-b905-2e660457009d", "gm_gmw_monitoringtube_fk": 23613, "bro_id": "GAR000000001007", "delivery_accountable_party": "30277172", "quality_regime": "IMBRO/A", "object_registration_time": "2022-11-25T12:21:33+01:00", "latest_addition_time": null, "registration_completion_time": "2022-11-25T12:21:33+01:00", "latest_correction_time": null, "under_review_time": null, "sampling_date_time": "1998-06-26T12:00:00+02:00", "imbro_xml_url": "https://publiek.broservices.nl/gm/gar/v1/objects/GAR000000001007"}, "geometry": {"type": "Point", "coordinates": [5.24992749, 52.07304123]}, "id": "c5a66a3e-f44e-5bab-9003-062f0050dd21"}, {"type": "Feature", "properties": {"gm_gar_pk": 989, "gm_gmw_monitoringtube.href": "https://api.pdok.nl/tno/bro-grondwatermonitoring-in-samenhang-karakteristieken/ogc/v1/collections/gm_gmw_monitoringtube/items/07e7419a-d90a-5361-b905-2e660457009d", "gm_gmw_monitoringtube_fk": 23613, "bro_id": "GAR000000001008", "delivery_accountable_party": "30277172", "quality_regime": "IMBRO/A", "object_registration_time": "2022-11-25T12:21:35+01:00", "latest_addition_time": null, "registration_completion_time": "2022-11-25T12:21:35+01:00", "latest_correction_time": null, "under_review_time": null, "sampling_date_time": "2003-01-01T11:00:00+01:00", "imbro_xml_url": "https://publiek.broservices.nl/gm/gar/v1/objects/GAR000000001008"}, "geometry": {"type": "Point", "coordinates": [5.24992749, 52.07304123]}, "id": "9d2a400d-0b90-595e-894d-687d52e45038"}, {"type": "Feature", "properties": {"gm_gar_pk": 990, "gm_gmw_monitoringtube.href": "https://api.pdok.nl/tno/bro-grondwatermonitoring-in-samenhang-karakteristieken/ogc/v1/collections/gm_gmw_monitoringtube/items/07e7419a-d90a-5361-b905-2e660457009d", "gm_gmw_monitoringtube_fk": 23613, "bro_id": "GAR000000001009", "delivery_accountable_party": "30277172", "quality_regime": "IMBRO/A", "object_registration_time": "2022-11-25T12:21:37+01:00", "latest_addition_time": null, "registration_completion_time": "2022-11-25T12:21:37+01:00", "latest_correction_time": null, "under_review_time": null, "sampling_date_time": "2004-01-01T11:00:00+01:00", "imbro_xml_url": "https://publiek.broservices.nl/gm/gar/v1/objects/GAR000000001009"}, "geometry": {"type": "Point", "coordinates": [5.24992749, 52.07304123]}, "id": "527cf7ed-c4eb-5cfb-b2d4-cf37e321cc8e"}, {"type": "Feature", "properties": {"gm_gar_pk": 991, "gm_gmw_monitoringtube.href": "https://api.pdok.nl/tno/bro-grondwatermonitoring-in-samenhang-karakteristieken/ogc/v1/collections/gm_gmw_monitoringtube/items/07e7419a-d90a-5361-b905-2e660457009d", "gm_gmw_monitoringtube_fk": 23613, "bro_id": "GAR000000001010", "delivery_accountable_party": "30277172", "quality_regime": "IMBRO/A", "object_registration_time": "2022-11-25T12:21:39+01:00", "latest_addition_time": null, "registration_completion_time": "2022-11-25T12:21:39+01:00", "latest_correction_time": null, "under_review_time": null, "sampling_date_time": "2007-09-01T12:00:00+02:00", "imbro_xml_url": "https://publiek.broservices.nl/gm/gar/v1/objects/GAR000000001010"}, "geometry": {"type": "Point", "coordinates": [5.24992749, 52.07304123]}, "id": "f0096cdd-32b3-5801-ade3-92432ddb11c3"}, {"type": "Feature", "properties": {"gm_gar_pk": 992, "gm_gmw_monitoringtube.href": "https://api.pdok.nl/tno/bro-grondwatermonitoring-in-samenhang-karakteristieken/ogc/v1/collections/gm_gmw_monitoringtube/items/07e7419a-d90a-5361-b905-2e660457009d", "gm_gmw_monitoringtube_fk": 23613, "bro_id": "GAR000000001011", "delivery_accountable_party": "30277172", "quality_regime": "IMBRO/A", "object_registration_time": "2022-11-25T12:21:41+01:00", "latest_addition_time": null, "registration_completion_time": "2022-11-25T12:21:41+01:00", "latest_correction_time": null, "under_review_time": null, "sampling_date_time": "2008-09-16T12:00:00+02:00", "imbro_xml_url": "https://publiek.broservices.nl/gm/gar/v1/objects/GAR000000001011"}, "geometry": {"type": "Point", "coordinates": [5.24992749, 52.07304123]}, "id": "860bb65b-0490-594a-a5a6-77e9be6e83fb"}, {"type": "Feature", "properties": {"gm_gar_pk": 993, "gm_gmw_monitoringtube.href": "https://api.pdok.nl/tno/bro-grondwatermonitoring-in-samenhang-karakteristieken/ogc/v1/collections/gm_gmw_monitoringtube/items/07e7419a-d90a-5361-b905-2e660457009d", "gm_gmw_monitoringtube_fk": 23613, "bro_id": "GAR000000001012", "delivery_accountable_party": "30277172", "quality_regime": "IMBRO/A", "object_registration_time": "2022-11-25T12:21:43+01:00", "latest_addition_time": null, "registration_completion_time": "2022-11-25T12:21:43+01:00", "latest_correction_time": null, "under_review_time": null, "sampling_date_time": "2010-03-09T11:00:00+01:00", "imbro_xml_url": "https://publiek.broservices.nl/gm/gar/v1/objects/GAR000000001012"}, "geometry": {"type": "Point", "coordinates": [5.24992749, 52.07304123]}, "id": "77ecd526-fd94-528d-969d-c667e2b0316e"}, {"type": "Feature", "properties": {"gm_gar_pk": 994, "gm_gmw_monitoringtube.href": "https://api.pdok.nl/tno/bro-grondwatermonitoring-in-samenhang-karakteristieken/ogc/v1/collections/gm_gmw_monitoringtube/items/07e7419a-d90a-5361-b905-2e660457009d", "gm_gmw_monitoringtube_fk": 23613, "bro_id": "GAR000000001013", "delivery_accountable_party": "30277172", "quality_regime": "IMBRO/A", "object_registration_time": "2022-11-25T12:21:45+01:00", "latest_addition_time": null, "registration_completion_time": "2022-11-25T12:21:45+01:00", "latest_correction_time": null, "under_review_time": null, "sampling_date_time": "2012-03-05T11:00:00+01:00", "imbro_xml_url": "https://publiek.broservices.nl/gm/gar/v1/objects/GAR000000001013"}, "geometry": {"type": "Point", "coordinates": [5.24992749, 52.07304123]}, "id": "347c9e17-0ea9-526f-8343-d2e8c99ccfa9"}, {"type": "Feature", "properties": {"gm_gar_pk": 995, "gm_gmw_monitoringtube.href": "https://api.pdok.nl/tno/bro-grondwatermonitoring-in-samenhang-karakteristieken/ogc/v1/collections/gm_gmw_monitoringtube/items/07e7419a-d90a-5361-b905-2e660457009d", "gm_gmw_monitoringtube_fk": 23613, "bro_id": "GAR000000001014", "delivery_accountable_party": "30277172", "quality_regime": "IMBRO/A", "object_registration_time": "2022-11-25T12:21:47+01:00", "latest_addition_time": null, "registration_completion_time": "2022-11-25T12:21:47+01:00", "latest_correction_time": null, "under_review_time": null, "sampling_date_time": "2015-06-10T12:00:00+02:00", "imbro_xml_url": "https://publiek.broservices.nl/gm/gar/v1/objects/GAR000000001014"}, "geometry": {"type": "Point", "coordinates": [5.24992749, 52.07304123]}, "id": "c30e38bd-3036-5099-9961-491565a4790a"}, {"type": "Feature", "properties": {"gm_gar_pk": 996, "gm_gmw_monitoringtube.href": "https://api.pdok.nl/tno/bro-grondwatermonitoring-in-samenhang-karakteristieken/ogc/v1/collections/gm_gmw_monitoringtube/items/07e7419a-d90a-5361-b905-2e660457009d", "gm_gmw_monitoringtube_fk": 23613, "bro_id": "GAR000000001015", "delivery_accountable_party": "30277172", "quality_regime": "IMBRO/A", "object_registration_time": "2022-11-25T12:21:49+01:00", "latest_addition_time": null, "registration_completion_time": "2022-11-25T12:21:49+01:00", "latest_correction_time": null, "under_review_time": null, "sampling_date_time": "2018-05-15T12:00:00+02:00", "imbro_xml_url": "https://publiek.broservices.nl/gm/gar/v1/objects/GAR000000001015"}, "geometry": {"type": "Point", "coordinates": [5.24992749, 52.07304123]}, "id": "bfbaaea5-f81a-57f6-9e5f-7af44917caf4"}, {"type": "Feature", "properties": {"gm_gar_pk": 997, "gm_gmw_monitoringtube.href": "https://api.pdok.nl/tno/bro-grondwatermonitoring-in-samenhang-karakteristieken/ogc/v1/collections/gm_gmw_monitoringtube/items/80bf4efc-9f36-5d43-abe2-d61ca8542529", "gm_gmw_monitoringtube_fk": 23011, "bro_id": "GAR000000001016", "delivery_accountable_party": "30277172", "quality_regime": "IMBRO/A", "object_registration_time": "2022-11-25T12:21:51+01:00", "latest_addition_time": null, "registration_completion_time": "2022-11-25T12:21:51+01:00", "latest_correction_time": null, "under_review_time": null, "sampling_date_time": "1998-06-26T12:00:00+02:00", "imbro_xml_url": "https://publiek.broservices.nl/gm/gar/v1/objects/GAR000000001016"}, "geometry": {"type": "Point", "coordinates": [5.20928087, 52.08230461]}, "id": "33c24229-6556-5909-8a5c-bbe9e5e6e0ab"}, {"type": "Feature", "properties": {"gm_gar_pk": 998, "gm_gmw_monitoringtube.href": "https://api.pdok.nl/tno/bro-grondwatermonitoring-in-samenhang-karakteristieken/ogc/v1/collections/gm_gmw_monitoringtube/items/80bf4efc-9f36-5d43-abe2-d61ca8542529", "gm_gmw_monitoringtube_fk": 23011, "bro_id": "GAR000000001017", "delivery_accountable_party": "30277172", "quality_regime": "IMBRO/A", "object_registration_time": "2022-11-25T12:21:52+01:00", "latest_addition_time": null, "registration_completion_time": "2022-11-25T12:21:52+01:00", "latest_correction_time": null, "under_review_time": null, "sampling_date_time": "2010-03-09T11:00:00+01:00", "imbro_xml_url": "https://publiek.broservices.nl/gm/gar/v1/objects/GAR000000001017"}, "geometry": {"type": "Point", "coordinates": [5.20928087, 52.08230461]}, "id": "fa7a1a47-c27d-5f44-8467-8dbfd194ded3"}, {"type": "Feature", "properties": {"gm_gar_pk": 999, "gm_gmw_monitoringtube.href": "https://api.pdok.nl/tno/bro-grondwatermonitoring-in-samenhang-karakteristieken/ogc/v1/collections/gm_gmw_monitoringtube/items/80bf4efc-9f36-5d43-abe2-d61ca8542529", "gm_gmw_monitoringtube_fk": 23011, "bro_id": "GAR000000001018", "delivery_accountable_party": "30277172", "quality_regime": "IMBRO/A", "object_registration_time": "2022-11-25T12:21:54+01:00", "latest_addition_time": null, "registration_completion_time": "2022-11-25T12:21:54+01:00", "latest_correction_time": null, "under_review_time": null, "sampling_date_time": "2012-02-28T11:00:00+01:00", "imbro_xml_url": "https://publiek.broservices.nl/gm/gar/v1/objects/GAR000000001018"}, "geometry": {"type": "Point", "coordinates": [5.20928087, 52.08230461]}, "id": "2b53263b-0f38-5940-a7b1-b693c4ee9ae1"}, {"type": "Feature", "properties": {"gm_gar_pk": 1000, "gm_gmw_monitoringtube.href": "https://api.pdok.nl/tno/bro-grondwatermonitoring-in-samenhang-karakteristieken/ogc/v1/collections/gm_gmw_monitoringtube/items/80bf4efc-9f36-5d43-abe2-d61ca8542529", "gm_gmw_monitoringtube_fk": 23011, "bro_id": "GAR000000001019", "delivery_accountable_party": "30277172", "quality_regime": "IMBRO/A", "object_registration_time": "2022-11-25T12:21:56+01:00", "latest_addition_time": null, "registration_completion_time": "2022-11-25T12:21:56+01:00", "latest_correction_time": null, "under_review_time": null, "sampling_date_time": "2015-06-26T12:00:00+02:00", "imbro_xml_url": "https://publiek.broservices.nl/gm/gar/v1/objects/GAR000000001019"}, "geometry": {"type": "Point", "coordinates": [5.20928087, 52.08230461]}, "id": "66e5420f-dcb3-59e0-8bbc-9aae263115db"}, {"type": "Feature", "properties": {"gm_gar_pk": 1001, "gm_gmw_monitoringtube.href": "https://api.pdok.nl/tno/bro-grondwatermonitoring-in-samenhang-karakteristieken/ogc/v1/collections/gm_gmw_monitoringtube/items/80bf4efc-9f36-5d43-abe2-d61ca8542529", "gm_gmw_monitoringtube_fk": 23011, "bro_id": "GAR000000001020", "delivery_accountable_party": "30277172", "quality_regime": "IMBRO/A", "object_registration_time": "2022-11-25T12:21:58+01:00", "latest_addition_time": null, "registration_completion_time": "2022-11-25T12:21:58+01:00", "latest_correction_time": null, "under_review_time": null, "sampling_date_time": "2018-05-09T12:00:00+02:00", "imbro_xml_url": "https://publiek.broservices.nl/gm/gar/v1/objects/GAR000000001020"}, "geometry": {"type": "Point", "coordinates": [5.20928087, 52.08230461]}, "id": "5c1be1a3-6850-52cb-94a8-b9ad285fd5b6"}, {"type": "Feature", "properties": {"gm_gar_pk": 1022, "gm_gmw_monitoringtube.href": "https://api.pdok.nl/tno/bro-grondwatermonitoring-in-samenhang-karakteristieken/ogc/v1/collections/gm_gmw_monitoringtube/items/0f85d2d2-f017-5e46-9490-a418996c9848", "gm_gmw_monitoringtube_fk": 39078, "bro_id": "GAR000000001041", "delivery_accountable_party": "30277172", "quality_regime": "IMBRO/A", "object_registration_time": "2022-11-25T12:22:40+01:00", "latest_addition_time": null, "registration_completion_time": "2022-11-25T12:22:40+01:00", "latest_correction_time": null, "under_review_time": null, "sampling_date_time": "1998-04-10T12:00:00+02:00", "imbro_xml_url": "https://publiek.broservices.nl/gm/gar/v1/objects/GAR000000001041"}, "geometry": {"type": "Point", "coordinates": [5.220059644, 52.135058142]}, "id": "5a4e7c2d-c251-50a2-a081-a4393af50ac1"}, {"type": "Feature", "properties": {"gm_gar_pk": 1023, "gm_gmw_monitoringtube.href": "https://api.pdok.nl/tno/bro-grondwatermonitoring-in-samenhang-karakteristieken/ogc/v1/collections/gm_gmw_monitoringtube/items/0f85d2d2-f017-5e46-9490-a418996c9848", "gm_gmw_monitoringtube_fk": 39078, "bro_id": "GAR000000001042", "delivery_accountable_party": "30277172", "quality_regime": "IMBRO/A", "object_registration_time": "2022-11-25T12:22:42+01:00", "latest_addition_time": null, "registration_completion_time": "2022-11-25T12:22:42+01:00", "latest_correction_time": null, "under_review_time": null, "sampling_date_time": "2003-01-01T11:00:00+01:00", "imbro_xml_url": "https://publiek.broservices.nl/gm/gar/v1/objects/GAR000000001042"}, "geometry": {"type": "Point", "coordinates": [5.220059644, 52.135058142]}, "id": "ddcb8377-02e8-53e3-aac9-5b75a6762406"}, {"type": "Feature", "properties": {"gm_gar_pk": 1024, "gm_gmw_monitoringtube.href": "https://api.pdok.nl/tno/bro-grondwatermonitoring-in-samenhang-karakteristieken/ogc/v1/collections/gm_gmw_monitoringtube/items/0f85d2d2-f017-5e46-9490-a418996c9848", "gm_gmw_monitoringtube_fk": 39078, "bro_id": "GAR000000001043", "delivery_accountable_party": "30277172", "quality_regime": "IMBRO/A", "object_registration_time": "2022-11-25T12:22:44+01:00", "latest_addition_time": null, "registration_completion_time": "2022-11-25T12:22:44+01:00", "latest_correction_time": null, "under_review_time": null, "sampling_date_time": "2004-01-01T11:00:00+01:00", "imbro_xml_url": "https://publiek.broservices.nl/gm/gar/v1/objects/GAR000000001043"}, "geometry": {"type": "Point", "coordinates": [5.220059644, 52.135058142]}, "id": "7569da19-866f-5c1f-be40-77ac6b4088a9"}, {"type": "Feature", "properties": {"gm_gar_pk": 1025, "gm_gmw_monitoringtube.href": "https://api.pdok.nl/tno/bro-grondwatermonitoring-in-samenhang-karakteristieken/ogc/v1/collections/gm_gmw_monitoringtube/items/0f85d2d2-f017-5e46-9490-a418996c9848", "gm_gmw_monitoringtube_fk": 39078, "bro_id": "GAR000000001044", "delivery_accountable_party": "30277172", "quality_regime": "IMBRO/A", "object_registration_time": "2022-11-25T12:22:46+01:00", "latest_addition_time": null, "registration_completion_time": "2022-11-25T12:22:46+01:00", "latest_correction_time": null, "under_review_time": null, "sampling_date_time": "2006-04-13T12:00:00+02:00", "imbro_xml_url": "https://publiek.broservices.nl/gm/gar/v1/objects/GAR000000001044"}, "geometry": {"type": "Point", "coordinates": [5.220059644, 52.135058142]}, "id": "bc7d8b22-6eaa-5ab6-969e-e5dd9f516fa7"}, {"type": "Feature", "properties": {"gm_gar_pk": 1026, "gm_gmw_monitoringtube.href": "https://api.pdok.nl/tno/bro-grondwatermonitoring-in-samenhang-karakteristieken/ogc/v1/collections/gm_gmw_monitoringtube/items/0f85d2d2-f017-5e46-9490-a418996c9848", "gm_gmw_monitoringtube_fk": 39078, "bro_id": "GAR000000001045", "delivery_accountable_party": "30277172", "quality_regime": "IMBRO/A", "object_registration_time": "2022-11-25T12:22:48+01:00", "latest_addition_time": null, "registration_completion_time": "2022-11-25T12:22:48+01:00", "latest_correction_time": null, "under_review_time": null, "sampling_date_time": "2007-12-01T11:00:00+01:00", "imbro_xml_url": "https://publiek.broservices.nl/gm/gar/v1/objects/GAR000000001045"}, "geometry": {"type": "Point", "coordinates": [5.220059644, 52.135058142]}, "id": "e04f9a12-851b-575a-93a5-66312fa70b1c"}, {"type": "Feature", "properties": {"gm_gar_pk": 1027, "gm_gmw_monitoringtube.href": "https://api.pdok.nl/tno/bro-grondwatermonitoring-in-samenhang-karakteristieken/ogc/v1/collections/gm_gmw_monitoringtube/items/0f85d2d2-f017-5e46-9490-a418996c9848", "gm_gmw_monitoringtube_fk": 39078, "bro_id": "GAR000000001046", "delivery_accountable_party": "30277172", "quality_regime": "IMBRO/A", "object_registration_time": "2022-11-25T12:22:50+01:00", "latest_addition_time": null, "registration_completion_time": "2022-11-25T12:22:50+01:00", "latest_correction_time": null, "under_review_time": null, "sampling_date_time": "2008-09-16T12:00:00+02:00", "imbro_xml_url": "https://publiek.broservices.nl/gm/gar/v1/objects/GAR000000001046"}, "geometry": {"type": "Point", "coordinates": [5.220059644, 52.135058142]}, "id": "62a6f7a4-14a2-5ea4-937e-85bb5e24a45f"}, {"type": "Feature", "properties": {"gm_gar_pk": 1028, "gm_gmw_monitoringtube.href": "https://api.pdok.nl/tno/bro-grondwatermonitoring-in-samenhang-karakteristieken/ogc/v1/collections/gm_gmw_monitoringtube/items/0f85d2d2-f017-5e46-9490-a418996c9848", "gm_gmw_monitoringtube_fk": 39078, "bro_id": "GAR000000001047", "delivery_accountable_party": "30277172", "quality_regime": "IMBRO/A", "object_registration_time": "2022-11-25T12:22:51+01:00", "latest_addition_time": null, "registration_completion_time": "2022-11-25T12:22:51+01:00", "latest_correction_time": null, "under_review_time": null, "sampling_date_time": "2009-10-23T12:00:00+02:00", "imbro_xml_url": "https://publiek.broservices.nl/gm/gar/v1/objects/GAR000000001047"}, "geometry": {"type": "Point", "coordinates": [5.220059644, 52.135058142]}, "id": "7f9c07ed-ce14-561f-b0c9-ad20d19fdc30"}, {"type": "Feature", "properties": {"gm_gar_pk": 1029, "gm_gmw_monitoringtube.href": "https://api.pdok.nl/tno/bro-grondwatermonitoring-in-samenhang-karakteristieken/ogc/v1/collections/gm_gmw_monitoringtube/items/0f85d2d2-f017-5e46-9490-a418996c9848", "gm_gmw_monitoringtube_fk": 39078, "bro_id": "GAR000000001048", "delivery_accountable_party": "30277172", "quality_regime": "IMBRO/A", "object_registration_time": "2022-11-25T12:22:53+01:00", "latest_addition_time": null, "registration_completion_time": "2022-11-25T12:22:53+01:00", "latest_correction_time": null, "under_review_time": null, "sampling_date_time": "2010-03-18T11:00:00+01:00", "imbro_xml_url": "https://publiek.broservices.nl/gm/gar/v1/objects/GAR000000001048"}, "geometry": {"type": "Point", "coordinates": [5.220059644, 52.135058142]}, "id": "6f822a58-e9c1-5258-a810-f9e28007f566"}, {"type": "Feature", "properties": {"gm_gar_pk": 1030, "gm_gmw_monitoringtube.href": "https://api.pdok.nl/tno/bro-grondwatermonitoring-in-samenhang-karakteristieken/ogc/v1/collections/gm_gmw_monitoringtube/items/0f85d2d2-f017-5e46-9490-a418996c9848", "gm_gmw_monitoringtube_fk": 39078, "bro_id": "GAR000000001049", "delivery_accountable_party": "30277172", "quality_regime": "IMBRO/A", "object_registration_time": "2022-11-25T12:22:55+01:00", "latest_addition_time": null, "registration_completion_time": "2022-11-25T12:22:55+01:00", "latest_correction_time": null, "under_review_time": null, "sampling_date_time": "2012-02-29T11:00:00+01:00", "imbro_xml_url": "https://publiek.broservices.nl/gm/gar/v1/objects/GAR000000001049"}, "geometry": {"type": "Point", "coordinates": [5.220059644, 52.135058142]}, "id": "c740c80c-62de-53e5-a2ea-fffbdde37d32"}, {"type": "Feature", "properties": {"gm_gar_pk": 1031, "gm_gmw_monitoringtube.href": "https://api.pdok.nl/tno/bro-grondwatermonitoring-in-samenhang-karakteristieken/ogc/v1/collections/gm_gmw_monitoringtube/items/0f85d2d2-f017-5e46-9490-a418996c9848", "gm_gmw_monitoringtube_fk": 39078, "bro_id": "GAR000000001050", "delivery_accountable_party": "30277172", "quality_regime": "IMBRO/A", "object_registration_time": "2022-11-25T12:22:57+01:00", "latest_addition_time": null, "registration_completion_time": "2022-11-25T12:22:57+01:00", "latest_correction_time": null, "under_review_time": null, "sampling_date_time": "2015-06-08T12:00:00+02:00", "imbro_xml_url": "https://publiek.broservices.nl/gm/gar/v1/objects/GAR000000001050"}, "geometry": {"type": "Point", "coordinates": [5.220059644, 52.135058142]}, "id": "67878862-98e7-5321-869a-2f69ba7c517f"}, {"type": "Feature", "properties": {"gm_gar_pk": 1032, "gm_gmw_monitoringtube.href": "https://api.pdok.nl/tno/bro-grondwatermonitoring-in-samenhang-karakteristieken/ogc/v1/collections/gm_gmw_monitoringtube/items/0f85d2d2-f017-5e46-9490-a418996c9848", "gm_gmw_monitoringtube_fk": 39078, "bro_id": "GAR000000001051", "delivery_accountable_party": "30277172", "quality_regime": "IMBRO/A", "object_registration_time": "2022-11-25T12:23:00+01:00", "latest_addition_time": null, "registration_completion_time": "2022-11-25T12:23:00+01:00", "latest_correction_time": null, "under_review_time": null, "sampling_date_time": "2018-05-08T12:00:00+02:00", "imbro_xml_url": "https://publiek.broservices.nl/gm/gar/v1/objects/GAR000000001051"}, "geometry": {"type": "Point", "coordinates": [5.220059644, 52.135058142]}, "id": "3c04e2ef-c0ad-59a6-b8b4-44ff2e91f81b"}, {"type": "Feature", "properties": {"gm_gar_pk": 1033, "gm_gmw_monitoringtube.href": "https://api.pdok.nl/tno/bro-grondwatermonitoring-in-samenhang-karakteristieken/ogc/v1/collections/gm_gmw_monitoringtube/items/668610ef-4cc5-5862-b5ff-0df023b05402", "gm_gmw_monitoringtube_fk": 39080, "bro_id": "GAR000000001052", "delivery_accountable_party": "30277172", "quality_regime": "IMBRO/A", "object_registration_time": "2022-11-25T12:23:02+01:00", "latest_addition_time": null, "registration_completion_time": "2022-11-25T12:23:02+01:00", "latest_correction_time": null, "under_review_time": null, "sampling_date_time": "2003-01-01T11:00:00+01:00", "imbro_xml_url": "https://publiek.broservices.nl/gm/gar/v1/objects/GAR000000001052"}, "geometry": {"type": "Point", "coordinates": [5.220059644, 52.135058142]}, "id": "fb3eec1d-4f28-5861-875e-68525aa2d840"}, {"type": "Feature", "properties": {"gm_gar_pk": 1034, "gm_gmw_monitoringtube.href": "https://api.pdok.nl/tno/bro-grondwatermonitoring-in-samenhang-karakteristieken/ogc/v1/collections/gm_gmw_monitoringtube/items/668610ef-4cc5-5862-b5ff-0df023b05402", "gm_gmw_monitoringtube_fk": 39080, "bro_id": "GAR000000001053", "delivery_accountable_party": "30277172", "quality_regime": "IMBRO/A", "object_registration_time": "2022-11-25T12:23:04+01:00", "latest_addition_time": null, "registration_completion_time": "2022-11-25T12:23:04+01:00", "latest_correction_time": null, "under_review_time": null, "sampling_date_time": "2004-01-01T11:00:00+01:00", "imbro_xml_url": "https://publiek.broservices.nl/gm/gar/v1/objects/GAR000000001053"}, "geometry": {"type": "Point", "coordinates": [5.220059644, 52.135058142]}, "id": "8c9aa23a-98e1-5030-b613-bc5e60701cea"}, {"type": "Feature", "properties": {"gm_gar_pk": 1035, "gm_gmw_monitoringtube.href": "https://api.pdok.nl/tno/bro-grondwatermonitoring-in-samenhang-karakteristieken/ogc/v1/collections/gm_gmw_monitoringtube/items/668610ef-4cc5-5862-b5ff-0df023b05402", "gm_gmw_monitoringtube_fk": 39080, "bro_id": "GAR000000001054", "delivery_accountable_party": "30277172", "quality_regime": "IMBRO/A", "object_registration_time": "2022-11-25T12:23:06+01:00", "latest_addition_time": null, "registration_completion_time": "2022-11-25T12:23:06+01:00", "latest_correction_time": null, "under_review_time": null, "sampling_date_time": "2006-04-13T12:00:00+02:00", "imbro_xml_url": "https://publiek.broservices.nl/gm/gar/v1/objects/GAR000000001054"}, "geometry": {"type": "Point", "coordinates": [5.220059644, 52.135058142]}, "id": "5a8c635e-296e-5704-b603-d7284ccdcf46"}, {"type": "Feature", "properties": {"gm_gar_pk": 1036, "gm_gmw_monitoringtube.href": "https://api.pdok.nl/tno/bro-grondwatermonitoring-in-samenhang-karakteristieken/ogc/v1/collections/gm_gmw_monitoringtube/items/668610ef-4cc5-5862-b5ff-0df023b05402", "gm_gmw_monitoringtube_fk": 39080, "bro_id": "GAR000000001055", "delivery_accountable_party": "30277172", "quality_regime": "IMBRO/A", "object_registration_time": "2022-11-25T12:23:07+01:00", "latest_addition_time": null, "registration_completion_time": "2022-11-25T12:23:07+01:00", "latest_correction_time": null, "under_review_time": null, "sampling_date_time": "2007-09-01T12:00:00+02:00", "imbro_xml_url": "https://publiek.broservices.nl/gm/gar/v1/objects/GAR000000001055"}, "geometry": {"type": "Point", "coordinates": [5.220059644, 52.135058142]}, "id": "a92bf38c-5775-5836-baa7-100b0915023e"}, {"type": "Feature", "properties": {"gm_gar_pk": 1037, "gm_gmw_monitoringtube.href": "https://api.pdok.nl/tno/bro-grondwatermonitoring-in-samenhang-karakteristieken/ogc/v1/collections/gm_gmw_monitoringtube/items/668610ef-4cc5-5862-b5ff-0df023b05402", "gm_gmw_monitoringtube_fk": 39080, "bro_id": "GAR000000001056", "delivery_accountable_party": "30277172", "quality_regime": "IMBRO/A", "object_registration_time": "2022-11-25T12:23:09+01:00", "latest_addition_time": null, "registration_completion_time": "2022-11-25T12:23:09+01:00", "latest_correction_time": null, "under_review_time": null, "sampling_date_time": "2008-09-16T12:00:00+02:00", "imbro_xml_url": "https://publiek.broservices.nl/gm/gar/v1/objects/GAR000000001056"}, "geometry": {"type": "Point", "coordinates": [5.220059644, 52.135058142]}, "id": "9008cb2b-af7d-58da-a3d2-eb22725b1dd2"}, {"type": "Feature", "properties": {"gm_gar_pk": 1038, "gm_gmw_monitoringtube.href": "https://api.pdok.nl/tno/bro-grondwatermonitoring-in-samenhang-karakteristieken/ogc/v1/collections/gm_gmw_monitoringtube/items/668610ef-4cc5-5862-b5ff-0df023b05402", "gm_gmw_monitoringtube_fk": 39080, "bro_id": "GAR000000001057", "delivery_accountable_party": "30277172", "quality_regime": "IMBRO/A", "object_registration_time": "2022-11-25T12:23:11+01:00", "latest_addition_time": null, "registration_completion_time": "2022-11-25T12:23:11+01:00", "latest_correction_time": null, "under_review_time": null, "sampling_date_time": "2009-10-23T12:00:00+02:00", "imbro_xml_url": "https://publiek.broservices.nl/gm/gar/v1/objects/GAR000000001057"}, "geometry": {"type": "Point", "coordinates": [5.220059644, 52.135058142]}, "id": "5cfb548e-2438-595a-b949-aca87f84f38f"}, {"type": "Feature", "properties": {"gm_gar_pk": 1039, "gm_gmw_monitoringtube.href": "https://api.pdok.nl/tno/bro-grondwatermonitoring-in-samenhang-karakteristieken/ogc/v1/collections/gm_gmw_monitoringtube/items/668610ef-4cc5-5862-b5ff-0df023b05402", "gm_gmw_monitoringtube_fk": 39080, "bro_id": "GAR000000001058", "delivery_accountable_party": "30277172", "quality_regime": "IMBRO/A", "object_registration_time": "2022-11-25T12:23:13+01:00", "latest_addition_time": null, "registration_completion_time": "2022-11-25T12:23:13+01:00", "latest_correction_time": null, "under_review_time": null, "sampling_date_time": "2010-03-18T11:00:00+01:00", "imbro_xml_url": "https://publiek.broservices.nl/gm/gar/v1/objects/GAR000000001058"}, "geometry": {"type": "Point", "coordinates": [5.220059644, 52.135058142]}, "id": "e046ca3d-4726-5091-892e-76b2043604a4"}, {"type": "Feature", "properties": {"gm_gar_pk": 1040, "gm_gmw_monitoringtube.href": "https://api.pdok.nl/tno/bro-grondwatermonitoring-in-samenhang-karakteristieken/ogc/v1/collections/gm_gmw_monitoringtube/items/668610ef-4cc5-5862-b5ff-0df023b05402", "gm_gmw_monitoringtube_fk": 39080, "bro_id": "GAR000000001059", "delivery_accountable_party": "30277172", "quality_regime": "IMBRO/A", "object_registration_time": "2022-11-25T12:23:15+01:00", "latest_addition_time": null, "registration_completion_time": "2022-11-25T12:23:15+01:00", "latest_correction_time": null, "under_review_time": null, "sampling_date_time": "2012-02-29T11:00:00+01:00", "imbro_xml_url": "https://publiek.broservices.nl/gm/gar/v1/objects/GAR000000001059"}, "geometry": {"type": "Point", "coordinates": [5.220059644, 52.135058142]}, "id": "e5ac51c9-7c14-5650-82ff-1e32437fd407"}, {"type": "Feature", "properties": {"gm_gar_pk": 1041, "gm_gmw_monitoringtube.href": "https://api.pdok.nl/tno/bro-grondwatermonitoring-in-samenhang-karakteristieken/ogc/v1/collections/gm_gmw_monitoringtube/items/668610ef-4cc5-5862-b5ff-0df023b05402", "gm_gmw_monitoringtube_fk": 39080, "bro_id": "GAR000000001060", "delivery_accountable_party": "30277172", "quality_regime": "IMBRO/A", "object_registration_time": "2022-11-25T12:23:17+01:00", "latest_addition_time": null, "registration_completion_time": "2022-11-25T12:23:17+01:00", "latest_correction_time": null, "under_review_time": null, "sampling_date_time": "2015-06-08T12:00:00+02:00", "imbro_xml_url": "https://publiek.broservices.nl/gm/gar/v1/objects/GAR000000001060"}, "geometry": {"type": "Point", "coordinates": [5.220059644, 52.135058142]}, "id": "f91ec56a-fe7d-5ce5-923c-2cd86f543d29"}, {"type": "Feature", "properties": {"gm_gar_pk": 1042, "gm_gmw_monitoringtube.href": "https://api.pdok.nl/tno/bro-grondwatermonitoring-in-samenhang-karakteristieken/ogc/v1/collections/gm_gmw_monitoringtube/items/668610ef-4cc5-5862-b5ff-0df023b05402", "gm_gmw_monitoringtube_fk": 39080, "bro_id": "GAR000000001061", "delivery_accountable_party": "30277172", "quality_regime": "IMBRO/A", "object_registration_time": "2022-11-25T12:23:19+01:00", "latest_addition_time": null, "registration_completion_time": "2022-11-25T12:23:19+01:00", "latest_correction_time": null, "under_review_time": null, "sampling_date_time": "2018-05-08T12:00:00+02:00", "imbro_xml_url": "https://publiek.broservices.nl/gm/gar/v1/objects/GAR000000001061"}, "geometry": {"type": "Point", "coordinates": [5.220059644, 52.135058142]}, "id": "6260bf59-e296-511c-9399-f1cc0d7a223b"}, {"type": "Feature", "properties": {"gm_gar_pk": 1055, "gm_gmw_monitoringtube.href": "https://api.pdok.nl/tno/bro-grondwatermonitoring-in-samenhang-karakteristieken/ogc/v1/collections/gm_gmw_monitoringtube/items/bd37d2cb-f672-582d-8065-4368226ee5c7", "gm_gmw_monitoringtube_fk": 39214, "bro_id": "GAR000000001074", "delivery_accountable_party": "30277172", "quality_regime": "IMBRO/A", "object_registration_time": "2022-11-25T12:23:55+01:00", "latest_addition_time": null, "registration_completion_time": "2022-11-25T12:23:55+01:00", "latest_correction_time": null, "under_review_time": null, "sampling_date_time": "2003-01-01T11:00:00+01:00", "imbro_xml_url": "https://publiek.broservices.nl/gm/gar/v1/objects/GAR000000001074"}, "geometry": {"type": "Point", "coordinates": [5.18767327, 52.052827187]}, "id": "9b9640ae-7932-5f5d-bcdb-b9eda506ae74"}, {"type": "Feature", "properties": {"gm_gar_pk": 1056, "gm_gmw_monitoringtube.href": "https://api.pdok.nl/tno/bro-grondwatermonitoring-in-samenhang-karakteristieken/ogc/v1/collections/gm_gmw_monitoringtube/items/bd37d2cb-f672-582d-8065-4368226ee5c7", "gm_gmw_monitoringtube_fk": 39214, "bro_id": "GAR000000001075", "delivery_accountable_party": "30277172", "quality_regime": "IMBRO/A", "object_registration_time": "2022-11-25T12:23:57+01:00", "latest_addition_time": null, "registration_completion_time": "2022-11-25T12:23:57+01:00", "latest_correction_time": null, "under_review_time": null, "sampling_date_time": "2006-04-05T12:00:00+02:00", "imbro_xml_url": "https://publiek.broservices.nl/gm/gar/v1/objects/GAR000000001075"}, "geometry": {"type": "Point", "coordinates": [5.18767327, 52.052827187]}, "id": "9fb24a16-4571-564d-aabf-970a10c2ed94"}, {"type": "Feature", "properties": {"gm_gar_pk": 1057, "gm_gmw_monitoringtube.href": "https://api.pdok.nl/tno/bro-grondwatermonitoring-in-samenhang-karakteristieken/ogc/v1/collections/gm_gmw_monitoringtube/items/bd37d2cb-f672-582d-8065-4368226ee5c7", "gm_gmw_monitoringtube_fk": 39214, "bro_id": "GAR000000001076", "delivery_accountable_party": "30277172", "quality_regime": "IMBRO/A", "object_registration_time": "2022-11-25T12:23:59+01:00", "latest_addition_time": null, "registration_completion_time": "2022-11-25T12:23:59+01:00", "latest_correction_time": null, "under_review_time": null, "sampling_date_time": "2007-09-01T12:00:00+02:00", "imbro_xml_url": "https://publiek.broservices.nl/gm/gar/v1/objects/GAR000000001076"}, "geometry": {"type": "Point", "coordinates": [5.18767327, 52.052827187]}, "id": "7048e859-184a-52f3-9adb-c55b5995e42f"}, {"type": "Feature", "properties": {"gm_gar_pk": 1058, "gm_gmw_monitoringtube.href": "https://api.pdok.nl/tno/bro-grondwatermonitoring-in-samenhang-karakteristieken/ogc/v1/collections/gm_gmw_monitoringtube/items/bd37d2cb-f672-582d-8065-4368226ee5c7", "gm_gmw_monitoringtube_fk": 39214, "bro_id": "GAR000000001077", "delivery_accountable_party": "30277172", "quality_regime": "IMBRO/A", "object_registration_time": "2022-11-25T12:24:01+01:00", "latest_addition_time": null, "registration_completion_time": "2022-11-25T12:24:01+01:00", "latest_correction_time": null, "under_review_time": null, "sampling_date_time": "2008-09-16T12:00:00+02:00", "imbro_xml_url": "https://publiek.broservices.nl/gm/gar/v1/objects/GAR000000001077"}, "geometry": {"type": "Point", "coordinates": [5.18767327, 52.052827187]}, "id": "0580e10f-2f9d-59c1-8719-66ff8987f420"}, {"type": "Feature", "properties": {"gm_gar_pk": 1059, "gm_gmw_monitoringtube.href": "https://api.pdok.nl/tno/bro-grondwatermonitoring-in-samenhang-karakteristieken/ogc/v1/collections/gm_gmw_monitoringtube/items/bd37d2cb-f672-582d-8065-4368226ee5c7", "gm_gmw_monitoringtube_fk": 39214, "bro_id": "GAR000000001078", "delivery_accountable_party": "30277172", "quality_regime": "IMBRO/A", "object_registration_time": "2022-11-25T12:24:03+01:00", "latest_addition_time": null, "registration_completion_time": "2022-11-25T12:24:03+01:00", "latest_correction_time": null, "under_review_time": null, "sampling_date_time": "2009-10-23T12:00:00+02:00", "imbro_xml_url": "https://publiek.broservices.nl/gm/gar/v1/objects/GAR000000001078"}, "geometry": {"type": "Point", "coordinates": [5.18767327, 52.052827187]}, "id": "577b0d69-3bc5-5e82-9cfc-ba9d2b83c1bc"}, {"type": "Feature", "properties": {"gm_gar_pk": 1060, "gm_gmw_monitoringtube.href": "https://api.pdok.nl/tno/bro-grondwatermonitoring-in-samenhang-karakteristieken/ogc/v1/collections/gm_gmw_monitoringtube/items/bd37d2cb-f672-582d-8065-4368226ee5c7", "gm_gmw_monitoringtube_fk": 39214, "bro_id": "GAR000000001079", "delivery_accountable_party": "30277172", "quality_regime": "IMBRO/A", "object_registration_time": "2022-11-25T12:24:05+01:00", "latest_addition_time": null, "registration_completion_time": "2022-11-25T12:24:05+01:00", "latest_correction_time": null, "under_review_time": null, "sampling_date_time": "2010-03-11T11:00:00+01:00", "imbro_xml_url": "https://publiek.broservices.nl/gm/gar/v1/objects/GAR000000001079"}, "geometry": {"type": "Point", "coordinates": [5.18767327, 52.052827187]}, "id": "55cd9cdf-0087-5143-a906-1fe6feaff852"}, {"type": "Feature", "properties": {"gm_gar_pk": 1061, "gm_gmw_monitoringtube.href": "https://api.pdok.nl/tno/bro-grondwatermonitoring-in-samenhang-karakteristieken/ogc/v1/collections/gm_gmw_monitoringtube/items/bd37d2cb-f672-582d-8065-4368226ee5c7", "gm_gmw_monitoringtube_fk": 39214, "bro_id": "GAR000000001080", "delivery_accountable_party": "30277172", "quality_regime": "IMBRO/A", "object_registration_time": "2022-11-25T12:24:07+01:00", "latest_addition_time": null, "registration_completion_time": "2022-11-25T12:24:07+01:00", "latest_correction_time": null, "under_review_time": null, "sampling_date_time": "2012-02-28T11:00:00+01:00", "imbro_xml_url": "https://publiek.broservices.nl/gm/gar/v1/objects/GAR000000001080"}, "geometry": {"type": "Point", "coordinates": [5.18767327, 52.052827187]}, "id": "ebf71c08-1975-588e-bac2-e7c1dd625b4e"}, {"type": "Feature", "properties": {"gm_gar_pk": 1062, "gm_gmw_monitoringtube.href": "https://api.pdok.nl/tno/bro-grondwatermonitoring-in-samenhang-karakteristieken/ogc/v1/collections/gm_gmw_monitoringtube/items/bd37d2cb-f672-582d-8065-4368226ee5c7", "gm_gmw_monitoringtube_fk": 39214, "bro_id": "GAR000000001081", "delivery_accountable_party": "30277172", "quality_regime": "IMBRO/A", "object_registration_time": "2022-11-25T12:24:09+01:00", "latest_addition_time": null, "registration_completion_time": "2022-11-25T12:24:09+01:00", "latest_correction_time": null, "under_review_time": null, "sampling_date_time": "2015-06-09T12:00:00+02:00", "imbro_xml_url": "https://publiek.broservices.nl/gm/gar/v1/objects/GAR000000001081"}, "geometry": {"type": "Point", "coordinates": [5.18767327, 52.052827187]}, "id": "abecc89e-eb45-5d62-b164-163e80a06c2b"}, {"type": "Feature", "properties": {"gm_gar_pk": 1063, "gm_gmw_monitoringtube.href": "https://api.pdok.nl/tno/bro-grondwatermonitoring-in-samenhang-karakteristieken/ogc/v1/collections/gm_gmw_monitoringtube/items/bd37d2cb-f672-582d-8065-4368226ee5c7", "gm_gmw_monitoringtube_fk": 39214, "bro_id": "GAR000000001082", "delivery_accountable_party": "30277172", "quality_regime": "IMBRO/A", "object_registration_time": "2022-11-25T12:24:11+01:00", "latest_addition_time": null, "registration_completion_time": "2022-11-25T12:24:11+01:00", "latest_correction_time": null, "under_review_time": null, "sampling_date_time": "2018-05-02T12:00:00+02:00", "imbro_xml_url": "https://publiek.broservices.nl/gm/gar/v1/objects/GAR000000001082"}, "geometry": {"type": "Point", "coordinates": [5.18767327, 52.052827187]}, "id": "fbe80440-f54f-5968-89cb-e5f1f09bea6a"}, {"type": "Feature", "properties": {"gm_gar_pk": 1064, "gm_gmw_monitoringtube.href": "https://api.pdok.nl/tno/bro-grondwatermonitoring-in-samenhang-karakteristieken/ogc/v1/collections/gm_gmw_monitoringtube/items/32e57e79-8382-5990-b5ac-a589a9e97ec5", "gm_gmw_monitoringtube_fk": 39216, "bro_id": "GAR000000001083", "delivery_accountable_party": "30277172", "quality_regime": "IMBRO/A", "object_registration_time": "2022-11-25T12:24:13+01:00", "latest_addition_time": null, "registration_completion_time": "2022-11-25T12:24:13+01:00", "latest_correction_time": null, "under_review_time": null, "sampling_date_time": "2003-01-01T11:00:00+01:00", "imbro_xml_url": "https://publiek.broservices.nl/gm/gar/v1/objects/GAR000000001083"}, "geometry": {"type": "Point", "coordinates": [5.18767327, 52.052827187]}, "id": "3c2971c9-d3e0-534d-87b7-fe4dc46d39ed"}, {"type": "Feature", "properties": {"gm_gar_pk": 1065, "gm_gmw_monitoringtube.href": "https://api.pdok.nl/tno/bro-grondwatermonitoring-in-samenhang-karakteristieken/ogc/v1/collections/gm_gmw_monitoringtube/items/32e57e79-8382-5990-b5ac-a589a9e97ec5", "gm_gmw_monitoringtube_fk": 39216, "bro_id": "GAR000000001084", "delivery_accountable_party": "30277172", "quality_regime": "IMBRO/A", "object_registration_time": "2022-11-25T12:24:15+01:00", "latest_addition_time": null, "registration_completion_time": "2022-11-25T12:24:15+01:00", "latest_correction_time": null, "under_review_time": null, "sampling_date_time": "2006-04-05T12:00:00+02:00", "imbro_xml_url": "https://publiek.broservices.nl/gm/gar/v1/objects/GAR000000001084"}, "geometry": {"type": "Point", "coordinates": [5.18767327, 52.052827187]}, "id": "0bc7b6db-21bf-5b7c-913c-e2e29bf68687"}, {"type": "Feature", "properties": {"gm_gar_pk": 1066, "gm_gmw_monitoringtube.href": "https://api.pdok.nl/tno/bro-grondwatermonitoring-in-samenhang-karakteristieken/ogc/v1/collections/gm_gmw_monitoringtube/items/32e57e79-8382-5990-b5ac-a589a9e97ec5", "gm_gmw_monitoringtube_fk": 39216, "bro_id": "GAR000000001085", "delivery_accountable_party": "30277172", "quality_regime": "IMBRO/A", "object_registration_time": "2022-11-25T12:24:17+01:00", "latest_addition_time": null, "registration_completion_time": "2022-11-25T12:24:17+01:00", "latest_correction_time": null, "under_review_time": null, "sampling_date_time": "2007-09-01T12:00:00+02:00", "imbro_xml_url": "https://publiek.broservices.nl/gm/gar/v1/objects/GAR000000001085"}, "geometry": {"type": "Point", "coordinates": [5.18767327, 52.052827187]}, "id": "b4da2377-3de8-5c2a-9b39-a977726b7a66"}, {"type": "Feature", "properties": {"gm_gar_pk": 1067, "gm_gmw_monitoringtube.href": "https://api.pdok.nl/tno/bro-grondwatermonitoring-in-samenhang-karakteristieken/ogc/v1/collections/gm_gmw_monitoringtube/items/32e57e79-8382-5990-b5ac-a589a9e97ec5", "gm_gmw_monitoringtube_fk": 39216, "bro_id": "GAR000000001086", "delivery_accountable_party": "30277172", "quality_regime": "IMBRO/A", "object_registration_time": "2022-11-25T12:24:19+01:00", "latest_addition_time": null, "registration_completion_time": "2022-11-25T12:24:19+01:00", "latest_correction_time": null, "under_review_time": null, "sampling_date_time": "2008-09-16T12:00:00+02:00", "imbro_xml_url": "https://publiek.broservices.nl/gm/gar/v1/objects/GAR000000001086"}, "geometry": {"type": "Point", "coordinates": [5.18767327, 52.052827187]}, "id": "9113cda8-558b-5021-ae0e-a7e74808420a"}, {"type": "Feature", "properties": {"gm_gar_pk": 1068, "gm_gmw_monitoringtube.href": "https://api.pdok.nl/tno/bro-grondwatermonitoring-in-samenhang-karakteristieken/ogc/v1/collections/gm_gmw_monitoringtube/items/32e57e79-8382-5990-b5ac-a589a9e97ec5", "gm_gmw_monitoringtube_fk": 39216, "bro_id": "GAR000000001087", "delivery_accountable_party": "30277172", "quality_regime": "IMBRO/A", "object_registration_time": "2022-11-25T12:24:21+01:00", "latest_addition_time": null, "registration_completion_time": "2022-11-25T12:24:21+01:00", "latest_correction_time": null, "under_review_time": null, "sampling_date_time": "2009-10-23T12:00:00+02:00", "imbro_xml_url": "https://publiek.broservices.nl/gm/gar/v1/objects/GAR000000001087"}, "geometry": {"type": "Point", "coordinates": [5.18767327, 52.052827187]}, "id": "987d960f-4eaf-54be-bb23-c152d3cdff68"}, {"type": "Feature", "properties": {"gm_gar_pk": 1069, "gm_gmw_monitoringtube.href": "https://api.pdok.nl/tno/bro-grondwatermonitoring-in-samenhang-karakteristieken/ogc/v1/collections/gm_gmw_monitoringtube/items/32e57e79-8382-5990-b5ac-a589a9e97ec5", "gm_gmw_monitoringtube_fk": 39216, "bro_id": "GAR000000001088", "delivery_accountable_party": "30277172", "quality_regime": "IMBRO/A", "object_registration_time": "2022-11-25T12:24:23+01:00", "latest_addition_time": null, "registration_completion_time": "2022-11-25T12:24:23+01:00", "latest_correction_time": null, "under_review_time": null, "sampling_date_time": "2010-03-11T11:00:00+01:00", "imbro_xml_url": "https://publiek.broservices.nl/gm/gar/v1/objects/GAR000000001088"}, "geometry": {"type": "Point", "coordinates": [5.18767327, 52.052827187]}, "id": "2744ca5c-5713-514a-8da7-c6577d23950b"}, {"type": "Feature", "properties": {"gm_gar_pk": 1070, "gm_gmw_monitoringtube.href": "https://api.pdok.nl/tno/bro-grondwatermonitoring-in-samenhang-karakteristieken/ogc/v1/collections/gm_gmw_monitoringtube/items/32e57e79-8382-5990-b5ac-a589a9e97ec5", "gm_gmw_monitoringtube_fk": 39216, "bro_id": "GAR000000001089", "delivery_accountable_party": "30277172", "quality_regime": "IMBRO/A", "object_registration_time": "2022-11-25T12:24:25+01:00", "latest_addition_time": null, "registration_completion_time": "2022-11-25T12:24:25+01:00", "latest_correction_time": null, "under_review_time": null, "sampling_date_time": "2012-02-28T11:00:00+01:00", "imbro_xml_url": "https://publiek.broservices.nl/gm/gar/v1/objects/GAR000000001089"}, "geometry": {"type": "Point", "coordinates": [5.18767327, 52.052827187]}, "id": "36796b9c-cd52-5abb-8c8b-3c8ee226f839"}, {"type": "Feature", "properties": {"gm_gar_pk": 1071, "gm_gmw_monitoringtube.href": "https://api.pdok.nl/tno/bro-grondwatermonitoring-in-samenhang-karakteristieken/ogc/v1/collections/gm_gmw_monitoringtube/items/32e57e79-8382-5990-b5ac-a589a9e97ec5", "gm_gmw_monitoringtube_fk": 39216, "bro_id": "GAR000000001090", "delivery_accountable_party": "30277172", "quality_regime": "IMBRO/A", "object_registration_time": "2022-11-25T12:24:27+01:00", "latest_addition_time": null, "registration_completion_time": "2022-11-25T12:24:27+01:00", "latest_correction_time": null, "under_review_time": null, "sampling_date_time": "2015-06-09T12:00:00+02:00", "imbro_xml_url": "https://publiek.broservices.nl/gm/gar/v1/objects/GAR000000001090"}, "geometry": {"type": "Point", "coordinates": [5.18767327, 52.052827187]}, "id": "2fe2a1ca-aede-5348-933e-e8e6d152fdd0"}, {"type": "Feature", "properties": {"gm_gar_pk": 1072, "gm_gmw_monitoringtube.href": "https://api.pdok.nl/tno/bro-grondwatermonitoring-in-samenhang-karakteristieken/ogc/v1/collections/gm_gmw_monitoringtube/items/32e57e79-8382-5990-b5ac-a589a9e97ec5", "gm_gmw_monitoringtube_fk": 39216, "bro_id": "GAR000000001091", "delivery_accountable_party": "30277172", "quality_regime": "IMBRO/A", "object_registration_time": "2022-11-25T12:24:29+01:00", "latest_addition_time": null, "registration_completion_time": "2022-11-25T12:24:29+01:00", "latest_correction_time": null, "under_review_time": null, "sampling_date_time": "2018-05-02T12:00:00+02:00", "imbro_xml_url": "https://publiek.broservices.nl/gm/gar/v1/objects/GAR000000001091"}, "geometry": {"type": "Point", "coordinates": [5.18767327, 52.052827187]}, "id": "714b1636-15e1-5d41-87d3-4d5e49d93fe1"}, {"type": "Feature", "properties": {"gm_gar_pk": 1097, "gm_gmw_monitoringtube.href": "https://api.pdok.nl/tno/bro-grondwatermonitoring-in-samenhang-karakteristieken/ogc/v1/collections/gm_gmw_monitoringtube/items/6d720f33-b72d-5276-bf0e-f5a466ebb0ff", "gm_gmw_monitoringtube_fk": 20849, "bro_id": "GAR000000001116", "delivery_accountable_party": "30277172", "quality_regime": "IMBRO/A", "object_registration_time": "2022-11-25T12:25:31+01:00", "latest_addition_time": null, "registration_completion_time": "2022-11-25T12:25:31+01:00", "latest_correction_time": null, "under_review_time": null, "sampling_date_time": "1991-07-22T12:00:00+02:00", "imbro_xml_url": "https://publiek.broservices.nl/gm/gar/v1/objects/GAR000000001116"}, "geometry": {"type": "Point", "coordinates": [5.23431399, 52.03912809]}, "id": "3d48d65d-c530-5a74-9097-82972d73abbc"}, {"type": "Feature", "properties": {"gm_gar_pk": 1098, "gm_gmw_monitoringtube.href": "https://api.pdok.nl/tno/bro-grondwatermonitoring-in-samenhang-karakteristieken/ogc/v1/collections/gm_gmw_monitoringtube/items/6d720f33-b72d-5276-bf0e-f5a466ebb0ff", "gm_gmw_monitoringtube_fk": 20849, "bro_id": "GAR000000001117", "delivery_accountable_party": "30277172", "quality_regime": "IMBRO/A", "object_registration_time": "2022-11-25T12:25:33+01:00", "latest_addition_time": null, "registration_completion_time": "2022-11-25T12:25:33+01:00", "latest_correction_time": null, "under_review_time": null, "sampling_date_time": "1992-08-19T12:00:00+02:00", "imbro_xml_url": "https://publiek.broservices.nl/gm/gar/v1/objects/GAR000000001117"}, "geometry": {"type": "Point", "coordinates": [5.23431399, 52.03912809]}, "id": "a3c68cdd-bd6f-574f-9845-86642953ef6e"}, {"type": "Feature", "properties": {"gm_gar_pk": 1099, "gm_gmw_monitoringtube.href": "https://api.pdok.nl/tno/bro-grondwatermonitoring-in-samenhang-karakteristieken/ogc/v1/collections/gm_gmw_monitoringtube/items/6d720f33-b72d-5276-bf0e-f5a466ebb0ff", "gm_gmw_monitoringtube_fk": 20849, "bro_id": "GAR000000001118", "delivery_accountable_party": "30277172", "quality_regime": "IMBRO/A", "object_registration_time": "2022-11-25T12:25:35+01:00", "latest_addition_time": null, "registration_completion_time": "2022-11-25T12:25:35+01:00", "latest_correction_time": null, "under_review_time": null, "sampling_date_time": "1993-07-08T12:00:00+02:00", "imbro_xml_url": "https://publiek.broservices.nl/gm/gar/v1/objects/GAR000000001118"}, "geometry": {"type": "Point", "coordinates": [5.23431399, 52.03912809]}, "id": "13a5400e-e64f-5256-9fd9-5d495dbd9df3"}, {"type": "Feature", "properties": {"gm_gar_pk": 1100, "gm_gmw_monitoringtube.href": "https://api.pdok.nl/tno/bro-grondwatermonitoring-in-samenhang-karakteristieken/ogc/v1/collections/gm_gmw_monitoringtube/items/6d720f33-b72d-5276-bf0e-f5a466ebb0ff", "gm_gmw_monitoringtube_fk": 20849, "bro_id": "GAR000000001119", "delivery_accountable_party": "30277172", "quality_regime": "IMBRO/A", "object_registration_time": "2022-11-25T12:25:36+01:00", "latest_addition_time": null, "registration_completion_time": "2022-11-25T12:25:36+01:00", "latest_correction_time": null, "under_review_time": null, "sampling_date_time": "1994-04-12T12:00:00+02:00", "imbro_xml_url": "https://publiek.broservices.nl/gm/gar/v1/objects/GAR000000001119"}, "geometry": {"type": "Point", "coordinates": [5.23431399, 52.03912809]}, "id": "74619b23-68be-57bc-bdfa-d325ebb4ff4d"}, {"type": "Feature", "properties": {"gm_gar_pk": 1101, "gm_gmw_monitoringtube.href": "https://api.pdok.nl/tno/bro-grondwatermonitoring-in-samenhang-karakteristieken/ogc/v1/collections/gm_gmw_monitoringtube/items/6d720f33-b72d-5276-bf0e-f5a466ebb0ff", "gm_gmw_monitoringtube_fk": 20849, "bro_id": "GAR000000001120", "delivery_accountable_party": "30277172", "quality_regime": "IMBRO/A", "object_registration_time": "2022-11-25T12:25:38+01:00", "latest_addition_time": null, "registration_completion_time": "2022-11-25T12:25:38+01:00", "latest_correction_time": null, "under_review_time": null, "sampling_date_time": "1995-04-12T12:00:00+02:00", "imbro_xml_url": "https://publiek.broservices.nl/gm/gar/v1/objects/GAR000000001120"}, "geometry": {"type": "Point", "coordinates": [5.23431399, 52.03912809]}, "id": "ed6638aa-4df8-5a8a-8c5f-63ffc0ab6b57"}, {"type": "Feature", "properties": {"gm_gar_pk": 1102, "gm_gmw_monitoringtube.href": "https://api.pdok.nl/tno/bro-grondwatermonitoring-in-samenhang-karakteristieken/ogc/v1/collections/gm_gmw_monitoringtube/items/93b9947b-b5f9-5647-ad29-19aeb99daff1", "gm_gmw_monitoringtube_fk": 20850, "bro_id": "GAR000000001121", "delivery_accountable_party": "30277172", "quality_regime": "IMBRO/A", "object_registration_time": "2022-11-25T12:25:40+01:00", "latest_addition_time": null, "registration_completion_time": "2022-11-25T12:25:40+01:00", "latest_correction_time": null, "under_review_time": null, "sampling_date_time": "1991-07-22T12:00:00+02:00", "imbro_xml_url": "https://publiek.broservices.nl/gm/gar/v1/objects/GAR000000001121"}, "geometry": {"type": "Point", "coordinates": [5.23431399, 52.03912809]}, "id": "71651e24-b870-5d49-98ff-a383345c6857"}, {"type": "Feature", "properties": {"gm_gar_pk": 1103, "gm_gmw_monitoringtube.href": "https://api.pdok.nl/tno/bro-grondwatermonitoring-in-samenhang-karakteristieken/ogc/v1/collections/gm_gmw_monitoringtube/items/adff8694-5f94-5443-af0e-ba1983c4a86f", "gm_gmw_monitoringtube_fk": 20851, "bro_id": "GAR000000001122", "delivery_accountable_party": "30277172", "quality_regime": "IMBRO/A", "object_registration_time": "2022-11-25T12:25:42+01:00", "latest_addition_time": null, "registration_completion_time": "2022-11-25T12:25:42+01:00", "latest_correction_time": null, "under_review_time": null, "sampling_date_time": "1991-07-22T12:00:00+02:00", "imbro_xml_url": "https://publiek.broservices.nl/gm/gar/v1/objects/GAR000000001122"}, "geometry": {"type": "Point", "coordinates": [5.23431399, 52.03912809]}, "id": "9e807428-22fa-5828-8732-6227928ce154"}, {"type": "Feature", "properties": {"gm_gar_pk": 1104, "gm_gmw_monitoringtube.href": "https://api.pdok.nl/tno/bro-grondwatermonitoring-in-samenhang-karakteristieken/ogc/v1/collections/gm_gmw_monitoringtube/items/adff8694-5f94-5443-af0e-ba1983c4a86f", "gm_gmw_monitoringtube_fk": 20851, "bro_id": "GAR000000001123", "delivery_accountable_party": "30277172", "quality_regime": "IMBRO/A", "object_registration_time": "2022-11-25T12:25:44+01:00", "latest_addition_time": null, "registration_completion_time": "2022-11-25T12:25:44+01:00", "latest_correction_time": null, "under_review_time": null, "sampling_date_time": "1992-08-19T12:00:00+02:00", "imbro_xml_url": "https://publiek.broservices.nl/gm/gar/v1/objects/GAR000000001123"}, "geometry": {"type": "Point", "coordinates": [5.23431399, 52.03912809]}, "id": "babca245-823c-5b2e-bc52-d6df784a743d"}, {"type": "Feature", "properties": {"gm_gar_pk": 1105, "gm_gmw_monitoringtube.href": "https://api.pdok.nl/tno/bro-grondwatermonitoring-in-samenhang-karakteristieken/ogc/v1/collections/gm_gmw_monitoringtube/items/adff8694-5f94-5443-af0e-ba1983c4a86f", "gm_gmw_monitoringtube_fk": 20851, "bro_id": "GAR000000001124", "delivery_accountable_party": "30277172", "quality_regime": "IMBRO/A", "object_registration_time": "2022-11-25T12:25:46+01:00", "latest_addition_time": null, "registration_completion_time": "2022-11-25T12:25:46+01:00", "latest_correction_time": null, "under_review_time": null, "sampling_date_time": "1993-07-08T12:00:00+02:00", "imbro_xml_url": "https://publiek.broservices.nl/gm/gar/v1/objects/GAR000000001124"}, "geometry": {"type": "Point", "coordinates": [5.23431399, 52.03912809]}, "id": "a1aa9387-774e-583d-a06e-faba1acbfce7"}, {"type": "Feature", "properties": {"gm_gar_pk": 1106, "gm_gmw_monitoringtube.href": "https://api.pdok.nl/tno/bro-grondwatermonitoring-in-samenhang-karakteristieken/ogc/v1/collections/gm_gmw_monitoringtube/items/adff8694-5f94-5443-af0e-ba1983c4a86f", "gm_gmw_monitoringtube_fk": 20851, "bro_id": "GAR000000001125", "delivery_accountable_party": "30277172", "quality_regime": "IMBRO/A", "object_registration_time": "2022-11-25T12:25:48+01:00", "latest_addition_time": null, "registration_completion_time": "2022-11-25T12:25:48+01:00", "latest_correction_time": null, "under_review_time": null, "sampling_date_time": "1994-04-12T12:00:00+02:00", "imbro_xml_url": "https://publiek.broservices.nl/gm/gar/v1/objects/GAR000000001125"}, "geometry": {"type": "Point", "coordinates": [5.23431399, 52.03912809]}, "id": "a2dad2cf-6ee9-5da3-b46d-54a6b35e95e9"}, {"type": "Feature", "properties": {"gm_gar_pk": 1107, "gm_gmw_monitoringtube.href": "https://api.pdok.nl/tno/bro-grondwatermonitoring-in-samenhang-karakteristieken/ogc/v1/collections/gm_gmw_monitoringtube/items/adff8694-5f94-5443-af0e-ba1983c4a86f", "gm_gmw_monitoringtube_fk": 20851, "bro_id": "GAR000000001126", "delivery_accountable_party": "30277172", "quality_regime": "IMBRO/A", "object_registration_time": "2022-11-25T12:25:50+01:00", "latest_addition_time": null, "registration_completion_time": "2022-11-25T12:25:50+01:00", "latest_correction_time": null, "under_review_time": null, "sampling_date_time": "1995-04-12T12:00:00+02:00", "imbro_xml_url": "https://publiek.broservices.nl/gm/gar/v1/objects/GAR000000001126"}, "geometry": {"type": "Point", "coordinates": [5.23431399, 52.03912809]}, "id": "bb688e63-a67e-5289-bfbb-4054b0c833d3"}, {"type": "Feature", "properties": {"gm_gar_pk": 1108, "gm_gmw_monitoringtube.href": "https://api.pdok.nl/tno/bro-grondwatermonitoring-in-samenhang-karakteristieken/ogc/v1/collections/gm_gmw_monitoringtube/items/76193bd9-85d6-5fe4-a4fd-0815158a88a2", "gm_gmw_monitoringtube_fk": 24106, "bro_id": "GAR000000001127", "delivery_accountable_party": "30277172", "quality_regime": "IMBRO/A", "object_registration_time": "2022-11-25T12:26:04+01:00", "latest_addition_time": null, "registration_completion_time": "2022-11-25T12:26:04+01:00", "latest_correction_time": null, "under_review_time": null, "sampling_date_time": "2003-01-01T11:00:00+01:00", "imbro_xml_url": "https://publiek.broservices.nl/gm/gar/v1/objects/GAR000000001127"}, "geometry": {"type": "Point", "coordinates": [5.22724987, 52.10723]}, "id": "b08c2263-c1ec-586d-a467-4b8b7b72dd22"}, {"type": "Feature", "properties": {"gm_gar_pk": 1109, "gm_gmw_monitoringtube.href": "https://api.pdok.nl/tno/bro-grondwatermonitoring-in-samenhang-karakteristieken/ogc/v1/collections/gm_gmw_monitoringtube/items/76193bd9-85d6-5fe4-a4fd-0815158a88a2", "gm_gmw_monitoringtube_fk": 24106, "bro_id": "GAR000000001128", "delivery_accountable_party": "30277172", "quality_regime": "IMBRO/A", "object_registration_time": "2022-11-25T12:26:06+01:00", "latest_addition_time": null, "registration_completion_time": "2022-11-25T12:26:06+01:00", "latest_correction_time": null, "under_review_time": null, "sampling_date_time": "2004-01-01T11:00:00+01:00", "imbro_xml_url": "https://publiek.broservices.nl/gm/gar/v1/objects/GAR000000001128"}, "geometry": {"type": "Point", "coordinates": [5.22724987, 52.10723]}, "id": "8f87ed6a-4400-53e4-bac4-f5341c5a5c08"}, {"type": "Feature", "properties": {"gm_gar_pk": 1110, "gm_gmw_monitoringtube.href": "https://api.pdok.nl/tno/bro-grondwatermonitoring-in-samenhang-karakteristieken/ogc/v1/collections/gm_gmw_monitoringtube/items/76193bd9-85d6-5fe4-a4fd-0815158a88a2", "gm_gmw_monitoringtube_fk": 24106, "bro_id": "GAR000000001129", "delivery_accountable_party": "30277172", "quality_regime": "IMBRO/A", "object_registration_time": "2022-11-25T12:26:08+01:00", "latest_addition_time": null, "registration_completion_time": "2022-11-25T12:26:08+01:00", "latest_correction_time": null, "under_review_time": null, "sampling_date_time": "2007-09-01T12:00:00+02:00", "imbro_xml_url": "https://publiek.broservices.nl/gm/gar/v1/objects/GAR000000001129"}, "geometry": {"type": "Point", "coordinates": [5.22724987, 52.10723]}, "id": "a6a39218-2bdb-59a3-8239-d039858374c4"}, {"type": "Feature", "properties": {"gm_gar_pk": 1111, "gm_gmw_monitoringtube.href": "https://api.pdok.nl/tno/bro-grondwatermonitoring-in-samenhang-karakteristieken/ogc/v1/collections/gm_gmw_monitoringtube/items/76193bd9-85d6-5fe4-a4fd-0815158a88a2", "gm_gmw_monitoringtube_fk": 24106, "bro_id": "GAR000000001130", "delivery_accountable_party": "30277172", "quality_regime": "IMBRO/A", "object_registration_time": "2022-11-25T12:26:09+01:00", "latest_addition_time": null, "registration_completion_time": "2022-11-25T12:26:09+01:00", "latest_correction_time": null, "under_review_time": null, "sampling_date_time": "2008-09-16T12:00:00+02:00", "imbro_xml_url": "https://publiek.broservices.nl/gm/gar/v1/objects/GAR000000001130"}, "geometry": {"type": "Point", "coordinates": [5.22724987, 52.10723]}, "id": "3753a35a-da80-5876-8252-8c9f9dcbacd6"}, {"type": "Feature", "properties": {"gm_gar_pk": 1112, "gm_gmw_monitoringtube.href": "https://api.pdok.nl/tno/bro-grondwatermonitoring-in-samenhang-karakteristieken/ogc/v1/collections/gm_gmw_monitoringtube/items/76193bd9-85d6-5fe4-a4fd-0815158a88a2", "gm_gmw_monitoringtube_fk": 24106, "bro_id": "GAR000000001131", "delivery_accountable_party": "30277172", "quality_regime": "IMBRO/A", "object_registration_time": "2022-11-25T12:26:11+01:00", "latest_addition_time": null, "registration_completion_time": "2022-11-25T12:26:11+01:00", "latest_correction_time": null, "under_review_time": null, "sampling_date_time": "2010-03-19T11:00:00+01:00", "imbro_xml_url": "https://publiek.broservices.nl/gm/gar/v1/objects/GAR000000001131"}, "geometry": {"type": "Point", "coordinates": [5.22724987, 52.10723]}, "id": "f52133b0-4a45-5b6b-9fe9-afd992dbda8d"}, {"type": "Feature", "properties": {"gm_gar_pk": 1113, "gm_gmw_monitoringtube.href": "https://api.pdok.nl/tno/bro-grondwatermonitoring-in-samenhang-karakteristieken/ogc/v1/collections/gm_gmw_monitoringtube/items/5bf41cae-aa72-5e77-9594-678799ecd11b", "gm_gmw_monitoringtube_fk": 23333, "bro_id": "GAR000000001132", "delivery_accountable_party": "30277172", "quality_regime": "IMBRO/A", "object_registration_time": "2022-11-25T12:26:13+01:00", "latest_addition_time": null, "registration_completion_time": "2022-11-25T12:26:13+01:00", "latest_correction_time": null, "under_review_time": null, "sampling_date_time": "1998-01-22T11:00:00+01:00", "imbro_xml_url": "https://publiek.broservices.nl/gm/gar/v1/objects/GAR000000001132"}, "geometry": {"type": "Point", "coordinates": [5.20671754, 52.11308747]}, "id": "63a21c9b-6e31-569a-87ee-8b21253b10c2"}, {"type": "Feature", "properties": {"gm_gar_pk": 1114, "gm_gmw_monitoringtube.href": "https://api.pdok.nl/tno/bro-grondwatermonitoring-in-samenhang-karakteristieken/ogc/v1/collections/gm_gmw_monitoringtube/items/5bf41cae-aa72-5e77-9594-678799ecd11b", "gm_gmw_monitoringtube_fk": 23333, "bro_id": "GAR000000001133", "delivery_accountable_party": "30277172", "quality_regime": "IMBRO/A", "object_registration_time": "2022-11-25T12:26:15+01:00", "latest_addition_time": null, "registration_completion_time": "2022-11-25T12:26:15+01:00", "latest_correction_time": null, "under_review_time": null, "sampling_date_time": "2010-03-18T11:00:00+01:00", "imbro_xml_url": "https://publiek.broservices.nl/gm/gar/v1/objects/GAR000000001133"}, "geometry": {"type": "Point", "coordinates": [5.20671754, 52.11308747]}, "id": "e20085ee-7590-57a9-a315-7da71a06f10b"}, {"type": "Feature", "properties": {"gm_gar_pk": 1115, "gm_gmw_monitoringtube.href": "https://api.pdok.nl/tno/bro-grondwatermonitoring-in-samenhang-karakteristieken/ogc/v1/collections/gm_gmw_monitoringtube/items/5bf41cae-aa72-5e77-9594-678799ecd11b", "gm_gmw_monitoringtube_fk": 23333, "bro_id": "GAR000000001134", "delivery_accountable_party": "30277172", "quality_regime": "IMBRO/A", "object_registration_time": "2022-11-25T12:26:18+01:00", "latest_addition_time": null, "registration_completion_time": "2022-11-25T12:26:18+01:00", "latest_correction_time": null, "under_review_time": null, "sampling_date_time": "2012-02-28T11:00:00+01:00", "imbro_xml_url": "https://publiek.broservices.nl/gm/gar/v1/objects/GAR000000001134"}, "geometry": {"type": "Point", "coordinates": [5.20671754, 52.11308747]}, "id": "b99d5ff8-901f-5a59-9121-e4dcaaddebe7"}, {"type": "Feature", "properties": {"gm_gar_pk": 1116, "gm_gmw_monitoringtube.href": "https://api.pdok.nl/tno/bro-grondwatermonitoring-in-samenhang-karakteristieken/ogc/v1/collections/gm_gmw_monitoringtube/items/5bf41cae-aa72-5e77-9594-678799ecd11b", "gm_gmw_monitoringtube_fk": 23333, "bro_id": "GAR000000001135", "delivery_accountable_party": "30277172", "quality_regime": "IMBRO/A", "object_registration_time": "2022-11-25T12:26:20+01:00", "latest_addition_time": null, "registration_completion_time": "2022-11-25T12:26:20+01:00", "latest_correction_time": null, "under_review_time": null, "sampling_date_time": "2015-06-11T12:00:00+02:00", "imbro_xml_url": "https://publiek.broservices.nl/gm/gar/v1/objects/GAR000000001135"}, "geometry": {"type": "Point", "coordinates": [5.20671754, 52.11308747]}, "id": "efaf1346-a892-58f9-947a-1d6ae01307c7"}, {"type": "Feature", "properties": {"gm_gar_pk": 1117, "gm_gmw_monitoringtube.href": "https://api.pdok.nl/tno/bro-grondwatermonitoring-in-samenhang-karakteristieken/ogc/v1/collections/gm_gmw_monitoringtube/items/5bf41cae-aa72-5e77-9594-678799ecd11b", "gm_gmw_monitoringtube_fk": 23333, "bro_id": "GAR000000001136", "delivery_accountable_party": "30277172", "quality_regime": "IMBRO/A", "object_registration_time": "2022-11-25T12:26:22+01:00", "latest_addition_time": null, "registration_completion_time": "2022-11-25T12:26:22+01:00", "latest_correction_time": null, "under_review_time": null, "sampling_date_time": "2018-05-08T12:00:00+02:00", "imbro_xml_url": "https://publiek.broservices.nl/gm/gar/v1/objects/GAR000000001136"}, "geometry": {"type": "Point", "coordinates": [5.20671754, 52.11308747]}, "id": "4271fa4a-98a2-5504-b899-28bf052e632c"}, {"type": "Feature", "properties": {"gm_gar_pk": 1118, "gm_gmw_monitoringtube.href": "https://api.pdok.nl/tno/bro-grondwatermonitoring-in-samenhang-karakteristieken/ogc/v1/collections/gm_gmw_monitoringtube/items/2923fffb-05fe-58bf-9b82-23d593eb627e", "gm_gmw_monitoringtube_fk": 24166, "bro_id": "GAR000000001137", "delivery_accountable_party": "30277172", "quality_regime": "IMBRO/A", "object_registration_time": "2022-11-25T12:26:24+01:00", "latest_addition_time": null, "registration_completion_time": "2022-11-25T12:26:24+01:00", "latest_correction_time": null, "under_review_time": null, "sampling_date_time": "2007-12-01T11:00:00+01:00", "imbro_xml_url": "https://publiek.broservices.nl/gm/gar/v1/objects/GAR000000001137"}, "geometry": {"type": "Point", "coordinates": [5.22118631, 52.11667705]}, "id": "fec37040-0377-5080-9109-ee13173a0906"}, {"type": "Feature", "properties": {"gm_gar_pk": 1119, "gm_gmw_monitoringtube.href": "https://api.pdok.nl/tno/bro-grondwatermonitoring-in-samenhang-karakteristieken/ogc/v1/collections/gm_gmw_monitoringtube/items/2923fffb-05fe-58bf-9b82-23d593eb627e", "gm_gmw_monitoringtube_fk": 24166, "bro_id": "GAR000000001138", "delivery_accountable_party": "30277172", "quality_regime": "IMBRO/A", "object_registration_time": "2022-11-25T12:26:26+01:00", "latest_addition_time": null, "registration_completion_time": "2022-11-25T12:26:26+01:00", "latest_correction_time": null, "under_review_time": null, "sampling_date_time": "2010-03-09T11:00:00+01:00", "imbro_xml_url": "https://publiek.broservices.nl/gm/gar/v1/objects/GAR000000001138"}, "geometry": {"type": "Point", "coordinates": [5.22118631, 52.11667705]}, "id": "755edfa8-7e56-51e2-9fc2-91b02ef86336"}, {"type": "Feature", "properties": {"gm_gar_pk": 1120, "gm_gmw_monitoringtube.href": "https://api.pdok.nl/tno/bro-grondwatermonitoring-in-samenhang-karakteristieken/ogc/v1/collections/gm_gmw_monitoringtube/items/2923fffb-05fe-58bf-9b82-23d593eb627e", "gm_gmw_monitoringtube_fk": 24166, "bro_id": "GAR000000001139", "delivery_accountable_party": "30277172", "quality_regime": "IMBRO/A", "object_registration_time": "2022-11-25T12:26:28+01:00", "latest_addition_time": null, "registration_completion_time": "2022-11-25T12:26:28+01:00", "latest_correction_time": null, "under_review_time": null, "sampling_date_time": "2012-03-28T12:00:00+02:00", "imbro_xml_url": "https://publiek.broservices.nl/gm/gar/v1/objects/GAR000000001139"}, "geometry": {"type": "Point", "coordinates": [5.22118631, 52.11667705]}, "id": "8c51dd2f-fea7-5799-953d-0b953ebf1378"}, {"type": "Feature", "properties": {"gm_gar_pk": 1121, "gm_gmw_monitoringtube.href": "https://api.pdok.nl/tno/bro-grondwatermonitoring-in-samenhang-karakteristieken/ogc/v1/collections/gm_gmw_monitoringtube/items/2923fffb-05fe-58bf-9b82-23d593eb627e", "gm_gmw_monitoringtube_fk": 24166, "bro_id": "GAR000000001140", "delivery_accountable_party": "30277172", "quality_regime": "IMBRO/A", "object_registration_time": "2022-11-25T12:26:30+01:00", "latest_addition_time": null, "registration_completion_time": "2022-11-25T12:26:30+01:00", "latest_correction_time": null, "under_review_time": null, "sampling_date_time": "2015-06-09T12:00:00+02:00", "imbro_xml_url": "https://publiek.broservices.nl/gm/gar/v1/objects/GAR000000001140"}, "geometry": {"type": "Point", "coordinates": [5.22118631, 52.11667705]}, "id": "247adfc2-9b5d-5102-87c9-af9880474910"}, {"type": "Feature", "properties": {"gm_gar_pk": 1122, "gm_gmw_monitoringtube.href": "https://api.pdok.nl/tno/bro-grondwatermonitoring-in-samenhang-karakteristieken/ogc/v1/collections/gm_gmw_monitoringtube/items/2923fffb-05fe-58bf-9b82-23d593eb627e", "gm_gmw_monitoringtube_fk": 24166, "bro_id": "GAR000000001141", "delivery_accountable_party": "30277172", "quality_regime": "IMBRO/A", "object_registration_time": "2022-11-25T12:26:32+01:00", "latest_addition_time": null, "registration_completion_time": "2022-11-25T12:26:32+01:00", "latest_correction_time": null, "under_review_time": null, "sampling_date_time": "2018-05-15T12:00:00+02:00", "imbro_xml_url": "https://publiek.broservices.nl/gm/gar/v1/objects/GAR000000001141"}, "geometry": {"type": "Point", "coordinates": [5.22118631, 52.11667705]}, "id": "6f38db94-7524-5018-a550-84bf9c23aadc"}, {"type": "Feature", "properties": {"gm_gar_pk": 1123, "gm_gmw_monitoringtube.href": "https://api.pdok.nl/tno/bro-grondwatermonitoring-in-samenhang-karakteristieken/ogc/v1/collections/gm_gmw_monitoringtube/items/73ca5b44-3598-5367-83d1-5342e538dc7a", "gm_gmw_monitoringtube_fk": 20375, "bro_id": "GAR000000001142", "delivery_accountable_party": "30277172", "quality_regime": "IMBRO/A", "object_registration_time": "2022-11-25T12:26:34+01:00", "latest_addition_time": null, "registration_completion_time": "2022-11-25T12:26:34+01:00", "latest_correction_time": null, "under_review_time": null, "sampling_date_time": "1998-03-31T12:00:00+02:00", "imbro_xml_url": "https://publiek.broservices.nl/gm/gar/v1/objects/GAR000000001142"}, "geometry": {"type": "Point", "coordinates": [5.20244599, 52.13642292]}, "id": "02e02711-c861-533d-a374-2a6ba11e1f23"}, {"type": "Feature", "properties": {"gm_gar_pk": 1124, "gm_gmw_monitoringtube.href": "https://api.pdok.nl/tno/bro-grondwatermonitoring-in-samenhang-karakteristieken/ogc/v1/collections/gm_gmw_monitoringtube/items/73ca5b44-3598-5367-83d1-5342e538dc7a", "gm_gmw_monitoringtube_fk": 20375, "bro_id": "GAR000000001143", "delivery_accountable_party": "30277172", "quality_regime": "IMBRO/A", "object_registration_time": "2022-11-25T12:26:36+01:00", "latest_addition_time": null, "registration_completion_time": "2022-11-25T12:26:36+01:00", "latest_correction_time": null, "under_review_time": null, "sampling_date_time": "2003-01-01T11:00:00+01:00", "imbro_xml_url": "https://publiek.broservices.nl/gm/gar/v1/objects/GAR000000001143"}, "geometry": {"type": "Point", "coordinates": [5.20244599, 52.13642292]}, "id": "18873985-76ab-5ae4-a444-9eb8e7bb58e0"}, {"type": "Feature", "properties": {"gm_gar_pk": 1125, "gm_gmw_monitoringtube.href": "https://api.pdok.nl/tno/bro-grondwatermonitoring-in-samenhang-karakteristieken/ogc/v1/collections/gm_gmw_monitoringtube/items/73ca5b44-3598-5367-83d1-5342e538dc7a", "gm_gmw_monitoringtube_fk": 20375, "bro_id": "GAR000000001144", "delivery_accountable_party": "30277172", "quality_regime": "IMBRO/A", "object_registration_time": "2022-11-25T12:26:38+01:00", "latest_addition_time": null, "registration_completion_time": "2022-11-25T12:26:38+01:00", "latest_correction_time": null, "under_review_time": null, "sampling_date_time": "2004-01-01T11:00:00+01:00", "imbro_xml_url": "https://publiek.broservices.nl/gm/gar/v1/objects/GAR000000001144"}, "geometry": {"type": "Point", "coordinates": [5.20244599, 52.13642292]}, "id": "eb74df7c-3da6-569c-8962-51b48bde7322"}, {"type": "Feature", "properties": {"gm_gar_pk": 1126, "gm_gmw_monitoringtube.href": "https://api.pdok.nl/tno/bro-grondwatermonitoring-in-samenhang-karakteristieken/ogc/v1/collections/gm_gmw_monitoringtube/items/73ca5b44-3598-5367-83d1-5342e538dc7a", "gm_gmw_monitoringtube_fk": 20375, "bro_id": "GAR000000001145", "delivery_accountable_party": "30277172", "quality_regime": "IMBRO/A", "object_registration_time": "2022-11-25T12:26:40+01:00", "latest_addition_time": null, "registration_completion_time": "2022-11-25T12:26:40+01:00", "latest_correction_time": null, "under_review_time": null, "sampling_date_time": "2007-09-01T12:00:00+02:00", "imbro_xml_url": "https://publiek.broservices.nl/gm/gar/v1/objects/GAR000000001145"}, "geometry": {"type": "Point", "coordinates": [5.20244599, 52.13642292]}, "id": "e4c269c1-34e9-597a-bcb3-3f4bd4eb687b"}, {"type": "Feature", "properties": {"gm_gar_pk": 1127, "gm_gmw_monitoringtube.href": "https://api.pdok.nl/tno/bro-grondwatermonitoring-in-samenhang-karakteristieken/ogc/v1/collections/gm_gmw_monitoringtube/items/73ca5b44-3598-5367-83d1-5342e538dc7a", "gm_gmw_monitoringtube_fk": 20375, "bro_id": "GAR000000001146", "delivery_accountable_party": "30277172", "quality_regime": "IMBRO/A", "object_registration_time": "2022-11-25T12:26:42+01:00", "latest_addition_time": null, "registration_completion_time": "2022-11-25T12:26:42+01:00", "latest_correction_time": null, "under_review_time": null, "sampling_date_time": "2008-09-16T12:00:00+02:00", "imbro_xml_url": "https://publiek.broservices.nl/gm/gar/v1/objects/GAR000000001146"}, "geometry": {"type": "Point", "coordinates": [5.20244599, 52.13642292]}, "id": "f1941fe2-4469-5785-aa95-f8ea12920df2"}, {"type": "Feature", "properties": {"gm_gar_pk": 1128, "gm_gmw_monitoringtube.href": "https://api.pdok.nl/tno/bro-grondwatermonitoring-in-samenhang-karakteristieken/ogc/v1/collections/gm_gmw_monitoringtube/items/bb578abe-721b-514d-9f03-682b14dc0086", "gm_gmw_monitoringtube_fk": 23360, "bro_id": "GAR000000001147", "delivery_accountable_party": "30277172", "quality_regime": "IMBRO/A", "object_registration_time": "2022-11-25T12:26:44+01:00", "latest_addition_time": null, "registration_completion_time": "2022-11-25T12:26:44+01:00", "latest_correction_time": null, "under_review_time": null, "sampling_date_time": "2007-12-01T11:00:00+01:00", "imbro_xml_url": "https://publiek.broservices.nl/gm/gar/v1/objects/GAR000000001147"}, "geometry": {"type": "Point", "coordinates": [5.20558459, 52.11886507]}, "id": "740a2885-7740-5605-9d51-801f648448ad"}, {"type": "Feature", "properties": {"gm_gar_pk": 1129, "gm_gmw_monitoringtube.href": "https://api.pdok.nl/tno/bro-grondwatermonitoring-in-samenhang-karakteristieken/ogc/v1/collections/gm_gmw_monitoringtube/items/bb578abe-721b-514d-9f03-682b14dc0086", "gm_gmw_monitoringtube_fk": 23360, "bro_id": "GAR000000001148", "delivery_accountable_party": "30277172", "quality_regime": "IMBRO/A", "object_registration_time": "2022-11-25T12:26:47+01:00", "latest_addition_time": null, "registration_completion_time": "2022-11-25T12:26:47+01:00", "latest_correction_time": null, "under_review_time": null, "sampling_date_time": "2010-03-24T11:00:00+01:00", "imbro_xml_url": "https://publiek.broservices.nl/gm/gar/v1/objects/GAR000000001148"}, "geometry": {"type": "Point", "coordinates": [5.20558459, 52.11886507]}, "id": "c46a96d4-df21-53c3-b85b-11e48a0955f8"}, {"type": "Feature", "properties": {"gm_gar_pk": 1130, "gm_gmw_monitoringtube.href": "https://api.pdok.nl/tno/bro-grondwatermonitoring-in-samenhang-karakteristieken/ogc/v1/collections/gm_gmw_monitoringtube/items/ccfca340-cb5a-527d-bbba-6bf3616ace9f", "gm_gmw_monitoringtube_fk": 24041, "bro_id": "GAR000000001149", "delivery_accountable_party": "30277172", "quality_regime": "IMBRO/A", "object_registration_time": "2022-11-25T12:26:49+01:00", "latest_addition_time": null, "registration_completion_time": "2022-11-25T12:26:49+01:00", "latest_correction_time": null, "under_review_time": null, "sampling_date_time": "2007-09-01T12:00:00+02:00", "imbro_xml_url": "https://publiek.broservices.nl/gm/gar/v1/objects/GAR000000001149"}, "geometry": {"type": "Point", "coordinates": [5.18913737, 52.10719899]}, "id": "eb908137-215a-5320-aebd-bbeaca682943"}, {"type": "Feature", "properties": {"gm_gar_pk": 1131, "gm_gmw_monitoringtube.href": "https://api.pdok.nl/tno/bro-grondwatermonitoring-in-samenhang-karakteristieken/ogc/v1/collections/gm_gmw_monitoringtube/items/ccfca340-cb5a-527d-bbba-6bf3616ace9f", "gm_gmw_monitoringtube_fk": 24041, "bro_id": "GAR000000001150", "delivery_accountable_party": "30277172", "quality_regime": "IMBRO/A", "object_registration_time": "2022-11-25T12:26:51+01:00", "latest_addition_time": null, "registration_completion_time": "2022-11-25T12:26:51+01:00", "latest_correction_time": null, "under_review_time": null, "sampling_date_time": "2008-09-16T12:00:00+02:00", "imbro_xml_url": "https://publiek.broservices.nl/gm/gar/v1/objects/GAR000000001150"}, "geometry": {"type": "Point", "coordinates": [5.18913737, 52.10719899]}, "id": "6457132e-7dbd-577c-aade-82bf3a2485d8"}, {"type": "Feature", "properties": {"gm_gar_pk": 1132, "gm_gmw_monitoringtube.href": "https://api.pdok.nl/tno/bro-grondwatermonitoring-in-samenhang-karakteristieken/ogc/v1/collections/gm_gmw_monitoringtube/items/ccfca340-cb5a-527d-bbba-6bf3616ace9f", "gm_gmw_monitoringtube_fk": 24041, "bro_id": "GAR000000001151", "delivery_accountable_party": "30277172", "quality_regime": "IMBRO/A", "object_registration_time": "2022-11-25T12:26:53+01:00", "latest_addition_time": null, "registration_completion_time": "2022-11-25T12:26:53+01:00", "latest_correction_time": null, "under_review_time": null, "sampling_date_time": "2010-03-16T11:00:00+01:00", "imbro_xml_url": "https://publiek.broservices.nl/gm/gar/v1/objects/GAR000000001151"}, "geometry": {"type": "Point", "coordinates": [5.18913737, 52.10719899]}, "id": "03db903c-6218-5bed-8108-c8b41f0786aa"}, {"type": "Feature", "properties": {"gm_gar_pk": 1133, "gm_gmw_monitoringtube.href": "https://api.pdok.nl/tno/bro-grondwatermonitoring-in-samenhang-karakteristieken/ogc/v1/collections/gm_gmw_monitoringtube/items/ccfca340-cb5a-527d-bbba-6bf3616ace9f", "gm_gmw_monitoringtube_fk": 24041, "bro_id": "GAR000000001152", "delivery_accountable_party": "30277172", "quality_regime": "IMBRO/A", "object_registration_time": "2022-11-25T12:26:55+01:00", "latest_addition_time": null, "registration_completion_time": "2022-11-25T12:26:55+01:00", "latest_correction_time": null, "under_review_time": null, "sampling_date_time": "2012-04-11T12:00:00+02:00", "imbro_xml_url": "https://publiek.broservices.nl/gm/gar/v1/objects/GAR000000001152"}, "geometry": {"type": "Point", "coordinates": [5.18913737, 52.10719899]}, "id": "f10e0175-425c-5dca-915e-d235bf1418d1"}, {"type": "Feature", "properties": {"gm_gar_pk": 1134, "gm_gmw_monitoringtube.href": "https://api.pdok.nl/tno/bro-grondwatermonitoring-in-samenhang-karakteristieken/ogc/v1/collections/gm_gmw_monitoringtube/items/ccfca340-cb5a-527d-bbba-6bf3616ace9f", "gm_gmw_monitoringtube_fk": 24041, "bro_id": "GAR000000001153", "delivery_accountable_party": "30277172", "quality_regime": "IMBRO/A", "object_registration_time": "2022-11-25T12:26:57+01:00", "latest_addition_time": null, "registration_completion_time": "2022-11-25T12:26:57+01:00", "latest_correction_time": null, "under_review_time": null, "sampling_date_time": "2015-06-11T12:00:00+02:00", "imbro_xml_url": "https://publiek.broservices.nl/gm/gar/v1/objects/GAR000000001153"}, "geometry": {"type": "Point", "coordinates": [5.18913737, 52.10719899]}, "id": "a384f6f1-43c2-52e4-ae55-832f446eb665"}, {"type": "Feature", "properties": {"gm_gar_pk": 1135, "gm_gmw_monitoringtube.href": "https://api.pdok.nl/tno/bro-grondwatermonitoring-in-samenhang-karakteristieken/ogc/v1/collections/gm_gmw_monitoringtube/items/ccfca340-cb5a-527d-bbba-6bf3616ace9f", "gm_gmw_monitoringtube_fk": 24041, "bro_id": "GAR000000001154", "delivery_accountable_party": "30277172", "quality_regime": "IMBRO/A", "object_registration_time": "2022-11-25T12:26:59+01:00", "latest_addition_time": null, "registration_completion_time": "2022-11-25T12:26:59+01:00", "latest_correction_time": null, "under_review_time": null, "sampling_date_time": "2018-05-09T12:00:00+02:00", "imbro_xml_url": "https://publiek.broservices.nl/gm/gar/v1/objects/GAR000000001154"}, "geometry": {"type": "Point", "coordinates": [5.18913737, 52.10719899]}, "id": "0af6ec7f-50b1-568f-9044-c3eca9cdc88b"}, {"type": "Feature", "properties": {"gm_gar_pk": 1136, "gm_gmw_monitoringtube.href": "https://api.pdok.nl/tno/bro-grondwatermonitoring-in-samenhang-karakteristieken/ogc/v1/collections/gm_gmw_monitoringtube/items/433ea108-d410-5d24-bafb-44dfd2320bd1", "gm_gmw_monitoringtube_fk": 24010, "bro_id": "GAR000000001155", "delivery_accountable_party": "30277172", "quality_regime": "IMBRO/A", "object_registration_time": "2022-11-25T12:27:01+01:00", "latest_addition_time": null, "registration_completion_time": "2022-11-25T12:27:01+01:00", "latest_correction_time": null, "under_review_time": null, "sampling_date_time": "2007-12-01T11:00:00+01:00", "imbro_xml_url": "https://publiek.broservices.nl/gm/gar/v1/objects/GAR000000001155"}, "geometry": {"type": "Point", "coordinates": [5.19783701, 52.10377985]}, "id": "dbcdcba7-f7d7-56f4-be65-ebeb8fb5a743"}, {"type": "Feature", "properties": {"gm_gar_pk": 1137, "gm_gmw_monitoringtube.href": "https://api.pdok.nl/tno/bro-grondwatermonitoring-in-samenhang-karakteristieken/ogc/v1/collections/gm_gmw_monitoringtube/items/433ea108-d410-5d24-bafb-44dfd2320bd1", "gm_gmw_monitoringtube_fk": 24010, "bro_id": "GAR000000001156", "delivery_accountable_party": "30277172", "quality_regime": "IMBRO/A", "object_registration_time": "2022-11-25T12:27:03+01:00", "latest_addition_time": null, "registration_completion_time": "2022-11-25T12:27:03+01:00", "latest_correction_time": null, "under_review_time": null, "sampling_date_time": "2010-03-16T11:00:00+01:00", "imbro_xml_url": "https://publiek.broservices.nl/gm/gar/v1/objects/GAR000000001156"}, "geometry": {"type": "Point", "coordinates": [5.19783701, 52.10377985]}, "id": "d2718d88-3ba7-58b8-aaae-714b04d9da74"}, {"type": "Feature", "properties": {"gm_gar_pk": 1138, "gm_gmw_monitoringtube.href": "https://api.pdok.nl/tno/bro-grondwatermonitoring-in-samenhang-karakteristieken/ogc/v1/collections/gm_gmw_monitoringtube/items/a5b97ad1-d18f-5240-b688-2f679259622e", "gm_gmw_monitoringtube_fk": 23831, "bro_id": "GAR000000001157", "delivery_accountable_party": "30277172", "quality_regime": "IMBRO/A", "object_registration_time": "2022-11-25T12:27:05+01:00", "latest_addition_time": null, "registration_completion_time": "2022-11-25T12:27:05+01:00", "latest_correction_time": null, "under_review_time": null, "sampling_date_time": "1998-03-31T12:00:00+02:00", "imbro_xml_url": "https://publiek.broservices.nl/gm/gar/v1/objects/GAR000000001157"}, "geometry": {"type": "Point", "coordinates": [5.20984772, 52.10051073]}, "id": "5d2f0726-51e5-5d74-8493-0f1b300fe60b"}, {"type": "Feature", "properties": {"gm_gar_pk": 1139, "gm_gmw_monitoringtube.href": "https://api.pdok.nl/tno/bro-grondwatermonitoring-in-samenhang-karakteristieken/ogc/v1/collections/gm_gmw_monitoringtube/items/a5b97ad1-d18f-5240-b688-2f679259622e", "gm_gmw_monitoringtube_fk": 23831, "bro_id": "GAR000000001158", "delivery_accountable_party": "30277172", "quality_regime": "IMBRO/A", "object_registration_time": "2022-11-25T12:27:08+01:00", "latest_addition_time": null, "registration_completion_time": "2022-11-25T12:27:08+01:00", "latest_correction_time": null, "under_review_time": null, "sampling_date_time": "2010-03-09T11:00:00+01:00", "imbro_xml_url": "https://publiek.broservices.nl/gm/gar/v1/objects/GAR000000001158"}, "geometry": {"type": "Point", "coordinates": [5.20984772, 52.10051073]}, "id": "236828e0-f1fe-54ce-9abd-b1cb4bc4d54f"}, {"type": "Feature", "properties": {"gm_gar_pk": 1140, "gm_gmw_monitoringtube.href": "https://api.pdok.nl/tno/bro-grondwatermonitoring-in-samenhang-karakteristieken/ogc/v1/collections/gm_gmw_monitoringtube/items/76193bd9-85d6-5fe4-a4fd-0815158a88a2", "gm_gmw_monitoringtube_fk": 24106, "bro_id": "GAR000000001159", "delivery_accountable_party": "30277172", "quality_regime": "IMBRO/A", "object_registration_time": "2022-11-25T12:28:05+01:00", "latest_addition_time": null, "registration_completion_time": "2022-11-25T12:28:05+01:00", "latest_correction_time": null, "under_review_time": null, "sampling_date_time": "1998-01-22T11:00:00+01:00", "imbro_xml_url": "https://publiek.broservices.nl/gm/gar/v1/objects/GAR000000001159"}, "geometry": {"type": "Point", "coordinates": [5.22724987, 52.10723]}, "id": "3ae7ee36-25f8-5111-8416-dd04410997a4"}, {"type": "Feature", "properties": {"gm_gar_pk": 34275, "gm_gmw_monitoringtube.href": "https://api.pdok.nl/tno/bro-grondwatermonitoring-in-samenhang-karakteristieken/ogc/v1/collections/gm_gmw_monitoringtube/items/9a383ff3-8376-55cc-8903-5dbdd69119ed", "gm_gmw_monitoringtube_fk": 39504, "bro_id": "GAR000000034596", "delivery_accountable_party": "30276683", "quality_regime": "IMBRO/A", "object_registration_time": "2023-01-13T20:55:09+01:00", "latest_addition_time": null, "registration_completion_time": "2023-01-13T20:55:09+01:00", "latest_correction_time": "2026-02-20T15:16:41+01:00", "under_review_time": null, "sampling_date_time": "1981-10-15T12:00:00+01:00", "imbro_xml_url": "https://publiek.broservices.nl/gm/gar/v1/objects/GAR000000034596"}, "geometry": {"type": "Point", "coordinates": [5.02895175, 52.09430118]}, "id": "ba22f1ea-8634-50d7-840d-4468f5998cc0"}, {"type": "Feature", "properties": {"gm_gar_pk": 34276, "gm_gmw_monitoringtube.href": "https://api.pdok.nl/tno/bro-grondwatermonitoring-in-samenhang-karakteristieken/ogc/v1/collections/gm_gmw_monitoringtube/items/9a383ff3-8376-55cc-8903-5dbdd69119ed", "gm_gmw_monitoringtube_fk": 39504, "bro_id": "GAR000000034597", "delivery_accountable_party": "30276683", "quality_regime": "IMBRO/A", "object_registration_time": "2023-01-13T20:55:12+01:00", "latest_addition_time": null, "registration_completion_time": "2023-01-13T20:55:12+01:00", "latest_correction_time": "2026-02-20T14:47:46+01:00", "under_review_time": null, "sampling_date_time": "1992-07-01T13:00:00+02:00", "imbro_xml_url": "https://publiek.broservices.nl/gm/gar/v1/objects/GAR000000034597"}, "geometry": {"type": "Point", "coordinates": [5.02895175, 52.09430118]}, "id": "281644e4-a352-568c-b7f6-27f33981e196"}, {"type": "Feature", "properties": {"gm_gar_pk": 34277, "gm_gmw_monitoringtube.href": "https://api.pdok.nl/tno/bro-grondwatermonitoring-in-samenhang-karakteristieken/ogc/v1/collections/gm_gmw_monitoringtube/items/9a383ff3-8376-55cc-8903-5dbdd69119ed", "gm_gmw_monitoringtube_fk": 39504, "bro_id": "GAR000000034598", "delivery_accountable_party": "30276683", "quality_regime": "IMBRO/A", "object_registration_time": "2023-01-13T20:55:15+01:00", "latest_addition_time": null, "registration_completion_time": "2023-01-13T20:55:15+01:00", "latest_correction_time": "2026-02-20T14:47:54+01:00", "under_review_time": null, "sampling_date_time": "1993-06-09T13:00:00+02:00", "imbro_xml_url": "https://publiek.broservices.nl/gm/gar/v1/objects/GAR000000034598"}, "geometry": {"type": "Point", "coordinates": [5.02895175, 52.09430118]}, "id": "65e7b698-cc3f-5a1b-a5e5-7b83f08c1797"}, {"type": "Feature", "properties": {"gm_gar_pk": 34278, "gm_gmw_monitoringtube.href": "https://api.pdok.nl/tno/bro-grondwatermonitoring-in-samenhang-karakteristieken/ogc/v1/collections/gm_gmw_monitoringtube/items/9a383ff3-8376-55cc-8903-5dbdd69119ed", "gm_gmw_monitoringtube_fk": 39504, "bro_id": "GAR000000034599", "delivery_accountable_party": "30276683", "quality_regime": "IMBRO/A", "object_registration_time": "2023-01-13T20:55:19+01:00", "latest_addition_time": null, "registration_completion_time": "2023-01-13T20:55:19+01:00", "latest_correction_time": "2026-02-20T15:31:40+01:00", "under_review_time": null, "sampling_date_time": "1995-04-06T13:00:00+02:00", "imbro_xml_url": "https://publiek.broservices.nl/gm/gar/v1/objects/GAR000000034599"}, "geometry": {"type": "Point", "coordinates": [5.02895175, 52.09430118]}, "id": "141f55de-ee13-5658-8143-46e4a334a9b8"}, {"type": "Feature", "properties": {"gm_gar_pk": 34280, "gm_gmw_monitoringtube.href": "https://api.pdok.nl/tno/bro-grondwatermonitoring-in-samenhang-karakteristieken/ogc/v1/collections/gm_gmw_monitoringtube/items/9a383ff3-8376-55cc-8903-5dbdd69119ed", "gm_gmw_monitoringtube_fk": 39504, "bro_id": "GAR000000034601", "delivery_accountable_party": "30276683", "quality_regime": "IMBRO/A", "object_registration_time": "2023-01-13T20:55:26+01:00", "latest_addition_time": null, "registration_completion_time": "2023-01-13T20:55:26+01:00", "latest_correction_time": "2026-02-20T15:38:24+01:00", "under_review_time": null, "sampling_date_time": "1983-06-15T13:00:00+02:00", "imbro_xml_url": "https://publiek.broservices.nl/gm/gar/v1/objects/GAR000000034601"}, "geometry": {"type": "Point", "coordinates": [5.02895175, 52.09430118]}, "id": "7e87d7b0-7136-5ee5-b757-24486a3640d3"}, {"type": "Feature", "properties": {"gm_gar_pk": 34281, "gm_gmw_monitoringtube.href": "https://api.pdok.nl/tno/bro-grondwatermonitoring-in-samenhang-karakteristieken/ogc/v1/collections/gm_gmw_monitoringtube/items/9a383ff3-8376-55cc-8903-5dbdd69119ed", "gm_gmw_monitoringtube_fk": 39504, "bro_id": "GAR000000034602", "delivery_accountable_party": "30276683", "quality_regime": "IMBRO/A", "object_registration_time": "2023-01-13T20:55:29+01:00", "latest_addition_time": null, "registration_completion_time": "2023-01-13T20:55:29+01:00", "latest_correction_time": "2026-02-20T14:48:07+01:00", "under_review_time": null, "sampling_date_time": "1996-04-16T13:00:00+02:00", "imbro_xml_url": "https://publiek.broservices.nl/gm/gar/v1/objects/GAR000000034602"}, "geometry": {"type": "Point", "coordinates": [5.02895175, 52.09430118]}, "id": "ae36a059-72ad-5843-bdb3-e3059c976d97"}, {"type": "Feature", "properties": {"gm_gar_pk": 34282, "gm_gmw_monitoringtube.href": "https://api.pdok.nl/tno/bro-grondwatermonitoring-in-samenhang-karakteristieken/ogc/v1/collections/gm_gmw_monitoringtube/items/9a383ff3-8376-55cc-8903-5dbdd69119ed", "gm_gmw_monitoringtube_fk": 39504, "bro_id": "GAR000000034603", "delivery_accountable_party": "30276683", "quality_regime": "IMBRO/A", "object_registration_time": "2023-01-13T20:55:32+01:00", "latest_addition_time": null, "registration_completion_time": "2023-01-13T20:55:32+01:00", "latest_correction_time": "2026-02-20T14:48:21+01:00", "under_review_time": null, "sampling_date_time": "1999-06-10T13:00:00+02:00", "imbro_xml_url": "https://publiek.broservices.nl/gm/gar/v1/objects/GAR000000034603"}, "geometry": {"type": "Point", "coordinates": [5.02895175, 52.09430118]}, "id": "125896e5-5066-548c-8350-1223351ea624"}, {"type": "Feature", "properties": {"gm_gar_pk": 34283, "gm_gmw_monitoringtube.href": "https://api.pdok.nl/tno/bro-grondwatermonitoring-in-samenhang-karakteristieken/ogc/v1/collections/gm_gmw_monitoringtube/items/9a383ff3-8376-55cc-8903-5dbdd69119ed", "gm_gmw_monitoringtube_fk": 39504, "bro_id": "GAR000000034604", "delivery_accountable_party": "30276683", "quality_regime": "IMBRO/A", "object_registration_time": "2023-01-13T20:55:36+01:00", "latest_addition_time": null, "registration_completion_time": "2023-01-13T20:55:36+01:00", "latest_correction_time": "2026-02-20T15:15:06+01:00", "under_review_time": null, "sampling_date_time": "2001-08-31T13:00:00+02:00", "imbro_xml_url": "https://publiek.broservices.nl/gm/gar/v1/objects/GAR000000034604"}, "geometry": {"type": "Point", "coordinates": [5.02895175, 52.09430118]}, "id": "7ee57feb-e5ea-5970-a565-f3d27b785b8f"}, {"type": "Feature", "properties": {"gm_gar_pk": 34285, "gm_gmw_monitoringtube.href": "https://api.pdok.nl/tno/bro-grondwatermonitoring-in-samenhang-karakteristieken/ogc/v1/collections/gm_gmw_monitoringtube/items/9a383ff3-8376-55cc-8903-5dbdd69119ed", "gm_gmw_monitoringtube_fk": 39504, "bro_id": "GAR000000034606", "delivery_accountable_party": "30276683", "quality_regime": "IMBRO/A", "object_registration_time": "2023-01-13T20:55:56+01:00", "latest_addition_time": null, "registration_completion_time": "2023-01-13T20:55:56+01:00", "latest_correction_time": "2026-02-20T15:16:54+01:00", "under_review_time": null, "sampling_date_time": "1984-07-10T13:00:00+02:00", "imbro_xml_url": "https://publiek.broservices.nl/gm/gar/v1/objects/GAR000000034606"}, "geometry": {"type": "Point", "coordinates": [5.02895175, 52.09430118]}, "id": "90a01dfe-8dcb-5d33-adfe-9a5e560fa4b9"}, {"type": "Feature", "properties": {"gm_gar_pk": 34286, "gm_gmw_monitoringtube.href": "https://api.pdok.nl/tno/bro-grondwatermonitoring-in-samenhang-karakteristieken/ogc/v1/collections/gm_gmw_monitoringtube/items/9a383ff3-8376-55cc-8903-5dbdd69119ed", "gm_gmw_monitoringtube_fk": 39504, "bro_id": "GAR000000034607", "delivery_accountable_party": "30276683", "quality_regime": "IMBRO/A", "object_registration_time": "2023-01-13T20:55:59+01:00", "latest_addition_time": null, "registration_completion_time": "2023-01-13T20:55:59+01:00", "latest_correction_time": "2026-02-20T14:48:14+01:00", "under_review_time": null, "sampling_date_time": "1997-08-18T13:00:00+02:00", "imbro_xml_url": "https://publiek.broservices.nl/gm/gar/v1/objects/GAR000000034607"}, "geometry": {"type": "Point", "coordinates": [5.02895175, 52.09430118]}, "id": "eb52d721-e6ad-5c7d-bbed-026ecf2b5328"}, {"type": "Feature", "properties": {"gm_gar_pk": 34287, "gm_gmw_monitoringtube.href": "https://api.pdok.nl/tno/bro-grondwatermonitoring-in-samenhang-karakteristieken/ogc/v1/collections/gm_gmw_monitoringtube/items/9a383ff3-8376-55cc-8903-5dbdd69119ed", "gm_gmw_monitoringtube_fk": 39504, "bro_id": "GAR000000034608", "delivery_accountable_party": "30276683", "quality_regime": "IMBRO/A", "object_registration_time": "2023-01-13T20:56:03+01:00", "latest_addition_time": null, "registration_completion_time": "2023-01-13T20:56:03+01:00", "latest_correction_time": "2026-02-20T15:14:58+01:00", "under_review_time": null, "sampling_date_time": "2007-10-05T13:00:00+02:00", "imbro_xml_url": "https://publiek.broservices.nl/gm/gar/v1/objects/GAR000000034608"}, "geometry": {"type": "Point", "coordinates": [5.02895175, 52.09430118]}, "id": "99492bb0-a0b6-525a-a434-aff48fae7be7"}, {"type": "Feature", "properties": {"gm_gar_pk": 34288, "gm_gmw_monitoringtube.href": "https://api.pdok.nl/tno/bro-grondwatermonitoring-in-samenhang-karakteristieken/ogc/v1/collections/gm_gmw_monitoringtube/items/9a383ff3-8376-55cc-8903-5dbdd69119ed", "gm_gmw_monitoringtube_fk": 39504, "bro_id": "GAR000000034609", "delivery_accountable_party": "30276683", "quality_regime": "IMBRO/A", "object_registration_time": "2023-01-13T20:56:07+01:00", "latest_addition_time": null, "registration_completion_time": "2023-01-13T20:56:07+01:00", "latest_correction_time": "2026-02-20T15:15:08+01:00", "under_review_time": null, "sampling_date_time": "2015-09-02T13:00:00+02:00", "imbro_xml_url": "https://publiek.broservices.nl/gm/gar/v1/objects/GAR000000034609"}, "geometry": {"type": "Point", "coordinates": [5.02895175, 52.09430118]}, "id": "b6c59bc5-80a5-56d4-8822-ec3f8590cc0d"}, {"type": "Feature", "properties": {"gm_gar_pk": 34289, "gm_gmw_monitoringtube.href": "https://api.pdok.nl/tno/bro-grondwatermonitoring-in-samenhang-karakteristieken/ogc/v1/collections/gm_gmw_monitoringtube/items/9a383ff3-8376-55cc-8903-5dbdd69119ed", "gm_gmw_monitoringtube_fk": 39504, "bro_id": "GAR000000034610", "delivery_accountable_party": "30276683", "quality_regime": "IMBRO/A", "object_registration_time": "2023-01-13T20:56:10+01:00", "latest_addition_time": null, "registration_completion_time": "2023-01-13T20:56:10+01:00", "latest_correction_time": "2026-02-20T15:15:10+01:00", "under_review_time": null, "sampling_date_time": "2017-08-01T13:00:00+02:00", "imbro_xml_url": "https://publiek.broservices.nl/gm/gar/v1/objects/GAR000000034610"}, "geometry": {"type": "Point", "coordinates": [5.02895175, 52.09430118]}, "id": "3d41f11b-8ae3-5c55-ba88-a36a677fc98e"}, {"type": "Feature", "properties": {"gm_gar_pk": 34290, "gm_gmw_monitoringtube.href": "https://api.pdok.nl/tno/bro-grondwatermonitoring-in-samenhang-karakteristieken/ogc/v1/collections/gm_gmw_monitoringtube/items/9a383ff3-8376-55cc-8903-5dbdd69119ed", "gm_gmw_monitoringtube_fk": 39504, "bro_id": "GAR000000034611", "delivery_accountable_party": "30276683", "quality_regime": "IMBRO/A", "object_registration_time": "2023-01-13T20:56:14+01:00", "latest_addition_time": null, "registration_completion_time": "2023-01-13T20:56:14+01:00", "latest_correction_time": "2026-02-20T15:15:12+01:00", "under_review_time": null, "sampling_date_time": "2019-07-09T13:00:00+02:00", "imbro_xml_url": "https://publiek.broservices.nl/gm/gar/v1/objects/GAR000000034611"}, "geometry": {"type": "Point", "coordinates": [5.02895175, 52.09430118]}, "id": "55d80dc6-fd0e-54ca-8d5e-d7e2aae0da17"}, {"type": "Feature", "properties": {"gm_gar_pk": 34291, "gm_gmw_monitoringtube.href": "https://api.pdok.nl/tno/bro-grondwatermonitoring-in-samenhang-karakteristieken/ogc/v1/collections/gm_gmw_monitoringtube/items/26f127bc-4f15-5e4d-aa78-f518f38061dc", "gm_gmw_monitoringtube_fk": 39505, "bro_id": "GAR000000034612", "delivery_accountable_party": "30276683", "quality_regime": "IMBRO/A", "object_registration_time": "2023-01-13T20:56:17+01:00", "latest_addition_time": null, "registration_completion_time": "2023-01-13T20:56:17+01:00", "latest_correction_time": null, "under_review_time": null, "sampling_date_time": "1990-08-23T13:00:00+02:00", "imbro_xml_url": "https://publiek.broservices.nl/gm/gar/v1/objects/GAR000000034612"}, "geometry": {"type": "Point", "coordinates": [5.02895175, 52.09430118]}, "id": "f8ee4393-eb36-5f9d-84f6-eca5a8518a82"}, {"type": "Feature", "properties": {"gm_gar_pk": 34292, "gm_gmw_monitoringtube.href": "https://api.pdok.nl/tno/bro-grondwatermonitoring-in-samenhang-karakteristieken/ogc/v1/collections/gm_gmw_monitoringtube/items/26f127bc-4f15-5e4d-aa78-f518f38061dc", "gm_gmw_monitoringtube_fk": 39505, "bro_id": "GAR000000034613", "delivery_accountable_party": "30276683", "quality_regime": "IMBRO/A", "object_registration_time": "2023-01-13T20:56:21+01:00", "latest_addition_time": null, "registration_completion_time": "2023-01-13T20:56:21+01:00", "latest_correction_time": null, "under_review_time": null, "sampling_date_time": "1991-07-03T13:00:00+02:00", "imbro_xml_url": "https://publiek.broservices.nl/gm/gar/v1/objects/GAR000000034613"}, "geometry": {"type": "Point", "coordinates": [5.02895175, 52.09430118]}, "id": "f84ebbc6-4fa9-5ef3-8303-2ff219b50636"}, {"type": "Feature", "properties": {"gm_gar_pk": 34293, "gm_gmw_monitoringtube.href": "https://api.pdok.nl/tno/bro-grondwatermonitoring-in-samenhang-karakteristieken/ogc/v1/collections/gm_gmw_monitoringtube/items/26f127bc-4f15-5e4d-aa78-f518f38061dc", "gm_gmw_monitoringtube_fk": 39505, "bro_id": "GAR000000034614", "delivery_accountable_party": "30276683", "quality_regime": "IMBRO/A", "object_registration_time": "2023-01-13T20:56:24+01:00", "latest_addition_time": null, "registration_completion_time": "2023-01-13T20:56:24+01:00", "latest_correction_time": null, "under_review_time": null, "sampling_date_time": "1993-06-09T13:00:00+02:00", "imbro_xml_url": "https://publiek.broservices.nl/gm/gar/v1/objects/GAR000000034614"}, "geometry": {"type": "Point", "coordinates": [5.02895175, 52.09430118]}, "id": "1b6c891e-6c79-590b-8676-8dd2ec9e663b"}, {"type": "Feature", "properties": {"gm_gar_pk": 34294, "gm_gmw_monitoringtube.href": "https://api.pdok.nl/tno/bro-grondwatermonitoring-in-samenhang-karakteristieken/ogc/v1/collections/gm_gmw_monitoringtube/items/26f127bc-4f15-5e4d-aa78-f518f38061dc", "gm_gmw_monitoringtube_fk": 39505, "bro_id": "GAR000000034615", "delivery_accountable_party": "30276683", "quality_regime": "IMBRO/A", "object_registration_time": "2023-01-13T20:56:28+01:00", "latest_addition_time": null, "registration_completion_time": "2023-01-13T20:56:28+01:00", "latest_correction_time": null, "under_review_time": null, "sampling_date_time": "1995-04-06T13:00:00+02:00", "imbro_xml_url": "https://publiek.broservices.nl/gm/gar/v1/objects/GAR000000034615"}, "geometry": {"type": "Point", "coordinates": [5.02895175, 52.09430118]}, "id": "5e23ded6-5dc5-5222-b9ee-555fd0a48bb0"}, {"type": "Feature", "properties": {"gm_gar_pk": 34295, "gm_gmw_monitoringtube.href": "https://api.pdok.nl/tno/bro-grondwatermonitoring-in-samenhang-karakteristieken/ogc/v1/collections/gm_gmw_monitoringtube/items/9a383ff3-8376-55cc-8903-5dbdd69119ed", "gm_gmw_monitoringtube_fk": 39504, "bro_id": "GAR000000034616", "delivery_accountable_party": "30276683", "quality_regime": "IMBRO/A", "object_registration_time": "2023-01-13T20:56:31+01:00", "latest_addition_time": null, "registration_completion_time": "2023-01-13T20:56:31+01:00", "latest_correction_time": "2026-02-20T15:16:56+01:00", "under_review_time": null, "sampling_date_time": "1985-08-23T13:00:00+02:00", "imbro_xml_url": "https://publiek.broservices.nl/gm/gar/v1/objects/GAR000000034616"}, "geometry": {"type": "Point", "coordinates": [5.02895175, 52.09430118]}, "id": "093f0cf9-1efd-5a7c-a284-cdfd9e66fe80"}, {"type": "Feature", "properties": {"gm_gar_pk": 34296, "gm_gmw_monitoringtube.href": "https://api.pdok.nl/tno/bro-grondwatermonitoring-in-samenhang-karakteristieken/ogc/v1/collections/gm_gmw_monitoringtube/items/9a383ff3-8376-55cc-8903-5dbdd69119ed", "gm_gmw_monitoringtube_fk": 39504, "bro_id": "GAR000000034617", "delivery_accountable_party": "30276683", "quality_regime": "IMBRO/A", "object_registration_time": "2023-01-13T20:56:34+01:00", "latest_addition_time": null, "registration_completion_time": "2023-01-13T20:56:34+01:00", "latest_correction_time": "2026-02-20T15:16:57+01:00", "under_review_time": null, "sampling_date_time": "1986-09-11T13:00:00+02:00", "imbro_xml_url": "https://publiek.broservices.nl/gm/gar/v1/objects/GAR000000034617"}, "geometry": {"type": "Point", "coordinates": [5.02895175, 52.09430118]}, "id": "a1cb6c98-bb4b-5efd-93ad-f2a37ff50204"}, {"type": "Feature", "properties": {"gm_gar_pk": 34297, "gm_gmw_monitoringtube.href": "https://api.pdok.nl/tno/bro-grondwatermonitoring-in-samenhang-karakteristieken/ogc/v1/collections/gm_gmw_monitoringtube/items/9a383ff3-8376-55cc-8903-5dbdd69119ed", "gm_gmw_monitoringtube_fk": 39504, "bro_id": "GAR000000034618", "delivery_accountable_party": "30276683", "quality_regime": "IMBRO/A", "object_registration_time": "2023-01-13T20:56:38+01:00", "latest_addition_time": null, "registration_completion_time": "2023-01-13T20:56:38+01:00", "latest_correction_time": "2026-02-20T15:17:09+01:00", "under_review_time": null, "sampling_date_time": "1987-09-24T13:00:00+02:00", "imbro_xml_url": "https://publiek.broservices.nl/gm/gar/v1/objects/GAR000000034618"}, "geometry": {"type": "Point", "coordinates": [5.02895175, 52.09430118]}, "id": "c5522733-b640-53c2-ac43-bf9ad0ed4729"}, {"type": "Feature", "properties": {"gm_gar_pk": 34298, "gm_gmw_monitoringtube.href": "https://api.pdok.nl/tno/bro-grondwatermonitoring-in-samenhang-karakteristieken/ogc/v1/collections/gm_gmw_monitoringtube/items/9a383ff3-8376-55cc-8903-5dbdd69119ed", "gm_gmw_monitoringtube_fk": 39504, "bro_id": "GAR000000034619", "delivery_accountable_party": "30276683", "quality_regime": "IMBRO/A", "object_registration_time": "2023-01-13T20:56:41+01:00", "latest_addition_time": null, "registration_completion_time": "2023-01-13T20:56:41+01:00", "latest_correction_time": "2026-02-20T15:15:07+01:00", "under_review_time": null, "sampling_date_time": "2003-05-23T13:00:00+02:00", "imbro_xml_url": "https://publiek.broservices.nl/gm/gar/v1/objects/GAR000000034619"}, "geometry": {"type": "Point", "coordinates": [5.02895175, 52.09430118]}, "id": "5adb73a1-bcdd-5b27-a57c-91a07aa572c0"}, {"type": "Feature", "properties": {"gm_gar_pk": 34299, "gm_gmw_monitoringtube.href": "https://api.pdok.nl/tno/bro-grondwatermonitoring-in-samenhang-karakteristieken/ogc/v1/collections/gm_gmw_monitoringtube/items/9a383ff3-8376-55cc-8903-5dbdd69119ed", "gm_gmw_monitoringtube_fk": 39504, "bro_id": "GAR000000034620", "delivery_accountable_party": "30276683", "quality_regime": "IMBRO/A", "object_registration_time": "2023-01-13T20:56:45+01:00", "latest_addition_time": null, "registration_completion_time": "2023-01-13T20:56:45+01:00", "latest_correction_time": "2026-02-20T15:15:00+01:00", "under_review_time": null, "sampling_date_time": "2009-06-16T13:00:00+02:00", "imbro_xml_url": "https://publiek.broservices.nl/gm/gar/v1/objects/GAR000000034620"}, "geometry": {"type": "Point", "coordinates": [5.02895175, 52.09430118]}, "id": "75cc76d7-0982-575e-949c-d3248da0fea1"}, {"type": "Feature", "properties": {"gm_gar_pk": 34300, "gm_gmw_monitoringtube.href": "https://api.pdok.nl/tno/bro-grondwatermonitoring-in-samenhang-karakteristieken/ogc/v1/collections/gm_gmw_monitoringtube/items/9a383ff3-8376-55cc-8903-5dbdd69119ed", "gm_gmw_monitoringtube_fk": 39504, "bro_id": "GAR000000034621", "delivery_accountable_party": "30276683", "quality_regime": "IMBRO/A", "object_registration_time": "2023-01-13T20:56:48+01:00", "latest_addition_time": null, "registration_completion_time": "2023-01-13T20:56:48+01:00", "latest_correction_time": "2026-02-20T15:13:23+01:00", "under_review_time": null, "sampling_date_time": "2011-01-29T12:00:00+01:00", "imbro_xml_url": "https://publiek.broservices.nl/gm/gar/v1/objects/GAR000000034621"}, "geometry": {"type": "Point", "coordinates": [5.02895175, 52.09430118]}, "id": "1dd5792d-bfe0-5c5a-a20b-0b2f8b0a76b2"}, {"type": "Feature", "properties": {"gm_gar_pk": 34301, "gm_gmw_monitoringtube.href": "https://api.pdok.nl/tno/bro-grondwatermonitoring-in-samenhang-karakteristieken/ogc/v1/collections/gm_gmw_monitoringtube/items/9a383ff3-8376-55cc-8903-5dbdd69119ed", "gm_gmw_monitoringtube_fk": 39504, "bro_id": "GAR000000034622", "delivery_accountable_party": "30276683", "quality_regime": "IMBRO/A", "object_registration_time": "2023-01-13T20:56:51+01:00", "latest_addition_time": null, "registration_completion_time": "2023-01-13T20:56:51+01:00", "latest_correction_time": "2026-02-20T15:24:36+01:00", "under_review_time": null, "sampling_date_time": "2013-10-30T12:00:00+01:00", "imbro_xml_url": "https://publiek.broservices.nl/gm/gar/v1/objects/GAR000000034622"}, "geometry": {"type": "Point", "coordinates": [5.02895175, 52.09430118]}, "id": "54674435-4035-5d8a-9d2d-a224313e60cf"}, {"type": "Feature", "properties": {"gm_gar_pk": 34302, "gm_gmw_monitoringtube.href": "https://api.pdok.nl/tno/bro-grondwatermonitoring-in-samenhang-karakteristieken/ogc/v1/collections/gm_gmw_monitoringtube/items/9a383ff3-8376-55cc-8903-5dbdd69119ed", "gm_gmw_monitoringtube_fk": 39504, "bro_id": "GAR000000034623", "delivery_accountable_party": "30276683", "quality_regime": "IMBRO/A", "object_registration_time": "2023-01-13T20:56:54+01:00", "latest_addition_time": null, "registration_completion_time": "2023-01-13T20:56:54+01:00", "latest_correction_time": "2026-02-20T15:17:11+01:00", "under_review_time": null, "sampling_date_time": "1988-08-16T13:00:00+02:00", "imbro_xml_url": "https://publiek.broservices.nl/gm/gar/v1/objects/GAR000000034623"}, "geometry": {"type": "Point", "coordinates": [5.02895175, 52.09430118]}, "id": "24f68f6f-926e-575d-821c-36d8d129ae0e"}, {"type": "Feature", "properties": {"gm_gar_pk": 34303, "gm_gmw_monitoringtube.href": "https://api.pdok.nl/tno/bro-grondwatermonitoring-in-samenhang-karakteristieken/ogc/v1/collections/gm_gmw_monitoringtube/items/9a383ff3-8376-55cc-8903-5dbdd69119ed", "gm_gmw_monitoringtube_fk": 39504, "bro_id": "GAR000000034624", "delivery_accountable_party": "30276683", "quality_regime": "IMBRO/A", "object_registration_time": "2023-01-13T20:56:58+01:00", "latest_addition_time": null, "registration_completion_time": "2023-01-13T20:56:58+01:00", "latest_correction_time": "2026-02-20T15:17:17+01:00", "under_review_time": null, "sampling_date_time": "1989-10-04T12:00:00+01:00", "imbro_xml_url": "https://publiek.broservices.nl/gm/gar/v1/objects/GAR000000034624"}, "geometry": {"type": "Point", "coordinates": [5.02895175, 52.09430118]}, "id": "ba660d95-e53b-57a8-bb63-4120c8daa14b"}, {"type": "Feature", "properties": {"gm_gar_pk": 34304, "gm_gmw_monitoringtube.href": "https://api.pdok.nl/tno/bro-grondwatermonitoring-in-samenhang-karakteristieken/ogc/v1/collections/gm_gmw_monitoringtube/items/26f127bc-4f15-5e4d-aa78-f518f38061dc", "gm_gmw_monitoringtube_fk": 39505, "bro_id": "GAR000000034625", "delivery_accountable_party": "30276683", "quality_regime": "IMBRO/A", "object_registration_time": "2023-01-13T20:57:02+01:00", "latest_addition_time": null, "registration_completion_time": "2023-01-13T20:57:02+01:00", "latest_correction_time": "2026-02-20T15:17:34+01:00", "under_review_time": null, "sampling_date_time": "1981-10-15T12:00:00+01:00", "imbro_xml_url": "https://publiek.broservices.nl/gm/gar/v1/objects/GAR000000034625"}, "geometry": {"type": "Point", "coordinates": [5.02895175, 52.09430118]}, "id": "63252faf-b272-5a55-8134-7f0c2a5f45fb"}, {"type": "Feature", "properties": {"gm_gar_pk": 34305, "gm_gmw_monitoringtube.href": "https://api.pdok.nl/tno/bro-grondwatermonitoring-in-samenhang-karakteristieken/ogc/v1/collections/gm_gmw_monitoringtube/items/26f127bc-4f15-5e4d-aa78-f518f38061dc", "gm_gmw_monitoringtube_fk": 39505, "bro_id": "GAR000000034626", "delivery_accountable_party": "30276683", "quality_regime": "IMBRO/A", "object_registration_time": "2023-01-13T20:57:05+01:00", "latest_addition_time": null, "registration_completion_time": "2023-01-13T20:57:05+01:00", "latest_correction_time": null, "under_review_time": null, "sampling_date_time": "1994-04-15T13:00:00+02:00", "imbro_xml_url": "https://publiek.broservices.nl/gm/gar/v1/objects/GAR000000034626"}, "geometry": {"type": "Point", "coordinates": [5.02895175, 52.09430118]}, "id": "6e4eefab-7ddc-5b47-a121-90e30a9342d4"}, {"type": "Feature", "properties": {"gm_gar_pk": 34307, "gm_gmw_monitoringtube.href": "https://api.pdok.nl/tno/bro-grondwatermonitoring-in-samenhang-karakteristieken/ogc/v1/collections/gm_gmw_monitoringtube/items/9a383ff3-8376-55cc-8903-5dbdd69119ed", "gm_gmw_monitoringtube_fk": 39504, "bro_id": "GAR000000034628", "delivery_accountable_party": "30276683", "quality_regime": "IMBRO/A", "object_registration_time": "2023-01-13T20:57:13+01:00", "latest_addition_time": null, "registration_completion_time": "2023-01-13T20:57:13+01:00", "latest_correction_time": "2026-02-20T15:17:23+01:00", "under_review_time": null, "sampling_date_time": "1990-08-23T13:00:00+02:00", "imbro_xml_url": "https://publiek.broservices.nl/gm/gar/v1/objects/GAR000000034628"}, "geometry": {"type": "Point", "coordinates": [5.02895175, 52.09430118]}, "id": "fe270b20-397b-5bcf-ab76-49b473c7378d"}, {"type": "Feature", "properties": {"gm_gar_pk": 34308, "gm_gmw_monitoringtube.href": "https://api.pdok.nl/tno/bro-grondwatermonitoring-in-samenhang-karakteristieken/ogc/v1/collections/gm_gmw_monitoringtube/items/9a383ff3-8376-55cc-8903-5dbdd69119ed", "gm_gmw_monitoringtube_fk": 39504, "bro_id": "GAR000000034629", "delivery_accountable_party": "30276683", "quality_regime": "IMBRO/A", "object_registration_time": "2023-01-13T20:57:16+01:00", "latest_addition_time": null, "registration_completion_time": "2023-01-13T20:57:16+01:00", "latest_correction_time": "2026-02-20T15:20:04+01:00", "under_review_time": null, "sampling_date_time": "1991-07-03T13:00:00+02:00", "imbro_xml_url": "https://publiek.broservices.nl/gm/gar/v1/objects/GAR000000034629"}, "geometry": {"type": "Point", "coordinates": [5.02895175, 52.09430118]}, "id": "5aeaf08f-9241-5401-9947-a89aab27d2be"}, {"type": "Feature", "properties": {"gm_gar_pk": 34309, "gm_gmw_monitoringtube.href": "https://api.pdok.nl/tno/bro-grondwatermonitoring-in-samenhang-karakteristieken/ogc/v1/collections/gm_gmw_monitoringtube/items/9a383ff3-8376-55cc-8903-5dbdd69119ed", "gm_gmw_monitoringtube_fk": 39504, "bro_id": "GAR000000034630", "delivery_accountable_party": "30276683", "quality_regime": "IMBRO/A", "object_registration_time": "2023-01-13T20:57:19+01:00", "latest_addition_time": null, "registration_completion_time": "2023-01-13T20:57:19+01:00", "latest_correction_time": "2026-02-20T15:20:11+01:00", "under_review_time": null, "sampling_date_time": "1994-04-15T13:00:00+02:00", "imbro_xml_url": "https://publiek.broservices.nl/gm/gar/v1/objects/GAR000000034630"}, "geometry": {"type": "Point", "coordinates": [5.02895175, 52.09430118]}, "id": "5f71a0a7-e7fc-5166-b0b2-b0eb2dd67e7e"}, {"type": "Feature", "properties": {"gm_gar_pk": 34310, "gm_gmw_monitoringtube.href": "https://api.pdok.nl/tno/bro-grondwatermonitoring-in-samenhang-karakteristieken/ogc/v1/collections/gm_gmw_monitoringtube/items/26f127bc-4f15-5e4d-aa78-f518f38061dc", "gm_gmw_monitoringtube_fk": 39505, "bro_id": "GAR000000034631", "delivery_accountable_party": "30276683", "quality_regime": "IMBRO/A", "object_registration_time": "2023-01-13T20:57:23+01:00", "latest_addition_time": null, "registration_completion_time": "2023-01-13T20:57:23+01:00", "latest_correction_time": null, "under_review_time": null, "sampling_date_time": "1992-07-01T13:00:00+02:00", "imbro_xml_url": "https://publiek.broservices.nl/gm/gar/v1/objects/GAR000000034631"}, "geometry": {"type": "Point", "coordinates": [5.02895175, 52.09430118]}, "id": "2716b57b-a248-59ee-a70f-51b8d552a0ef"}, {"type": "Feature", "properties": {"gm_gar_pk": 34311, "gm_gmw_monitoringtube.href": "https://api.pdok.nl/tno/bro-grondwatermonitoring-in-samenhang-karakteristieken/ogc/v1/collections/gm_gmw_monitoringtube/items/26f127bc-4f15-5e4d-aa78-f518f38061dc", "gm_gmw_monitoringtube_fk": 39505, "bro_id": "GAR000000034632", "delivery_accountable_party": "30276683", "quality_regime": "IMBRO/A", "object_registration_time": "2023-01-13T20:57:26+01:00", "latest_addition_time": null, "registration_completion_time": "2023-01-13T20:57:26+01:00", "latest_correction_time": null, "under_review_time": null, "sampling_date_time": "1996-04-16T13:00:00+02:00", "imbro_xml_url": "https://publiek.broservices.nl/gm/gar/v1/objects/GAR000000034632"}, "geometry": {"type": "Point", "coordinates": [5.02895175, 52.09430118]}, "id": "51b58289-40dc-5246-a144-de78ba757810"}, {"type": "Feature", "properties": {"gm_gar_pk": 34312, "gm_gmw_monitoringtube.href": "https://api.pdok.nl/tno/bro-grondwatermonitoring-in-samenhang-karakteristieken/ogc/v1/collections/gm_gmw_monitoringtube/items/26f127bc-4f15-5e4d-aa78-f518f38061dc", "gm_gmw_monitoringtube_fk": 39505, "bro_id": "GAR000000034633", "delivery_accountable_party": "30276683", "quality_regime": "IMBRO/A", "object_registration_time": "2023-01-13T20:57:30+01:00", "latest_addition_time": null, "registration_completion_time": "2023-01-13T20:57:30+01:00", "latest_correction_time": null, "under_review_time": null, "sampling_date_time": "1999-06-10T13:00:00+02:00", "imbro_xml_url": "https://publiek.broservices.nl/gm/gar/v1/objects/GAR000000034633"}, "geometry": {"type": "Point", "coordinates": [5.02895175, 52.09430118]}, "id": "15e28936-10b0-530f-adee-742b2c130208"}, {"type": "Feature", "properties": {"gm_gar_pk": 34313, "gm_gmw_monitoringtube.href": "https://api.pdok.nl/tno/bro-grondwatermonitoring-in-samenhang-karakteristieken/ogc/v1/collections/gm_gmw_monitoringtube/items/26f127bc-4f15-5e4d-aa78-f518f38061dc", "gm_gmw_monitoringtube_fk": 39505, "bro_id": "GAR000000034634", "delivery_accountable_party": "30276683", "quality_regime": "IMBRO/A", "object_registration_time": "2023-01-13T20:57:33+01:00", "latest_addition_time": null, "registration_completion_time": "2023-01-13T20:57:33+01:00", "latest_correction_time": null, "under_review_time": null, "sampling_date_time": "2001-08-31T13:00:00+02:00", "imbro_xml_url": "https://publiek.broservices.nl/gm/gar/v1/objects/GAR000000034634"}, "geometry": {"type": "Point", "coordinates": [5.02895175, 52.09430118]}, "id": "dc2c2237-e10a-5838-9ef6-7d617032da3d"}, {"type": "Feature", "properties": {"gm_gar_pk": 34317, "gm_gmw_monitoringtube.href": "https://api.pdok.nl/tno/bro-grondwatermonitoring-in-samenhang-karakteristieken/ogc/v1/collections/gm_gmw_monitoringtube/items/26f127bc-4f15-5e4d-aa78-f518f38061dc", "gm_gmw_monitoringtube_fk": 39505, "bro_id": "GAR000000034638", "delivery_accountable_party": "30276683", "quality_regime": "IMBRO/A", "object_registration_time": "2023-01-13T20:57:47+01:00", "latest_addition_time": null, "registration_completion_time": "2023-01-13T20:57:47+01:00", "latest_correction_time": null, "under_review_time": null, "sampling_date_time": "1997-08-18T13:00:00+02:00", "imbro_xml_url": "https://publiek.broservices.nl/gm/gar/v1/objects/GAR000000034638"}, "geometry": {"type": "Point", "coordinates": [5.02895175, 52.09430118]}, "id": "c6da58cb-d678-503b-adb8-b1c3dce8630e"}, {"type": "Feature", "properties": {"gm_gar_pk": 34318, "gm_gmw_monitoringtube.href": "https://api.pdok.nl/tno/bro-grondwatermonitoring-in-samenhang-karakteristieken/ogc/v1/collections/gm_gmw_monitoringtube/items/26f127bc-4f15-5e4d-aa78-f518f38061dc", "gm_gmw_monitoringtube_fk": 39505, "bro_id": "GAR000000034639", "delivery_accountable_party": "30276683", "quality_regime": "IMBRO/A", "object_registration_time": "2023-01-13T20:57:51+01:00", "latest_addition_time": null, "registration_completion_time": "2023-01-13T20:57:51+01:00", "latest_correction_time": null, "under_review_time": null, "sampling_date_time": "2003-05-23T13:00:00+02:00", "imbro_xml_url": "https://publiek.broservices.nl/gm/gar/v1/objects/GAR000000034639"}, "geometry": {"type": "Point", "coordinates": [5.02895175, 52.09430118]}, "id": "0384cd71-9e12-58b2-8931-037cdac75c4a"}, {"type": "Feature", "properties": {"gm_gar_pk": 34319, "gm_gmw_monitoringtube.href": "https://api.pdok.nl/tno/bro-grondwatermonitoring-in-samenhang-karakteristieken/ogc/v1/collections/gm_gmw_monitoringtube/items/ba4f1a93-432f-5077-bfe7-66823f1510e9", "gm_gmw_monitoringtube_fk": 39506, "bro_id": "GAR000000034640", "delivery_accountable_party": "30276683", "quality_regime": "IMBRO/A", "object_registration_time": "2023-01-13T20:57:54+01:00", "latest_addition_time": null, "registration_completion_time": "2023-01-13T20:57:54+01:00", "latest_correction_time": "2026-02-20T15:17:36+01:00", "under_review_time": null, "sampling_date_time": "1981-10-15T12:00:00+01:00", "imbro_xml_url": "https://publiek.broservices.nl/gm/gar/v1/objects/GAR000000034640"}, "geometry": {"type": "Point", "coordinates": [5.02895175, 52.09430118]}, "id": "6627ef65-2ac1-59f2-b1b2-51676eab3f07"}, {"type": "Feature", "properties": {"gm_gar_pk": 34323, "gm_gmw_monitoringtube.href": "https://api.pdok.nl/tno/bro-grondwatermonitoring-in-samenhang-karakteristieken/ogc/v1/collections/gm_gmw_monitoringtube/items/ba4f1a93-432f-5077-bfe7-66823f1510e9", "gm_gmw_monitoringtube_fk": 39506, "bro_id": "GAR000000034644", "delivery_accountable_party": "30276683", "quality_regime": "IMBRO/A", "object_registration_time": "2023-01-13T20:58:08+01:00", "latest_addition_time": null, "registration_completion_time": "2023-01-13T20:58:08+01:00", "latest_correction_time": "2026-02-20T15:17:37+01:00", "under_review_time": null, "sampling_date_time": "1983-06-15T13:00:00+02:00", "imbro_xml_url": "https://publiek.broservices.nl/gm/gar/v1/objects/GAR000000034644"}, "geometry": {"type": "Point", "coordinates": [5.02895175, 52.09430118]}, "id": "e103aa59-f24b-5e2b-bf67-0cf422d7e71a"}, {"type": "Feature", "properties": {"gm_gar_pk": 34324, "gm_gmw_monitoringtube.href": "https://api.pdok.nl/tno/bro-grondwatermonitoring-in-samenhang-karakteristieken/ogc/v1/collections/gm_gmw_monitoringtube/items/ba4f1a93-432f-5077-bfe7-66823f1510e9", "gm_gmw_monitoringtube_fk": 39506, "bro_id": "GAR000000034645", "delivery_accountable_party": "30276683", "quality_regime": "IMBRO/A", "object_registration_time": "2023-01-13T20:58:12+01:00", "latest_addition_time": null, "registration_completion_time": "2023-01-13T20:58:12+01:00", "latest_correction_time": "2026-02-20T15:17:56+01:00", "under_review_time": null, "sampling_date_time": "1986-09-11T13:00:00+02:00", "imbro_xml_url": "https://publiek.broservices.nl/gm/gar/v1/objects/GAR000000034645"}, "geometry": {"type": "Point", "coordinates": [5.02895175, 52.09430118]}, "id": "ec99fb69-219f-5e5c-b9b4-910fa3ab1bef"}, {"type": "Feature", "properties": {"gm_gar_pk": 34325, "gm_gmw_monitoringtube.href": "https://api.pdok.nl/tno/bro-grondwatermonitoring-in-samenhang-karakteristieken/ogc/v1/collections/gm_gmw_monitoringtube/items/ba4f1a93-432f-5077-bfe7-66823f1510e9", "gm_gmw_monitoringtube_fk": 39506, "bro_id": "GAR000000034646", "delivery_accountable_party": "30276683", "quality_regime": "IMBRO/A", "object_registration_time": "2023-01-13T20:58:15+01:00", "latest_addition_time": null, "registration_completion_time": "2023-01-13T20:58:15+01:00", "latest_correction_time": "2026-02-20T15:18:03+01:00", "under_review_time": null, "sampling_date_time": "1987-09-24T13:00:00+02:00", "imbro_xml_url": "https://publiek.broservices.nl/gm/gar/v1/objects/GAR000000034646"}, "geometry": {"type": "Point", "coordinates": [5.02895175, 52.09430118]}, "id": "cb58c3f2-25c2-5f43-9822-8c00e0ab6eff"}, {"type": "Feature", "properties": {"gm_gar_pk": 34326, "gm_gmw_monitoringtube.href": "https://api.pdok.nl/tno/bro-grondwatermonitoring-in-samenhang-karakteristieken/ogc/v1/collections/gm_gmw_monitoringtube/items/ba4f1a93-432f-5077-bfe7-66823f1510e9", "gm_gmw_monitoringtube_fk": 39506, "bro_id": "GAR000000034647", "delivery_accountable_party": "30276683", "quality_regime": "IMBRO/A", "object_registration_time": "2023-01-13T20:58:19+01:00", "latest_addition_time": null, "registration_completion_time": "2023-01-13T20:58:19+01:00", "latest_correction_time": "2026-02-20T15:18:15+01:00", "under_review_time": null, "sampling_date_time": "1989-10-04T12:00:00+01:00", "imbro_xml_url": "https://publiek.broservices.nl/gm/gar/v1/objects/GAR000000034647"}, "geometry": {"type": "Point", "coordinates": [5.02895175, 52.09430118]}, "id": "a95f8d64-0916-54fc-a95d-ce713a2bc5f8"}, {"type": "Feature", "properties": {"gm_gar_pk": 34327, "gm_gmw_monitoringtube.href": "https://api.pdok.nl/tno/bro-grondwatermonitoring-in-samenhang-karakteristieken/ogc/v1/collections/gm_gmw_monitoringtube/items/ba4f1a93-432f-5077-bfe7-66823f1510e9", "gm_gmw_monitoringtube_fk": 39506, "bro_id": "GAR000000034648", "delivery_accountable_party": "30276683", "quality_regime": "IMBRO/A", "object_registration_time": "2023-01-13T20:58:23+01:00", "latest_addition_time": null, "registration_completion_time": "2023-01-13T20:58:23+01:00", "latest_correction_time": "2026-02-20T15:17:49+01:00", "under_review_time": null, "sampling_date_time": "1984-07-10T13:00:00+02:00", "imbro_xml_url": "https://publiek.broservices.nl/gm/gar/v1/objects/GAR000000034648"}, "geometry": {"type": "Point", "coordinates": [5.02895175, 52.09430118]}, "id": "aaa102e9-987d-5822-b418-064499f1ce32"}, {"type": "Feature", "properties": {"gm_gar_pk": 34328, "gm_gmw_monitoringtube.href": "https://api.pdok.nl/tno/bro-grondwatermonitoring-in-samenhang-karakteristieken/ogc/v1/collections/gm_gmw_monitoringtube/items/ba4f1a93-432f-5077-bfe7-66823f1510e9", "gm_gmw_monitoringtube_fk": 39506, "bro_id": "GAR000000034649", "delivery_accountable_party": "30276683", "quality_regime": "IMBRO/A", "object_registration_time": "2023-01-13T20:58:26+01:00", "latest_addition_time": null, "registration_completion_time": "2023-01-13T20:58:26+01:00", "latest_correction_time": "2026-02-20T15:27:01+01:00", "under_review_time": null, "sampling_date_time": "1985-08-23T13:00:00+02:00", "imbro_xml_url": "https://publiek.broservices.nl/gm/gar/v1/objects/GAR000000034649"}, "geometry": {"type": "Point", "coordinates": [5.02895175, 52.09430118]}, "id": "b1250ace-8d63-5fc5-84f0-484b46f17978"}, {"type": "Feature", "properties": {"gm_gar_pk": 34329, "gm_gmw_monitoringtube.href": "https://api.pdok.nl/tno/bro-grondwatermonitoring-in-samenhang-karakteristieken/ogc/v1/collections/gm_gmw_monitoringtube/items/ba4f1a93-432f-5077-bfe7-66823f1510e9", "gm_gmw_monitoringtube_fk": 39506, "bro_id": "GAR000000034650", "delivery_accountable_party": "30276683", "quality_regime": "IMBRO/A", "object_registration_time": "2023-01-13T20:58:29+01:00", "latest_addition_time": null, "registration_completion_time": "2023-01-13T20:58:29+01:00", "latest_correction_time": "2026-02-20T15:18:10+01:00", "under_review_time": null, "sampling_date_time": "1988-08-16T13:00:00+02:00", "imbro_xml_url": "https://publiek.broservices.nl/gm/gar/v1/objects/GAR000000034650"}, "geometry": {"type": "Point", "coordinates": [5.02895175, 52.09430118]}, "id": "0893634e-f608-5dc1-ae9c-162c31a0ebb5"}, {"type": "Feature", "properties": {"gm_gar_pk": 34330, "gm_gmw_monitoringtube.href": "https://api.pdok.nl/tno/bro-grondwatermonitoring-in-samenhang-karakteristieken/ogc/v1/collections/gm_gmw_monitoringtube/items/ba4f1a93-432f-5077-bfe7-66823f1510e9", "gm_gmw_monitoringtube_fk": 39506, "bro_id": "GAR000000034651", "delivery_accountable_party": "30276683", "quality_regime": "IMBRO/A", "object_registration_time": "2023-01-13T20:58:33+01:00", "latest_addition_time": null, "registration_completion_time": "2023-01-13T20:58:33+01:00", "latest_correction_time": "2026-02-20T15:18:27+01:00", "under_review_time": null, "sampling_date_time": "1990-08-23T13:00:00+02:00", "imbro_xml_url": "https://publiek.broservices.nl/gm/gar/v1/objects/GAR000000034651"}, "geometry": {"type": "Point", "coordinates": [5.02895175, 52.09430118]}, "id": "dbdede32-8001-5923-a670-d513b39f103b"}, {"type": "Feature", "properties": {"gm_gar_pk": 34331, "gm_gmw_monitoringtube.href": "https://api.pdok.nl/tno/bro-grondwatermonitoring-in-samenhang-karakteristieken/ogc/v1/collections/gm_gmw_monitoringtube/items/ba4f1a93-432f-5077-bfe7-66823f1510e9", "gm_gmw_monitoringtube_fk": 39506, "bro_id": "GAR000000034652", "delivery_accountable_party": "30276683", "quality_regime": "IMBRO/A", "object_registration_time": "2023-01-13T20:58:36+01:00", "latest_addition_time": null, "registration_completion_time": "2023-01-13T20:58:36+01:00", "latest_correction_time": "2026-02-20T14:48:28+01:00", "under_review_time": null, "sampling_date_time": "1991-07-03T13:00:00+02:00", "imbro_xml_url": "https://publiek.broservices.nl/gm/gar/v1/objects/GAR000000034652"}, "geometry": {"type": "Point", "coordinates": [5.02895175, 52.09430118]}, "id": "aea57790-ad07-5f4c-bf0a-5fa21b194269"}, {"type": "Feature", "properties": {"gm_gar_pk": 34332, "gm_gmw_monitoringtube.href": "https://api.pdok.nl/tno/bro-grondwatermonitoring-in-samenhang-karakteristieken/ogc/v1/collections/gm_gmw_monitoringtube/items/ba4f1a93-432f-5077-bfe7-66823f1510e9", "gm_gmw_monitoringtube_fk": 39506, "bro_id": "GAR000000034653", "delivery_accountable_party": "30276683", "quality_regime": "IMBRO/A", "object_registration_time": "2023-01-13T20:58:40+01:00", "latest_addition_time": null, "registration_completion_time": "2023-01-13T20:58:40+01:00", "latest_correction_time": "2026-02-20T14:48:35+01:00", "under_review_time": null, "sampling_date_time": "1992-07-01T13:00:00+02:00", "imbro_xml_url": "https://publiek.broservices.nl/gm/gar/v1/objects/GAR000000034653"}, "geometry": {"type": "Point", "coordinates": [5.02895175, 52.09430118]}, "id": "851ada3d-dc6b-57e7-ad0c-5e9f8647f25c"}, {"type": "Feature", "properties": {"gm_gar_pk": 34333, "gm_gmw_monitoringtube.href": "https://api.pdok.nl/tno/bro-grondwatermonitoring-in-samenhang-karakteristieken/ogc/v1/collections/gm_gmw_monitoringtube/items/ba4f1a93-432f-5077-bfe7-66823f1510e9", "gm_gmw_monitoringtube_fk": 39506, "bro_id": "GAR000000034654", "delivery_accountable_party": "30276683", "quality_regime": "IMBRO/A", "object_registration_time": "2023-01-13T20:58:43+01:00", "latest_addition_time": null, "registration_completion_time": "2023-01-13T20:58:43+01:00", "latest_correction_time": "2026-02-20T15:13:37+01:00", "under_review_time": null, "sampling_date_time": "2011-01-29T12:00:00+01:00", "imbro_xml_url": "https://publiek.broservices.nl/gm/gar/v1/objects/GAR000000034654"}, "geometry": {"type": "Point", "coordinates": [5.02895175, 52.09430118]}, "id": "54dd3b77-b612-529c-ba0a-c64abe98f333"}, {"type": "Feature", "properties": {"gm_gar_pk": 34334, "gm_gmw_monitoringtube.href": "https://api.pdok.nl/tno/bro-grondwatermonitoring-in-samenhang-karakteristieken/ogc/v1/collections/gm_gmw_monitoringtube/items/ba4f1a93-432f-5077-bfe7-66823f1510e9", "gm_gmw_monitoringtube_fk": 39506, "bro_id": "GAR000000034655", "delivery_accountable_party": "30276683", "quality_regime": "IMBRO/A", "object_registration_time": "2023-01-13T20:58:47+01:00", "latest_addition_time": null, "registration_completion_time": "2023-01-13T20:58:47+01:00", "latest_correction_time": "2026-02-20T15:15:13+01:00", "under_review_time": null, "sampling_date_time": "2015-09-02T13:00:00+02:00", "imbro_xml_url": "https://publiek.broservices.nl/gm/gar/v1/objects/GAR000000034655"}, "geometry": {"type": "Point", "coordinates": [5.02895175, 52.09430118]}, "id": "4469a583-0be7-578b-a08a-016de78911c3"}, {"type": "Feature", "properties": {"gm_gar_pk": 34335, "gm_gmw_monitoringtube.href": "https://api.pdok.nl/tno/bro-grondwatermonitoring-in-samenhang-karakteristieken/ogc/v1/collections/gm_gmw_monitoringtube/items/2fe49573-f424-5cf1-9e2f-da21694680e4", "gm_gmw_monitoringtube_fk": 39199, "bro_id": "GAR000000034656", "delivery_accountable_party": "30276683", "quality_regime": "IMBRO/A", "object_registration_time": "2023-01-13T20:58:50+01:00", "latest_addition_time": null, "registration_completion_time": "2023-01-13T20:58:50+01:00", "latest_correction_time": "2026-02-20T15:38:48+01:00", "under_review_time": null, "sampling_date_time": "2017-08-08T13:00:00+02:00", "imbro_xml_url": "https://publiek.broservices.nl/gm/gar/v1/objects/GAR000000034656"}, "geometry": {"type": "Point", "coordinates": [4.96083363, 52.06508784]}, "id": "62d74eb4-edff-500f-8239-8e4318e30b8c"}, {"type": "Feature", "properties": {"gm_gar_pk": 34337, "gm_gmw_monitoringtube.href": "https://api.pdok.nl/tno/bro-grondwatermonitoring-in-samenhang-karakteristieken/ogc/v1/collections/gm_gmw_monitoringtube/items/ba4f1a93-432f-5077-bfe7-66823f1510e9", "gm_gmw_monitoringtube_fk": 39506, "bro_id": "GAR000000034658", "delivery_accountable_party": "30276683", "quality_regime": "IMBRO/A", "object_registration_time": "2023-01-13T20:59:11+01:00", "latest_addition_time": null, "registration_completion_time": "2023-01-13T20:59:11+01:00", "latest_correction_time": "2026-02-20T15:31:47+01:00", "under_review_time": null, "sampling_date_time": "1993-06-09T13:00:00+02:00", "imbro_xml_url": "https://publiek.broservices.nl/gm/gar/v1/objects/GAR000000034658"}, "geometry": {"type": "Point", "coordinates": [5.02895175, 52.09430118]}, "id": "9559dbd8-fa11-56cc-bc45-538ad2d7b4d6"}, {"type": "Feature", "properties": {"gm_gar_pk": 34338, "gm_gmw_monitoringtube.href": "https://api.pdok.nl/tno/bro-grondwatermonitoring-in-samenhang-karakteristieken/ogc/v1/collections/gm_gmw_monitoringtube/items/ba4f1a93-432f-5077-bfe7-66823f1510e9", "gm_gmw_monitoringtube_fk": 39506, "bro_id": "GAR000000034659", "delivery_accountable_party": "30276683", "quality_regime": "IMBRO/A", "object_registration_time": "2023-01-13T20:59:14+01:00", "latest_addition_time": null, "registration_completion_time": "2023-01-13T20:59:14+01:00", "latest_correction_time": null, "under_review_time": null, "sampling_date_time": "1997-08-18T13:00:00+02:00", "imbro_xml_url": "https://publiek.broservices.nl/gm/gar/v1/objects/GAR000000034659"}, "geometry": {"type": "Point", "coordinates": [5.02895175, 52.09430118]}, "id": "bb364b64-d18f-550e-8582-f86924aa12d0"}, {"type": "Feature", "properties": {"gm_gar_pk": 34339, "gm_gmw_monitoringtube.href": "https://api.pdok.nl/tno/bro-grondwatermonitoring-in-samenhang-karakteristieken/ogc/v1/collections/gm_gmw_monitoringtube/items/ba4f1a93-432f-5077-bfe7-66823f1510e9", "gm_gmw_monitoringtube_fk": 39506, "bro_id": "GAR000000034660", "delivery_accountable_party": "30276683", "quality_regime": "IMBRO/A", "object_registration_time": "2023-01-13T20:59:18+01:00", "latest_addition_time": null, "registration_completion_time": "2023-01-13T20:59:18+01:00", "latest_correction_time": "2026-02-20T15:15:15+01:00", "under_review_time": null, "sampling_date_time": "2019-07-09T13:00:00+02:00", "imbro_xml_url": "https://publiek.broservices.nl/gm/gar/v1/objects/GAR000000034660"}, "geometry": {"type": "Point", "coordinates": [5.02895175, 52.09430118]}, "id": "7c281286-f19f-506c-a730-3ef08646f394"}, {"type": "Feature", "properties": {"gm_gar_pk": 34340, "gm_gmw_monitoringtube.href": "https://api.pdok.nl/tno/bro-grondwatermonitoring-in-samenhang-karakteristieken/ogc/v1/collections/gm_gmw_monitoringtube/items/2fe49573-f424-5cf1-9e2f-da21694680e4", "gm_gmw_monitoringtube_fk": 39199, "bro_id": "GAR000000034661", "delivery_accountable_party": "30276683", "quality_regime": "IMBRO/A", "object_registration_time": "2023-01-13T20:59:22+01:00", "latest_addition_time": null, "registration_completion_time": "2023-01-13T20:59:22+01:00", "latest_correction_time": "2026-02-20T15:36:28+01:00", "under_review_time": null, "sampling_date_time": "1983-06-15T13:00:00+02:00", "imbro_xml_url": "https://publiek.broservices.nl/gm/gar/v1/objects/GAR000000034661"}, "geometry": {"type": "Point", "coordinates": [4.96083363, 52.06508784]}, "id": "4e4945c5-c6fa-5700-b501-8a5feb44f286"}, {"type": "Feature", "properties": {"gm_gar_pk": 34341, "gm_gmw_monitoringtube.href": "https://api.pdok.nl/tno/bro-grondwatermonitoring-in-samenhang-karakteristieken/ogc/v1/collections/gm_gmw_monitoringtube/items/2fe49573-f424-5cf1-9e2f-da21694680e4", "gm_gmw_monitoringtube_fk": 39199, "bro_id": "GAR000000034662", "delivery_accountable_party": "30276683", "quality_regime": "IMBRO/A", "object_registration_time": "2023-01-13T20:59:25+01:00", "latest_addition_time": null, "registration_completion_time": "2023-01-13T20:59:25+01:00", "latest_correction_time": "2026-02-20T15:15:00+01:00", "under_review_time": null, "sampling_date_time": "1984-07-10T13:00:00+02:00", "imbro_xml_url": "https://publiek.broservices.nl/gm/gar/v1/objects/GAR000000034662"}, "geometry": {"type": "Point", "coordinates": [4.96083363, 52.06508784]}, "id": "424ee5a9-f60e-5d60-8922-46e996cfc10f"}, {"type": "Feature", "properties": {"gm_gar_pk": 34342, "gm_gmw_monitoringtube.href": "https://api.pdok.nl/tno/bro-grondwatermonitoring-in-samenhang-karakteristieken/ogc/v1/collections/gm_gmw_monitoringtube/items/2fe49573-f424-5cf1-9e2f-da21694680e4", "gm_gmw_monitoringtube_fk": 39199, "bro_id": "GAR000000034663", "delivery_accountable_party": "30276683", "quality_regime": "IMBRO/A", "object_registration_time": "2023-01-13T20:59:29+01:00", "latest_addition_time": null, "registration_completion_time": "2023-01-13T20:59:29+01:00", "latest_correction_time": "2026-02-20T14:51:49+01:00", "under_review_time": null, "sampling_date_time": "2013-10-15T13:00:00+02:00", "imbro_xml_url": "https://publiek.broservices.nl/gm/gar/v1/objects/GAR000000034663"}, "geometry": {"type": "Point", "coordinates": [4.96083363, 52.06508784]}, "id": "76930923-995b-5d3c-8058-96523335dc7a"}, {"type": "Feature", "properties": {"gm_gar_pk": 34343, "gm_gmw_monitoringtube.href": "https://api.pdok.nl/tno/bro-grondwatermonitoring-in-samenhang-karakteristieken/ogc/v1/collections/gm_gmw_monitoringtube/items/ba4f1a93-432f-5077-bfe7-66823f1510e9", "gm_gmw_monitoringtube_fk": 39506, "bro_id": "GAR000000034664", "delivery_accountable_party": "30276683", "quality_regime": "IMBRO/A", "object_registration_time": "2023-01-13T20:59:32+01:00", "latest_addition_time": null, "registration_completion_time": "2023-01-13T20:59:32+01:00", "latest_correction_time": "2026-02-20T14:48:44+01:00", "under_review_time": null, "sampling_date_time": "1994-04-15T13:00:00+02:00", "imbro_xml_url": "https://publiek.broservices.nl/gm/gar/v1/objects/GAR000000034664"}, "geometry": {"type": "Point", "coordinates": [5.02895175, 52.09430118]}, "id": "9e3c2f5b-2ad0-5f86-8680-c2926820c655"}, {"type": "Feature", "properties": {"gm_gar_pk": 34344, "gm_gmw_monitoringtube.href": "https://api.pdok.nl/tno/bro-grondwatermonitoring-in-samenhang-karakteristieken/ogc/v1/collections/gm_gmw_monitoringtube/items/2fe49573-f424-5cf1-9e2f-da21694680e4", "gm_gmw_monitoringtube_fk": 39199, "bro_id": "GAR000000034665", "delivery_accountable_party": "30276683", "quality_regime": "IMBRO/A", "object_registration_time": "2023-01-13T20:59:35+01:00", "latest_addition_time": null, "registration_completion_time": "2023-01-13T20:59:35+01:00", "latest_correction_time": "2026-02-20T14:24:47+01:00", "under_review_time": null, "sampling_date_time": "1981-10-15T12:00:00+01:00", "imbro_xml_url": "https://publiek.broservices.nl/gm/gar/v1/objects/GAR000000034665"}, "geometry": {"type": "Point", "coordinates": [4.96083363, 52.06508784]}, "id": "8e2d67d3-0c39-5874-bd03-60818755f3c3"}, {"type": "Feature", "properties": {"gm_gar_pk": 34345, "gm_gmw_monitoringtube.href": "https://api.pdok.nl/tno/bro-grondwatermonitoring-in-samenhang-karakteristieken/ogc/v1/collections/gm_gmw_monitoringtube/items/2fe49573-f424-5cf1-9e2f-da21694680e4", "gm_gmw_monitoringtube_fk": 39199, "bro_id": "GAR000000034666", "delivery_accountable_party": "30276683", "quality_regime": "IMBRO/A", "object_registration_time": "2023-01-13T20:59:39+01:00", "latest_addition_time": null, "registration_completion_time": "2023-01-13T20:59:39+01:00", "latest_correction_time": "2026-02-20T14:22:32+01:00", "under_review_time": null, "sampling_date_time": "1985-08-23T13:00:00+02:00", "imbro_xml_url": "https://publiek.broservices.nl/gm/gar/v1/objects/GAR000000034666"}, "geometry": {"type": "Point", "coordinates": [4.96083363, 52.06508784]}, "id": "9a001dc9-bf58-5fc0-85e1-3d336086628b"}, {"type": "Feature", "properties": {"gm_gar_pk": 34346, "gm_gmw_monitoringtube.href": "https://api.pdok.nl/tno/bro-grondwatermonitoring-in-samenhang-karakteristieken/ogc/v1/collections/gm_gmw_monitoringtube/items/2fe49573-f424-5cf1-9e2f-da21694680e4", "gm_gmw_monitoringtube_fk": 39199, "bro_id": "GAR000000034667", "delivery_accountable_party": "30276683", "quality_regime": "IMBRO/A", "object_registration_time": "2023-01-13T20:59:42+01:00", "latest_addition_time": null, "registration_completion_time": "2023-01-13T20:59:42+01:00", "latest_correction_time": "2026-02-20T14:48:28+01:00", "under_review_time": null, "sampling_date_time": "2015-08-27T13:00:00+02:00", "imbro_xml_url": "https://publiek.broservices.nl/gm/gar/v1/objects/GAR000000034667"}, "geometry": {"type": "Point", "coordinates": [4.96083363, 52.06508784]}, "id": "767fd02e-68d8-5ad2-9cf8-e144b2913ec6"}, {"type": "Feature", "properties": {"gm_gar_pk": 34347, "gm_gmw_monitoringtube.href": "https://api.pdok.nl/tno/bro-grondwatermonitoring-in-samenhang-karakteristieken/ogc/v1/collections/gm_gmw_monitoringtube/items/3750a65c-f8da-5149-9430-7f63b5c6191c", "gm_gmw_monitoringtube_fk": 39201, "bro_id": "GAR000000034668", "delivery_accountable_party": "30276683", "quality_regime": "IMBRO/A", "object_registration_time": "2023-01-13T20:59:46+01:00", "latest_addition_time": null, "registration_completion_time": "2023-01-13T20:59:46+01:00", "latest_correction_time": "2026-02-20T15:15:04+01:00", "under_review_time": null, "sampling_date_time": "1984-07-10T13:00:00+02:00", "imbro_xml_url": "https://publiek.broservices.nl/gm/gar/v1/objects/GAR000000034668"}, "geometry": {"type": "Point", "coordinates": [4.96083363, 52.06508784]}, "id": "52355648-54a4-5afa-88e5-76fa15825812"}, {"type": "Feature", "properties": {"gm_gar_pk": 34348, "gm_gmw_monitoringtube.href": "https://api.pdok.nl/tno/bro-grondwatermonitoring-in-samenhang-karakteristieken/ogc/v1/collections/gm_gmw_monitoringtube/items/ba4f1a93-432f-5077-bfe7-66823f1510e9", "gm_gmw_monitoringtube_fk": 39506, "bro_id": "GAR000000034669", "delivery_accountable_party": "30276683", "quality_regime": "IMBRO/A", "object_registration_time": "2023-01-13T20:59:49+01:00", "latest_addition_time": null, "registration_completion_time": "2023-01-13T20:59:49+01:00", "latest_correction_time": "2026-02-20T14:48:50+01:00", "under_review_time": null, "sampling_date_time": "1995-04-06T13:00:00+02:00", "imbro_xml_url": "https://publiek.broservices.nl/gm/gar/v1/objects/GAR000000034669"}, "geometry": {"type": "Point", "coordinates": [5.02895175, 52.09430118]}, "id": "385620c1-4ca4-5cc5-975f-56f4e3f7f240"}, {"type": "Feature", "properties": {"gm_gar_pk": 34349, "gm_gmw_monitoringtube.href": "https://api.pdok.nl/tno/bro-grondwatermonitoring-in-samenhang-karakteristieken/ogc/v1/collections/gm_gmw_monitoringtube/items/ba4f1a93-432f-5077-bfe7-66823f1510e9", "gm_gmw_monitoringtube_fk": 39506, "bro_id": "GAR000000034670", "delivery_accountable_party": "30276683", "quality_regime": "IMBRO/A", "object_registration_time": "2023-01-13T20:59:52+01:00", "latest_addition_time": null, "registration_completion_time": "2023-01-13T20:59:52+01:00", "latest_correction_time": "2026-02-20T14:49:02+01:00", "under_review_time": null, "sampling_date_time": "1996-04-16T13:00:00+02:00", "imbro_xml_url": "https://publiek.broservices.nl/gm/gar/v1/objects/GAR000000034670"}, "geometry": {"type": "Point", "coordinates": [5.02895175, 52.09430118]}, "id": "46e139e2-58c7-5626-84df-29773d96c88b"}, {"type": "Feature", "properties": {"gm_gar_pk": 34350, "gm_gmw_monitoringtube.href": "https://api.pdok.nl/tno/bro-grondwatermonitoring-in-samenhang-karakteristieken/ogc/v1/collections/gm_gmw_monitoringtube/items/ba4f1a93-432f-5077-bfe7-66823f1510e9", "gm_gmw_monitoringtube_fk": 39506, "bro_id": "GAR000000034671", "delivery_accountable_party": "30276683", "quality_regime": "IMBRO/A", "object_registration_time": "2023-01-13T20:59:56+01:00", "latest_addition_time": null, "registration_completion_time": "2023-01-13T20:59:56+01:00", "latest_correction_time": "2026-02-20T15:31:53+01:00", "under_review_time": null, "sampling_date_time": "1999-06-10T13:00:00+02:00", "imbro_xml_url": "https://publiek.broservices.nl/gm/gar/v1/objects/GAR000000034671"}, "geometry": {"type": "Point", "coordinates": [5.02895175, 52.09430118]}, "id": "c465e703-4a0b-577d-ba8a-fdb8887df027"}, {"type": "Feature", "properties": {"gm_gar_pk": 34351, "gm_gmw_monitoringtube.href": "https://api.pdok.nl/tno/bro-grondwatermonitoring-in-samenhang-karakteristieken/ogc/v1/collections/gm_gmw_monitoringtube/items/ba4f1a93-432f-5077-bfe7-66823f1510e9", "gm_gmw_monitoringtube_fk": 39506, "bro_id": "GAR000000034672", "delivery_accountable_party": "30276683", "quality_regime": "IMBRO/A", "object_registration_time": "2023-01-13T20:59:59+01:00", "latest_addition_time": null, "registration_completion_time": "2023-01-13T20:59:59+01:00", "latest_correction_time": null, "under_review_time": null, "sampling_date_time": "2001-08-31T13:00:00+02:00", "imbro_xml_url": "https://publiek.broservices.nl/gm/gar/v1/objects/GAR000000034672"}, "geometry": {"type": "Point", "coordinates": [5.02895175, 52.09430118]}, "id": "529cf155-941c-5745-9667-60214853da12"}, {"type": "Feature", "properties": {"gm_gar_pk": 34352, "gm_gmw_monitoringtube.href": "https://api.pdok.nl/tno/bro-grondwatermonitoring-in-samenhang-karakteristieken/ogc/v1/collections/gm_gmw_monitoringtube/items/ba4f1a93-432f-5077-bfe7-66823f1510e9", "gm_gmw_monitoringtube_fk": 39506, "bro_id": "GAR000000034673", "delivery_accountable_party": "30276683", "quality_regime": "IMBRO/A", "object_registration_time": "2023-01-13T21:00:04+01:00", "latest_addition_time": null, "registration_completion_time": "2023-01-13T21:00:04+01:00", "latest_correction_time": "2026-02-20T15:15:10+01:00", "under_review_time": null, "sampling_date_time": "2003-05-23T13:00:00+02:00", "imbro_xml_url": "https://publiek.broservices.nl/gm/gar/v1/objects/GAR000000034673"}, "geometry": {"type": "Point", "coordinates": [5.02895175, 52.09430118]}, "id": "24e0e460-7457-57cb-8c4b-23ea32445699"}, {"type": "Feature", "properties": {"gm_gar_pk": 34353, "gm_gmw_monitoringtube.href": "https://api.pdok.nl/tno/bro-grondwatermonitoring-in-samenhang-karakteristieken/ogc/v1/collections/gm_gmw_monitoringtube/items/ba4f1a93-432f-5077-bfe7-66823f1510e9", "gm_gmw_monitoringtube_fk": 39506, "bro_id": "GAR000000034674", "delivery_accountable_party": "30276683", "quality_regime": "IMBRO/A", "object_registration_time": "2023-01-13T21:00:07+01:00", "latest_addition_time": null, "registration_completion_time": "2023-01-13T21:00:07+01:00", "latest_correction_time": "2026-02-20T15:15:01+01:00", "under_review_time": null, "sampling_date_time": "2007-10-05T13:00:00+02:00", "imbro_xml_url": "https://publiek.broservices.nl/gm/gar/v1/objects/GAR000000034674"}, "geometry": {"type": "Point", "coordinates": [5.02895175, 52.09430118]}, "id": "9610e6fb-8c45-5b72-b092-3068f76c3bd3"}, {"type": "Feature", "properties": {"gm_gar_pk": 34354, "gm_gmw_monitoringtube.href": "https://api.pdok.nl/tno/bro-grondwatermonitoring-in-samenhang-karakteristieken/ogc/v1/collections/gm_gmw_monitoringtube/items/2fe49573-f424-5cf1-9e2f-da21694680e4", "gm_gmw_monitoringtube_fk": 39199, "bro_id": "GAR000000034675", "delivery_accountable_party": "30276683", "quality_regime": "IMBRO/A", "object_registration_time": "2023-01-13T21:00:11+01:00", "latest_addition_time": null, "registration_completion_time": "2023-01-13T21:00:11+01:00", "latest_correction_time": "2026-02-20T14:18:27+01:00", "under_review_time": null, "sampling_date_time": "2007-10-05T13:00:00+02:00", "imbro_xml_url": "https://publiek.broservices.nl/gm/gar/v1/objects/GAR000000034675"}, "geometry": {"type": "Point", "coordinates": [4.96083363, 52.06508784]}, "id": "5be31e8c-3561-5358-bf73-7f6b1d9df0dc"}, {"type": "Feature", "properties": {"gm_gar_pk": 34355, "gm_gmw_monitoringtube.href": "https://api.pdok.nl/tno/bro-grondwatermonitoring-in-samenhang-karakteristieken/ogc/v1/collections/gm_gmw_monitoringtube/items/2fe49573-f424-5cf1-9e2f-da21694680e4", "gm_gmw_monitoringtube_fk": 39199, "bro_id": "GAR000000034676", "delivery_accountable_party": "30276683", "quality_regime": "IMBRO/A", "object_registration_time": "2023-01-13T21:00:15+01:00", "latest_addition_time": null, "registration_completion_time": "2023-01-13T21:00:15+01:00", "latest_correction_time": "2026-02-20T15:38:05+01:00", "under_review_time": null, "sampling_date_time": "1986-09-10T13:00:00+02:00", "imbro_xml_url": "https://publiek.broservices.nl/gm/gar/v1/objects/GAR000000034676"}, "geometry": {"type": "Point", "coordinates": [4.96083363, 52.06508784]}, "id": "40d5a160-d614-5eb7-afcc-f6dba1775466"}, {"type": "Feature", "properties": {"gm_gar_pk": 34356, "gm_gmw_monitoringtube.href": "https://api.pdok.nl/tno/bro-grondwatermonitoring-in-samenhang-karakteristieken/ogc/v1/collections/gm_gmw_monitoringtube/items/2fe49573-f424-5cf1-9e2f-da21694680e4", "gm_gmw_monitoringtube_fk": 39199, "bro_id": "GAR000000034677", "delivery_accountable_party": "30276683", "quality_regime": "IMBRO/A", "object_registration_time": "2023-01-13T21:00:19+01:00", "latest_addition_time": null, "registration_completion_time": "2023-01-13T21:00:19+01:00", "latest_correction_time": "2026-02-20T14:22:40+01:00", "under_review_time": null, "sampling_date_time": "1987-09-24T13:00:00+02:00", "imbro_xml_url": "https://publiek.broservices.nl/gm/gar/v1/objects/GAR000000034677"}, "geometry": {"type": "Point", "coordinates": [4.96083363, 52.06508784]}, "id": "6a0bba65-b4a2-5c83-91d9-2178ccb55c40"}, {"type": "Feature", "properties": {"gm_gar_pk": 34357, "gm_gmw_monitoringtube.href": "https://api.pdok.nl/tno/bro-grondwatermonitoring-in-samenhang-karakteristieken/ogc/v1/collections/gm_gmw_monitoringtube/items/2fe49573-f424-5cf1-9e2f-da21694680e4", "gm_gmw_monitoringtube_fk": 39199, "bro_id": "GAR000000034678", "delivery_accountable_party": "30276683", "quality_regime": "IMBRO/A", "object_registration_time": "2023-01-13T21:00:22+01:00", "latest_addition_time": null, "registration_completion_time": "2023-01-13T21:00:22+01:00", "latest_correction_time": "2026-02-20T15:15:01+01:00", "under_review_time": null, "sampling_date_time": "1988-08-16T13:00:00+02:00", "imbro_xml_url": "https://publiek.broservices.nl/gm/gar/v1/objects/GAR000000034678"}, "geometry": {"type": "Point", "coordinates": [4.96083363, 52.06508784]}, "id": "73eb297b-465a-5b76-acf9-f43931a1be8d"}, {"type": "Feature", "properties": {"gm_gar_pk": 34358, "gm_gmw_monitoringtube.href": "https://api.pdok.nl/tno/bro-grondwatermonitoring-in-samenhang-karakteristieken/ogc/v1/collections/gm_gmw_monitoringtube/items/2fe49573-f424-5cf1-9e2f-da21694680e4", "gm_gmw_monitoringtube_fk": 39199, "bro_id": "GAR000000034679", "delivery_accountable_party": "30276683", "quality_regime": "IMBRO/A", "object_registration_time": "2023-01-13T21:00:26+01:00", "latest_addition_time": null, "registration_completion_time": "2023-01-13T21:00:26+01:00", "latest_correction_time": "2026-02-20T14:22:52+01:00", "under_review_time": null, "sampling_date_time": "1989-10-05T12:00:00+01:00", "imbro_xml_url": "https://publiek.broservices.nl/gm/gar/v1/objects/GAR000000034679"}, "geometry": {"type": "Point", "coordinates": [4.96083363, 52.06508784]}, "id": "9e26748d-4f41-5e5b-9054-fde8f2de11a8"}, {"type": "Feature", "properties": {"gm_gar_pk": 34359, "gm_gmw_monitoringtube.href": "https://api.pdok.nl/tno/bro-grondwatermonitoring-in-samenhang-karakteristieken/ogc/v1/collections/gm_gmw_monitoringtube/items/2fe49573-f424-5cf1-9e2f-da21694680e4", "gm_gmw_monitoringtube_fk": 39199, "bro_id": "GAR000000034680", "delivery_accountable_party": "30276683", "quality_regime": "IMBRO/A", "object_registration_time": "2023-01-13T21:00:30+01:00", "latest_addition_time": null, "registration_completion_time": "2023-01-13T21:00:30+01:00", "latest_correction_time": "2026-02-20T14:22:59+01:00", "under_review_time": null, "sampling_date_time": "1990-08-24T13:00:00+02:00", "imbro_xml_url": "https://publiek.broservices.nl/gm/gar/v1/objects/GAR000000034680"}, "geometry": {"type": "Point", "coordinates": [4.96083363, 52.06508784]}, "id": "73e10e90-64d6-5c1d-b7c8-8ae66025c699"}, {"type": "Feature", "properties": {"gm_gar_pk": 34360, "gm_gmw_monitoringtube.href": "https://api.pdok.nl/tno/bro-grondwatermonitoring-in-samenhang-karakteristieken/ogc/v1/collections/gm_gmw_monitoringtube/items/2fe49573-f424-5cf1-9e2f-da21694680e4", "gm_gmw_monitoringtube_fk": 39199, "bro_id": "GAR000000034681", "delivery_accountable_party": "30276683", "quality_regime": "IMBRO/A", "object_registration_time": "2023-01-13T21:00:33+01:00", "latest_addition_time": null, "registration_completion_time": "2023-01-13T21:00:33+01:00", "latest_correction_time": "2026-02-20T14:30:41+01:00", "under_review_time": null, "sampling_date_time": "1991-07-02T13:00:00+02:00", "imbro_xml_url": "https://publiek.broservices.nl/gm/gar/v1/objects/GAR000000034681"}, "geometry": {"type": "Point", "coordinates": [4.96083363, 52.06508784]}, "id": "d62f46fd-98e6-520f-90da-837722074e60"}, {"type": "Feature", "properties": {"gm_gar_pk": 34363, "gm_gmw_monitoringtube.href": "https://api.pdok.nl/tno/bro-grondwatermonitoring-in-samenhang-karakteristieken/ogc/v1/collections/gm_gmw_monitoringtube/items/2fe49573-f424-5cf1-9e2f-da21694680e4", "gm_gmw_monitoringtube_fk": 39199, "bro_id": "GAR000000034684", "delivery_accountable_party": "30276683", "quality_regime": "IMBRO/A", "object_registration_time": "2023-01-13T21:00:44+01:00", "latest_addition_time": null, "registration_completion_time": "2023-01-13T21:00:44+01:00", "latest_correction_time": "2026-02-20T14:30:53+01:00", "under_review_time": null, "sampling_date_time": "1992-06-25T13:00:00+02:00", "imbro_xml_url": "https://publiek.broservices.nl/gm/gar/v1/objects/GAR000000034684"}, "geometry": {"type": "Point", "coordinates": [4.96083363, 52.06508784]}, "id": "03327348-8049-5b16-8b09-8eaf4c063c6b"}, {"type": "Feature", "properties": {"gm_gar_pk": 34364, "gm_gmw_monitoringtube.href": "https://api.pdok.nl/tno/bro-grondwatermonitoring-in-samenhang-karakteristieken/ogc/v1/collections/gm_gmw_monitoringtube/items/2fe49573-f424-5cf1-9e2f-da21694680e4", "gm_gmw_monitoringtube_fk": 39199, "bro_id": "GAR000000034685", "delivery_accountable_party": "30276683", "quality_regime": "IMBRO/A", "object_registration_time": "2023-01-13T21:00:48+01:00", "latest_addition_time": null, "registration_completion_time": "2023-01-13T21:00:48+01:00", "latest_correction_time": "2026-02-20T14:31:17+01:00", "under_review_time": null, "sampling_date_time": "1996-04-18T13:00:00+02:00", "imbro_xml_url": "https://publiek.broservices.nl/gm/gar/v1/objects/GAR000000034685"}, "geometry": {"type": "Point", "coordinates": [4.96083363, 52.06508784]}, "id": "6ec7e1f6-e4d1-537f-8cd1-4a33cb1a28c6"}, {"type": "Feature", "properties": {"gm_gar_pk": 34365, "gm_gmw_monitoringtube.href": "https://api.pdok.nl/tno/bro-grondwatermonitoring-in-samenhang-karakteristieken/ogc/v1/collections/gm_gmw_monitoringtube/items/2fe49573-f424-5cf1-9e2f-da21694680e4", "gm_gmw_monitoringtube_fk": 39199, "bro_id": "GAR000000034686", "delivery_accountable_party": "30276683", "quality_regime": "IMBRO/A", "object_registration_time": "2023-01-13T21:00:52+01:00", "latest_addition_time": null, "registration_completion_time": "2023-01-13T21:00:52+01:00", "latest_correction_time": "2026-02-20T14:45:12+01:00", "under_review_time": null, "sampling_date_time": "2001-09-03T13:00:00+02:00", "imbro_xml_url": "https://publiek.broservices.nl/gm/gar/v1/objects/GAR000000034686"}, "geometry": {"type": "Point", "coordinates": [4.96083363, 52.06508784]}, "id": "97c9c06c-b6ec-5130-a48b-067bd2903394"}, {"type": "Feature", "properties": {"gm_gar_pk": 34366, "gm_gmw_monitoringtube.href": "https://api.pdok.nl/tno/bro-grondwatermonitoring-in-samenhang-karakteristieken/ogc/v1/collections/gm_gmw_monitoringtube/items/2fe49573-f424-5cf1-9e2f-da21694680e4", "gm_gmw_monitoringtube_fk": 39199, "bro_id": "GAR000000034687", "delivery_accountable_party": "30276683", "quality_regime": "IMBRO/A", "object_registration_time": "2023-01-13T21:00:55+01:00", "latest_addition_time": null, "registration_completion_time": "2023-01-13T21:00:55+01:00", "latest_correction_time": "2026-02-20T15:28:03+01:00", "under_review_time": null, "sampling_date_time": "2003-05-23T13:00:00+02:00", "imbro_xml_url": "https://publiek.broservices.nl/gm/gar/v1/objects/GAR000000034687"}, "geometry": {"type": "Point", "coordinates": [4.96083363, 52.06508784]}, "id": "0220494c-94f0-553e-b1da-31c211759042"}, {"type": "Feature", "properties": {"gm_gar_pk": 34367, "gm_gmw_monitoringtube.href": "https://api.pdok.nl/tno/bro-grondwatermonitoring-in-samenhang-karakteristieken/ogc/v1/collections/gm_gmw_monitoringtube/items/2fe49573-f424-5cf1-9e2f-da21694680e4", "gm_gmw_monitoringtube_fk": 39199, "bro_id": "GAR000000034688", "delivery_accountable_party": "30276683", "quality_regime": "IMBRO/A", "object_registration_time": "2023-01-13T21:00:59+01:00", "latest_addition_time": null, "registration_completion_time": "2023-01-13T21:00:59+01:00", "latest_correction_time": "2026-02-20T14:30:55+01:00", "under_review_time": null, "sampling_date_time": "1993-06-10T13:00:00+02:00", "imbro_xml_url": "https://publiek.broservices.nl/gm/gar/v1/objects/GAR000000034688"}, "geometry": {"type": "Point", "coordinates": [4.96083363, 52.06508784]}, "id": "56eeced9-bcb7-5d9f-a4bb-97679adfc3d3"}, {"type": "Feature", "properties": {"gm_gar_pk": 34368, "gm_gmw_monitoringtube.href": "https://api.pdok.nl/tno/bro-grondwatermonitoring-in-samenhang-karakteristieken/ogc/v1/collections/gm_gmw_monitoringtube/items/2fe49573-f424-5cf1-9e2f-da21694680e4", "gm_gmw_monitoringtube_fk": 39199, "bro_id": "GAR000000034689", "delivery_accountable_party": "30276683", "quality_regime": "IMBRO/A", "object_registration_time": "2023-01-13T21:01:03+01:00", "latest_addition_time": null, "registration_completion_time": "2023-01-13T21:01:03+01:00", "latest_correction_time": "2026-02-20T15:28:05+01:00", "under_review_time": null, "sampling_date_time": "2005-04-28T13:00:00+02:00", "imbro_xml_url": "https://publiek.broservices.nl/gm/gar/v1/objects/GAR000000034689"}, "geometry": {"type": "Point", "coordinates": [4.96083363, 52.06508784]}, "id": "c4c10af7-b75c-503c-ba16-a972aa524682"}, {"type": "Feature", "properties": {"gm_gar_pk": 34369, "gm_gmw_monitoringtube.href": "https://api.pdok.nl/tno/bro-grondwatermonitoring-in-samenhang-karakteristieken/ogc/v1/collections/gm_gmw_monitoringtube/items/2fe49573-f424-5cf1-9e2f-da21694680e4", "gm_gmw_monitoringtube_fk": 39199, "bro_id": "GAR000000034690", "delivery_accountable_party": "30276683", "quality_regime": "IMBRO/A", "object_registration_time": "2023-01-13T21:01:07+01:00", "latest_addition_time": null, "registration_completion_time": "2023-01-13T21:01:07+01:00", "latest_correction_time": "2026-02-20T14:18:29+01:00", "under_review_time": null, "sampling_date_time": "2009-06-16T13:00:00+02:00", "imbro_xml_url": "https://publiek.broservices.nl/gm/gar/v1/objects/GAR000000034690"}, "geometry": {"type": "Point", "coordinates": [4.96083363, 52.06508784]}, "id": "bf104cd6-c6b8-50ac-894b-6b749469d604"}, {"type": "Feature", "properties": {"gm_gar_pk": 34370, "gm_gmw_monitoringtube.href": "https://api.pdok.nl/tno/bro-grondwatermonitoring-in-samenhang-karakteristieken/ogc/v1/collections/gm_gmw_monitoringtube/items/2fe49573-f424-5cf1-9e2f-da21694680e4", "gm_gmw_monitoringtube_fk": 39199, "bro_id": "GAR000000034691", "delivery_accountable_party": "30276683", "quality_regime": "IMBRO/A", "object_registration_time": "2023-01-13T21:01:10+01:00", "latest_addition_time": null, "registration_completion_time": "2023-01-13T21:01:10+01:00", "latest_correction_time": "2026-02-20T14:51:41+01:00", "under_review_time": null, "sampling_date_time": "2011-01-29T12:00:00+01:00", "imbro_xml_url": "https://publiek.broservices.nl/gm/gar/v1/objects/GAR000000034691"}, "geometry": {"type": "Point", "coordinates": [4.96083363, 52.06508784]}, "id": "854af89e-85ec-5f0c-8c99-dd2d732d68d7"}, {"type": "Feature", "properties": {"gm_gar_pk": 34371, "gm_gmw_monitoringtube.href": "https://api.pdok.nl/tno/bro-grondwatermonitoring-in-samenhang-karakteristieken/ogc/v1/collections/gm_gmw_monitoringtube/items/3750a65c-f8da-5149-9430-7f63b5c6191c", "gm_gmw_monitoringtube_fk": 39201, "bro_id": "GAR000000034692", "delivery_accountable_party": "30276683", "quality_regime": "IMBRO/A", "object_registration_time": "2023-01-13T21:01:14+01:00", "latest_addition_time": null, "registration_completion_time": "2023-01-13T21:01:14+01:00", "latest_correction_time": "2026-02-20T15:25:54+01:00", "under_review_time": null, "sampling_date_time": "1986-09-10T13:00:00+02:00", "imbro_xml_url": "https://publiek.broservices.nl/gm/gar/v1/objects/GAR000000034692"}, "geometry": {"type": "Point", "coordinates": [4.96083363, 52.06508784]}, "id": "d689d837-f056-580f-acd6-3b936f2f8a11"}, {"type": "Feature", "properties": {"gm_gar_pk": 34374, "gm_gmw_monitoringtube.href": "https://api.pdok.nl/tno/bro-grondwatermonitoring-in-samenhang-karakteristieken/ogc/v1/collections/gm_gmw_monitoringtube/items/2fe49573-f424-5cf1-9e2f-da21694680e4", "gm_gmw_monitoringtube_fk": 39199, "bro_id": "GAR000000034695", "delivery_accountable_party": "30276683", "quality_regime": "IMBRO/A", "object_registration_time": "2023-01-13T21:01:25+01:00", "latest_addition_time": null, "registration_completion_time": "2023-01-13T21:01:25+01:00", "latest_correction_time": "2026-02-20T14:31:03+01:00", "under_review_time": null, "sampling_date_time": "1994-04-26T13:00:00+02:00", "imbro_xml_url": "https://publiek.broservices.nl/gm/gar/v1/objects/GAR000000034695"}, "geometry": {"type": "Point", "coordinates": [4.96083363, 52.06508784]}, "id": "195bc272-09a3-56ae-a767-a4fe076a8760"}, {"type": "Feature", "properties": {"gm_gar_pk": 34375, "gm_gmw_monitoringtube.href": "https://api.pdok.nl/tno/bro-grondwatermonitoring-in-samenhang-karakteristieken/ogc/v1/collections/gm_gmw_monitoringtube/items/2fe49573-f424-5cf1-9e2f-da21694680e4", "gm_gmw_monitoringtube_fk": 39199, "bro_id": "GAR000000034696", "delivery_accountable_party": "30276683", "quality_regime": "IMBRO/A", "object_registration_time": "2023-01-13T21:01:29+01:00", "latest_addition_time": null, "registration_completion_time": "2023-01-13T21:01:29+01:00", "latest_correction_time": "2026-02-20T14:48:42+01:00", "under_review_time": null, "sampling_date_time": "2019-07-09T13:00:00+02:00", "imbro_xml_url": "https://publiek.broservices.nl/gm/gar/v1/objects/GAR000000034696"}, "geometry": {"type": "Point", "coordinates": [4.96083363, 52.06508784]}, "id": "37a3c69b-09ee-5bae-a048-b38ac307c080"}, {"type": "Feature", "properties": {"gm_gar_pk": 34376, "gm_gmw_monitoringtube.href": "https://api.pdok.nl/tno/bro-grondwatermonitoring-in-samenhang-karakteristieken/ogc/v1/collections/gm_gmw_monitoringtube/items/032dee65-473e-5d5b-8440-4df610b29fbc", "gm_gmw_monitoringtube_fk": 39200, "bro_id": "GAR000000034697", "delivery_accountable_party": "30276683", "quality_regime": "IMBRO/A", "object_registration_time": "2023-01-13T21:01:33+01:00", "latest_addition_time": null, "registration_completion_time": "2023-01-13T21:01:33+01:00", "latest_correction_time": "2026-02-20T15:36:29+01:00", "under_review_time": null, "sampling_date_time": "1981-10-15T12:00:00+01:00", "imbro_xml_url": "https://publiek.broservices.nl/gm/gar/v1/objects/GAR000000034697"}, "geometry": {"type": "Point", "coordinates": [4.96083363, 52.06508784]}, "id": "bea92a12-d048-5d68-8b09-f328913786fa"}, {"type": "Feature", "properties": {"gm_gar_pk": 34377, "gm_gmw_monitoringtube.href": "https://api.pdok.nl/tno/bro-grondwatermonitoring-in-samenhang-karakteristieken/ogc/v1/collections/gm_gmw_monitoringtube/items/032dee65-473e-5d5b-8440-4df610b29fbc", "gm_gmw_monitoringtube_fk": 39200, "bro_id": "GAR000000034698", "delivery_accountable_party": "30276683", "quality_regime": "IMBRO/A", "object_registration_time": "2023-01-13T21:01:36+01:00", "latest_addition_time": null, "registration_completion_time": "2023-01-13T21:01:36+01:00", "latest_correction_time": null, "under_review_time": null, "sampling_date_time": "1990-08-24T13:00:00+02:00", "imbro_xml_url": "https://publiek.broservices.nl/gm/gar/v1/objects/GAR000000034698"}, "geometry": {"type": "Point", "coordinates": [4.96083363, 52.06508784]}, "id": "37c4154c-91fb-5537-9ae6-1e533ad7658d"}, {"type": "Feature", "properties": {"gm_gar_pk": 34378, "gm_gmw_monitoringtube.href": "https://api.pdok.nl/tno/bro-grondwatermonitoring-in-samenhang-karakteristieken/ogc/v1/collections/gm_gmw_monitoringtube/items/032dee65-473e-5d5b-8440-4df610b29fbc", "gm_gmw_monitoringtube_fk": 39200, "bro_id": "GAR000000034699", "delivery_accountable_party": "30276683", "quality_regime": "IMBRO/A", "object_registration_time": "2023-01-13T21:01:40+01:00", "latest_addition_time": null, "registration_completion_time": "2023-01-13T21:01:40+01:00", "latest_correction_time": null, "under_review_time": null, "sampling_date_time": "1991-07-02T13:00:00+02:00", "imbro_xml_url": "https://publiek.broservices.nl/gm/gar/v1/objects/GAR000000034699"}, "geometry": {"type": "Point", "coordinates": [4.96083363, 52.06508784]}, "id": "5f034e92-1725-55c7-ac0a-c2a777bf720b"}, {"type": "Feature", "properties": {"gm_gar_pk": 34379, "gm_gmw_monitoringtube.href": "https://api.pdok.nl/tno/bro-grondwatermonitoring-in-samenhang-karakteristieken/ogc/v1/collections/gm_gmw_monitoringtube/items/032dee65-473e-5d5b-8440-4df610b29fbc", "gm_gmw_monitoringtube_fk": 39200, "bro_id": "GAR000000034700", "delivery_accountable_party": "30276683", "quality_regime": "IMBRO/A", "object_registration_time": "2023-01-13T21:01:44+01:00", "latest_addition_time": null, "registration_completion_time": "2023-01-13T21:01:44+01:00", "latest_correction_time": null, "under_review_time": null, "sampling_date_time": "1992-06-25T13:00:00+02:00", "imbro_xml_url": "https://publiek.broservices.nl/gm/gar/v1/objects/GAR000000034700"}, "geometry": {"type": "Point", "coordinates": [4.96083363, 52.06508784]}, "id": "af0377a7-9d75-5c55-848c-0cc9a34ff01d"}, {"type": "Feature", "properties": {"gm_gar_pk": 34380, "gm_gmw_monitoringtube.href": "https://api.pdok.nl/tno/bro-grondwatermonitoring-in-samenhang-karakteristieken/ogc/v1/collections/gm_gmw_monitoringtube/items/2fe49573-f424-5cf1-9e2f-da21694680e4", "gm_gmw_monitoringtube_fk": 39199, "bro_id": "GAR000000034701", "delivery_accountable_party": "30276683", "quality_regime": "IMBRO/A", "object_registration_time": "2023-01-13T21:01:47+01:00", "latest_addition_time": null, "registration_completion_time": "2023-01-13T21:01:47+01:00", "latest_correction_time": "2026-02-20T15:36:04+01:00", "under_review_time": null, "sampling_date_time": "1995-04-04T13:00:00+02:00", "imbro_xml_url": "https://publiek.broservices.nl/gm/gar/v1/objects/GAR000000034701"}, "geometry": {"type": "Point", "coordinates": [4.96083363, 52.06508784]}, "id": "10b2a443-3c89-56e8-944a-b48e9e196011"}, {"type": "Feature", "properties": {"gm_gar_pk": 34381, "gm_gmw_monitoringtube.href": "https://api.pdok.nl/tno/bro-grondwatermonitoring-in-samenhang-karakteristieken/ogc/v1/collections/gm_gmw_monitoringtube/items/2fe49573-f424-5cf1-9e2f-da21694680e4", "gm_gmw_monitoringtube_fk": 39199, "bro_id": "GAR000000034702", "delivery_accountable_party": "30276683", "quality_regime": "IMBRO/A", "object_registration_time": "2023-01-13T21:01:51+01:00", "latest_addition_time": null, "registration_completion_time": "2023-01-13T21:01:51+01:00", "latest_correction_time": "2026-02-20T15:36:05+01:00", "under_review_time": null, "sampling_date_time": "1997-08-14T13:00:00+02:00", "imbro_xml_url": "https://publiek.broservices.nl/gm/gar/v1/objects/GAR000000034702"}, "geometry": {"type": "Point", "coordinates": [4.96083363, 52.06508784]}, "id": "31a5f163-187e-5992-b1c1-042d89bb6943"}, {"type": "Feature", "properties": {"gm_gar_pk": 34382, "gm_gmw_monitoringtube.href": "https://api.pdok.nl/tno/bro-grondwatermonitoring-in-samenhang-karakteristieken/ogc/v1/collections/gm_gmw_monitoringtube/items/032dee65-473e-5d5b-8440-4df610b29fbc", "gm_gmw_monitoringtube_fk": 39200, "bro_id": "GAR000000034703", "delivery_accountable_party": "30276683", "quality_regime": "IMBRO/A", "object_registration_time": "2023-01-13T21:02:07+01:00", "latest_addition_time": null, "registration_completion_time": "2023-01-13T21:02:07+01:00", "latest_correction_time": null, "under_review_time": null, "sampling_date_time": "1993-06-10T13:00:00+02:00", "imbro_xml_url": "https://publiek.broservices.nl/gm/gar/v1/objects/GAR000000034703"}, "geometry": {"type": "Point", "coordinates": [4.96083363, 52.06508784]}, "id": "2c483696-b87a-5339-bb38-f77620a73040"}, {"type": "Feature", "properties": {"gm_gar_pk": 34383, "gm_gmw_monitoringtube.href": "https://api.pdok.nl/tno/bro-grondwatermonitoring-in-samenhang-karakteristieken/ogc/v1/collections/gm_gmw_monitoringtube/items/032dee65-473e-5d5b-8440-4df610b29fbc", "gm_gmw_monitoringtube_fk": 39200, "bro_id": "GAR000000034704", "delivery_accountable_party": "30276683", "quality_regime": "IMBRO/A", "object_registration_time": "2023-01-13T21:02:11+01:00", "latest_addition_time": null, "registration_completion_time": "2023-01-13T21:02:11+01:00", "latest_correction_time": null, "under_review_time": null, "sampling_date_time": "1994-04-26T13:00:00+02:00", "imbro_xml_url": "https://publiek.broservices.nl/gm/gar/v1/objects/GAR000000034704"}, "geometry": {"type": "Point", "coordinates": [4.96083363, 52.06508784]}, "id": "3bb8c73f-0fe7-545a-b90f-abe12a9b0796"}, {"type": "Feature", "properties": {"gm_gar_pk": 34384, "gm_gmw_monitoringtube.href": "https://api.pdok.nl/tno/bro-grondwatermonitoring-in-samenhang-karakteristieken/ogc/v1/collections/gm_gmw_monitoringtube/items/032dee65-473e-5d5b-8440-4df610b29fbc", "gm_gmw_monitoringtube_fk": 39200, "bro_id": "GAR000000034705", "delivery_accountable_party": "30276683", "quality_regime": "IMBRO/A", "object_registration_time": "2023-01-13T21:02:14+01:00", "latest_addition_time": null, "registration_completion_time": "2023-01-13T21:02:14+01:00", "latest_correction_time": null, "under_review_time": null, "sampling_date_time": "1995-04-04T13:00:00+02:00", "imbro_xml_url": "https://publiek.broservices.nl/gm/gar/v1/objects/GAR000000034705"}, "geometry": {"type": "Point", "coordinates": [4.96083363, 52.06508784]}, "id": "d0cff5f9-9290-550d-9efe-54bf3a4c0c49"}, {"type": "Feature", "properties": {"gm_gar_pk": 34385, "gm_gmw_monitoringtube.href": "https://api.pdok.nl/tno/bro-grondwatermonitoring-in-samenhang-karakteristieken/ogc/v1/collections/gm_gmw_monitoringtube/items/032dee65-473e-5d5b-8440-4df610b29fbc", "gm_gmw_monitoringtube_fk": 39200, "bro_id": "GAR000000034706", "delivery_accountable_party": "30276683", "quality_regime": "IMBRO/A", "object_registration_time": "2023-01-13T21:02:18+01:00", "latest_addition_time": null, "registration_completion_time": "2023-01-13T21:02:18+01:00", "latest_correction_time": null, "under_review_time": null, "sampling_date_time": "1996-04-18T13:00:00+02:00", "imbro_xml_url": "https://publiek.broservices.nl/gm/gar/v1/objects/GAR000000034706"}, "geometry": {"type": "Point", "coordinates": [4.96083363, 52.06508784]}, "id": "25d59144-be1e-5cf8-8e72-9044e89180b7"}, {"type": "Feature", "properties": {"gm_gar_pk": 34386, "gm_gmw_monitoringtube.href": "https://api.pdok.nl/tno/bro-grondwatermonitoring-in-samenhang-karakteristieken/ogc/v1/collections/gm_gmw_monitoringtube/items/032dee65-473e-5d5b-8440-4df610b29fbc", "gm_gmw_monitoringtube_fk": 39200, "bro_id": "GAR000000034707", "delivery_accountable_party": "30276683", "quality_regime": "IMBRO/A", "object_registration_time": "2023-01-13T21:02:21+01:00", "latest_addition_time": null, "registration_completion_time": "2023-01-13T21:02:21+01:00", "latest_correction_time": null, "under_review_time": null, "sampling_date_time": "1997-08-14T13:00:00+02:00", "imbro_xml_url": "https://publiek.broservices.nl/gm/gar/v1/objects/GAR000000034707"}, "geometry": {"type": "Point", "coordinates": [4.96083363, 52.06508784]}, "id": "be515d65-9c01-5e08-92d9-a839934b1442"}, {"type": "Feature", "properties": {"gm_gar_pk": 34387, "gm_gmw_monitoringtube.href": "https://api.pdok.nl/tno/bro-grondwatermonitoring-in-samenhang-karakteristieken/ogc/v1/collections/gm_gmw_monitoringtube/items/3750a65c-f8da-5149-9430-7f63b5c6191c", "gm_gmw_monitoringtube_fk": 39201, "bro_id": "GAR000000034708", "delivery_accountable_party": "30276683", "quality_regime": "IMBRO/A", "object_registration_time": "2023-01-13T21:02:25+01:00", "latest_addition_time": null, "registration_completion_time": "2023-01-13T21:02:25+01:00", "latest_correction_time": "2026-02-20T15:36:30+01:00", "under_review_time": null, "sampling_date_time": "1981-10-15T12:00:00+01:00", "imbro_xml_url": "https://publiek.broservices.nl/gm/gar/v1/objects/GAR000000034708"}, "geometry": {"type": "Point", "coordinates": [4.96083363, 52.06508784]}, "id": "34c82648-8ba1-59b3-a12f-4174228201e4"}, {"type": "Feature", "properties": {"gm_gar_pk": 34388, "gm_gmw_monitoringtube.href": "https://api.pdok.nl/tno/bro-grondwatermonitoring-in-samenhang-karakteristieken/ogc/v1/collections/gm_gmw_monitoringtube/items/3750a65c-f8da-5149-9430-7f63b5c6191c", "gm_gmw_monitoringtube_fk": 39201, "bro_id": "GAR000000034709", "delivery_accountable_party": "30276683", "quality_regime": "IMBRO/A", "object_registration_time": "2023-01-13T21:02:28+01:00", "latest_addition_time": null, "registration_completion_time": "2023-01-13T21:02:28+01:00", "latest_correction_time": "2026-02-20T15:15:03+01:00", "under_review_time": null, "sampling_date_time": "1983-06-15T13:00:00+02:00", "imbro_xml_url": "https://publiek.broservices.nl/gm/gar/v1/objects/GAR000000034709"}, "geometry": {"type": "Point", "coordinates": [4.96083363, 52.06508784]}, "id": "11181085-0eda-59f3-a4d1-3e63d756d1c3"}, {"type": "Feature", "properties": {"gm_gar_pk": 34390, "gm_gmw_monitoringtube.href": "https://api.pdok.nl/tno/bro-grondwatermonitoring-in-samenhang-karakteristieken/ogc/v1/collections/gm_gmw_monitoringtube/items/032dee65-473e-5d5b-8440-4df610b29fbc", "gm_gmw_monitoringtube_fk": 39200, "bro_id": "GAR000000034711", "delivery_accountable_party": "30276683", "quality_regime": "IMBRO/A", "object_registration_time": "2023-01-13T21:02:35+01:00", "latest_addition_time": null, "registration_completion_time": "2023-01-13T21:02:35+01:00", "latest_correction_time": null, "under_review_time": null, "sampling_date_time": "1999-06-10T13:00:00+02:00", "imbro_xml_url": "https://publiek.broservices.nl/gm/gar/v1/objects/GAR000000034711"}, "geometry": {"type": "Point", "coordinates": [4.96083363, 52.06508784]}, "id": "0beef143-e015-5672-9e4f-25360eb06617"}, {"type": "Feature", "properties": {"gm_gar_pk": 34391, "gm_gmw_monitoringtube.href": "https://api.pdok.nl/tno/bro-grondwatermonitoring-in-samenhang-karakteristieken/ogc/v1/collections/gm_gmw_monitoringtube/items/032dee65-473e-5d5b-8440-4df610b29fbc", "gm_gmw_monitoringtube_fk": 39200, "bro_id": "GAR000000034712", "delivery_accountable_party": "30276683", "quality_regime": "IMBRO/A", "object_registration_time": "2023-01-13T21:02:39+01:00", "latest_addition_time": null, "registration_completion_time": "2023-01-13T21:02:39+01:00", "latest_correction_time": null, "under_review_time": null, "sampling_date_time": "2001-09-03T13:00:00+02:00", "imbro_xml_url": "https://publiek.broservices.nl/gm/gar/v1/objects/GAR000000034712"}, "geometry": {"type": "Point", "coordinates": [4.96083363, 52.06508784]}, "id": "2e438af3-bf1c-5cb9-96c2-95824a331f45"}, {"type": "Feature", "properties": {"gm_gar_pk": 34392, "gm_gmw_monitoringtube.href": "https://api.pdok.nl/tno/bro-grondwatermonitoring-in-samenhang-karakteristieken/ogc/v1/collections/gm_gmw_monitoringtube/items/032dee65-473e-5d5b-8440-4df610b29fbc", "gm_gmw_monitoringtube_fk": 39200, "bro_id": "GAR000000034713", "delivery_accountable_party": "30276683", "quality_regime": "IMBRO/A", "object_registration_time": "2023-01-13T21:02:43+01:00", "latest_addition_time": null, "registration_completion_time": "2023-01-13T21:02:43+01:00", "latest_correction_time": null, "under_review_time": null, "sampling_date_time": "2003-05-23T13:00:00+02:00", "imbro_xml_url": "https://publiek.broservices.nl/gm/gar/v1/objects/GAR000000034713"}, "geometry": {"type": "Point", "coordinates": [4.96083363, 52.06508784]}, "id": "ffec70bb-d7ba-509a-8141-c6628fb276c7"}, {"type": "Feature", "properties": {"gm_gar_pk": 34394, "gm_gmw_monitoringtube.href": "https://api.pdok.nl/tno/bro-grondwatermonitoring-in-samenhang-karakteristieken/ogc/v1/collections/gm_gmw_monitoringtube/items/3750a65c-f8da-5149-9430-7f63b5c6191c", "gm_gmw_monitoringtube_fk": 39201, "bro_id": "GAR000000034715", "delivery_accountable_party": "30276683", "quality_regime": "IMBRO/A", "object_registration_time": "2023-01-13T21:03:04+01:00", "latest_addition_time": null, "registration_completion_time": "2023-01-13T21:03:04+01:00", "latest_correction_time": "2026-02-20T15:38:06+01:00", "under_review_time": null, "sampling_date_time": "1985-08-23T13:00:00+02:00", "imbro_xml_url": "https://publiek.broservices.nl/gm/gar/v1/objects/GAR000000034715"}, "geometry": {"type": "Point", "coordinates": [4.96083363, 52.06508784]}, "id": "d91f2868-299b-5b09-b482-a0cf496e66ed"}, {"type": "Feature", "properties": {"gm_gar_pk": 34398, "gm_gmw_monitoringtube.href": "https://api.pdok.nl/tno/bro-grondwatermonitoring-in-samenhang-karakteristieken/ogc/v1/collections/gm_gmw_monitoringtube/items/3750a65c-f8da-5149-9430-7f63b5c6191c", "gm_gmw_monitoringtube_fk": 39201, "bro_id": "GAR000000034719", "delivery_accountable_party": "30276683", "quality_regime": "IMBRO/A", "object_registration_time": "2023-01-13T21:03:17+01:00", "latest_addition_time": null, "registration_completion_time": "2023-01-13T21:03:17+01:00", "latest_correction_time": "2026-02-20T15:36:15+01:00", "under_review_time": null, "sampling_date_time": "1987-09-24T13:00:00+02:00", "imbro_xml_url": "https://publiek.broservices.nl/gm/gar/v1/objects/GAR000000034719"}, "geometry": {"type": "Point", "coordinates": [4.96083363, 52.06508784]}, "id": "a461d2c0-5458-58f0-a032-9b3adfe6aabf"}, {"type": "Feature", "properties": {"gm_gar_pk": 34399, "gm_gmw_monitoringtube.href": "https://api.pdok.nl/tno/bro-grondwatermonitoring-in-samenhang-karakteristieken/ogc/v1/collections/gm_gmw_monitoringtube/items/3750a65c-f8da-5149-9430-7f63b5c6191c", "gm_gmw_monitoringtube_fk": 39201, "bro_id": "GAR000000034720", "delivery_accountable_party": "30276683", "quality_regime": "IMBRO/A", "object_registration_time": "2023-01-13T21:03:21+01:00", "latest_addition_time": null, "registration_completion_time": "2023-01-13T21:03:21+01:00", "latest_correction_time": "2026-02-20T15:15:06+01:00", "under_review_time": null, "sampling_date_time": "1988-08-16T13:00:00+02:00", "imbro_xml_url": "https://publiek.broservices.nl/gm/gar/v1/objects/GAR000000034720"}, "geometry": {"type": "Point", "coordinates": [4.96083363, 52.06508784]}, "id": "8d3655b5-d565-55d8-ae5b-e28868c40f39"}, {"type": "Feature", "properties": {"gm_gar_pk": 34400, "gm_gmw_monitoringtube.href": "https://api.pdok.nl/tno/bro-grondwatermonitoring-in-samenhang-karakteristieken/ogc/v1/collections/gm_gmw_monitoringtube/items/3750a65c-f8da-5149-9430-7f63b5c6191c", "gm_gmw_monitoringtube_fk": 39201, "bro_id": "GAR000000034721", "delivery_accountable_party": "30276683", "quality_regime": "IMBRO/A", "object_registration_time": "2023-01-13T21:03:24+01:00", "latest_addition_time": null, "registration_completion_time": "2023-01-13T21:03:24+01:00", "latest_correction_time": "2026-02-20T15:15:07+01:00", "under_review_time": null, "sampling_date_time": "1989-10-05T12:00:00+01:00", "imbro_xml_url": "https://publiek.broservices.nl/gm/gar/v1/objects/GAR000000034721"}, "geometry": {"type": "Point", "coordinates": [4.96083363, 52.06508784]}, "id": "1e19d9b1-9683-5c46-87b6-6d9f6920e0ef"}, {"type": "Feature", "properties": {"gm_gar_pk": 34401, "gm_gmw_monitoringtube.href": "https://api.pdok.nl/tno/bro-grondwatermonitoring-in-samenhang-karakteristieken/ogc/v1/collections/gm_gmw_monitoringtube/items/3750a65c-f8da-5149-9430-7f63b5c6191c", "gm_gmw_monitoringtube_fk": 39201, "bro_id": "GAR000000034722", "delivery_accountable_party": "30276683", "quality_regime": "IMBRO/A", "object_registration_time": "2023-01-13T21:03:28+01:00", "latest_addition_time": null, "registration_completion_time": "2023-01-13T21:03:28+01:00", "latest_correction_time": "2026-02-20T15:36:09+01:00", "under_review_time": null, "sampling_date_time": "1995-04-04T13:00:00+02:00", "imbro_xml_url": "https://publiek.broservices.nl/gm/gar/v1/objects/GAR000000034722"}, "geometry": {"type": "Point", "coordinates": [4.96083363, 52.06508784]}, "id": "883a6e5e-d54f-530b-8f31-6f54436b8863"}, {"type": "Feature", "properties": {"gm_gar_pk": 34403, "gm_gmw_monitoringtube.href": "https://api.pdok.nl/tno/bro-grondwatermonitoring-in-samenhang-karakteristieken/ogc/v1/collections/gm_gmw_monitoringtube/items/3750a65c-f8da-5149-9430-7f63b5c6191c", "gm_gmw_monitoringtube_fk": 39201, "bro_id": "GAR000000034724", "delivery_accountable_party": "30276683", "quality_regime": "IMBRO/A", "object_registration_time": "2023-01-13T21:03:35+01:00", "latest_addition_time": null, "registration_completion_time": "2023-01-13T21:03:35+01:00", "latest_correction_time": "2026-02-20T15:15:08+01:00", "under_review_time": null, "sampling_date_time": "1990-08-24T13:00:00+02:00", "imbro_xml_url": "https://publiek.broservices.nl/gm/gar/v1/objects/GAR000000034724"}, "geometry": {"type": "Point", "coordinates": [4.96083363, 52.06508784]}, "id": "3c487e67-469b-58c6-b313-ba155603f4f3"}, {"type": "Feature", "properties": {"gm_gar_pk": 34404, "gm_gmw_monitoringtube.href": "https://api.pdok.nl/tno/bro-grondwatermonitoring-in-samenhang-karakteristieken/ogc/v1/collections/gm_gmw_monitoringtube/items/3750a65c-f8da-5149-9430-7f63b5c6191c", "gm_gmw_monitoringtube_fk": 39201, "bro_id": "GAR000000034725", "delivery_accountable_party": "30276683", "quality_regime": "IMBRO/A", "object_registration_time": "2023-01-13T21:03:38+01:00", "latest_addition_time": null, "registration_completion_time": "2023-01-13T21:03:38+01:00", "latest_correction_time": "2026-02-20T14:32:17+01:00", "under_review_time": null, "sampling_date_time": "1996-04-18T13:00:00+02:00", "imbro_xml_url": "https://publiek.broservices.nl/gm/gar/v1/objects/GAR000000034725"}, "geometry": {"type": "Point", "coordinates": [4.96083363, 52.06508784]}, "id": "235cad4e-8618-56b3-aab3-458679873622"}, {"type": "Feature", "properties": {"gm_gar_pk": 34407, "gm_gmw_monitoringtube.href": "https://api.pdok.nl/tno/bro-grondwatermonitoring-in-samenhang-karakteristieken/ogc/v1/collections/gm_gmw_monitoringtube/items/3750a65c-f8da-5149-9430-7f63b5c6191c", "gm_gmw_monitoringtube_fk": 39201, "bro_id": "GAR000000034728", "delivery_accountable_party": "30276683", "quality_regime": "IMBRO/A", "object_registration_time": "2023-01-13T21:03:49+01:00", "latest_addition_time": null, "registration_completion_time": "2023-01-13T21:03:49+01:00", "latest_correction_time": "2026-02-20T14:31:38+01:00", "under_review_time": null, "sampling_date_time": "1991-07-02T13:00:00+02:00", "imbro_xml_url": "https://publiek.broservices.nl/gm/gar/v1/objects/GAR000000034728"}, "geometry": {"type": "Point", "coordinates": [4.96083363, 52.06508784]}, "id": "e937affa-bda4-5945-bd42-cbc49ab87cad"}, {"type": "Feature", "properties": {"gm_gar_pk": 34408, "gm_gmw_monitoringtube.href": "https://api.pdok.nl/tno/bro-grondwatermonitoring-in-samenhang-karakteristieken/ogc/v1/collections/gm_gmw_monitoringtube/items/3750a65c-f8da-5149-9430-7f63b5c6191c", "gm_gmw_monitoringtube_fk": 39201, "bro_id": "GAR000000034729", "delivery_accountable_party": "30276683", "quality_regime": "IMBRO/A", "object_registration_time": "2023-01-13T21:03:52+01:00", "latest_addition_time": null, "registration_completion_time": "2023-01-13T21:03:52+01:00", "latest_correction_time": "2026-02-20T15:36:07+01:00", "under_review_time": null, "sampling_date_time": "1992-06-25T13:00:00+02:00", "imbro_xml_url": "https://publiek.broservices.nl/gm/gar/v1/objects/GAR000000034729"}, "geometry": {"type": "Point", "coordinates": [4.96083363, 52.06508784]}, "id": "600eeff2-c042-5ac8-af10-4692600b3cbe"}, {"type": "Feature", "properties": {"gm_gar_pk": 34409, "gm_gmw_monitoringtube.href": "https://api.pdok.nl/tno/bro-grondwatermonitoring-in-samenhang-karakteristieken/ogc/v1/collections/gm_gmw_monitoringtube/items/3750a65c-f8da-5149-9430-7f63b5c6191c", "gm_gmw_monitoringtube_fk": 39201, "bro_id": "GAR000000034730", "delivery_accountable_party": "30276683", "quality_regime": "IMBRO/A", "object_registration_time": "2023-01-13T21:03:56+01:00", "latest_addition_time": null, "registration_completion_time": "2023-01-13T21:03:56+01:00", "latest_correction_time": "2026-02-20T14:31:51+01:00", "under_review_time": null, "sampling_date_time": "1993-06-10T13:00:00+02:00", "imbro_xml_url": "https://publiek.broservices.nl/gm/gar/v1/objects/GAR000000034730"}, "geometry": {"type": "Point", "coordinates": [4.96083363, 52.06508784]}, "id": "194b1aa5-270d-5ca0-94b3-1b040c5d5a3b"}, {"type": "Feature", "properties": {"gm_gar_pk": 34410, "gm_gmw_monitoringtube.href": "https://api.pdok.nl/tno/bro-grondwatermonitoring-in-samenhang-karakteristieken/ogc/v1/collections/gm_gmw_monitoringtube/items/3750a65c-f8da-5149-9430-7f63b5c6191c", "gm_gmw_monitoringtube_fk": 39201, "bro_id": "GAR000000034731", "delivery_accountable_party": "30276683", "quality_regime": "IMBRO/A", "object_registration_time": "2023-01-13T21:03:59+01:00", "latest_addition_time": null, "registration_completion_time": "2023-01-13T21:03:59+01:00", "latest_correction_time": "2026-02-20T15:36:08+01:00", "under_review_time": null, "sampling_date_time": "1994-04-26T13:00:00+02:00", "imbro_xml_url": "https://publiek.broservices.nl/gm/gar/v1/objects/GAR000000034731"}, "geometry": {"type": "Point", "coordinates": [4.96083363, 52.06508784]}, "id": "29e5566e-dbbf-5328-8e94-7d2c650757a7"}, {"type": "Feature", "properties": {"gm_gar_pk": 34412, "gm_gmw_monitoringtube.href": "https://api.pdok.nl/tno/bro-grondwatermonitoring-in-samenhang-karakteristieken/ogc/v1/collections/gm_gmw_monitoringtube/items/3750a65c-f8da-5149-9430-7f63b5c6191c", "gm_gmw_monitoringtube_fk": 39201, "bro_id": "GAR000000034733", "delivery_accountable_party": "30276683", "quality_regime": "IMBRO/A", "object_registration_time": "2023-01-13T21:04:07+01:00", "latest_addition_time": null, "registration_completion_time": "2023-01-13T21:04:07+01:00", "latest_correction_time": null, "under_review_time": null, "sampling_date_time": "1997-08-14T13:00:00+02:00", "imbro_xml_url": "https://publiek.broservices.nl/gm/gar/v1/objects/GAR000000034733"}, "geometry": {"type": "Point", "coordinates": [4.96083363, 52.06508784]}, "id": "008b6fcf-64dd-519d-8e22-985457bf3a0a"}, {"type": "Feature", "properties": {"gm_gar_pk": 34417, "gm_gmw_monitoringtube.href": "https://api.pdok.nl/tno/bro-grondwatermonitoring-in-samenhang-karakteristieken/ogc/v1/collections/gm_gmw_monitoringtube/items/3750a65c-f8da-5149-9430-7f63b5c6191c", "gm_gmw_monitoringtube_fk": 39201, "bro_id": "GAR000000034738", "delivery_accountable_party": "30276683", "quality_regime": "IMBRO/A", "object_registration_time": "2023-01-13T21:04:25+01:00", "latest_addition_time": null, "registration_completion_time": "2023-01-13T21:04:25+01:00", "latest_correction_time": "2026-02-20T14:32:24+01:00", "under_review_time": null, "sampling_date_time": "1999-06-10T13:00:00+02:00", "imbro_xml_url": "https://publiek.broservices.nl/gm/gar/v1/objects/GAR000000034738"}, "geometry": {"type": "Point", "coordinates": [4.96083363, 52.06508784]}, "id": "71313501-0e49-571f-8348-a6a32010e17e"}, {"type": "Feature", "properties": {"gm_gar_pk": 34418, "gm_gmw_monitoringtube.href": "https://api.pdok.nl/tno/bro-grondwatermonitoring-in-samenhang-karakteristieken/ogc/v1/collections/gm_gmw_monitoringtube/items/3750a65c-f8da-5149-9430-7f63b5c6191c", "gm_gmw_monitoringtube_fk": 39201, "bro_id": "GAR000000034739", "delivery_accountable_party": "30276683", "quality_regime": "IMBRO/A", "object_registration_time": "2023-01-13T21:04:28+01:00", "latest_addition_time": null, "registration_completion_time": "2023-01-13T21:04:28+01:00", "latest_correction_time": "2026-02-20T15:28:07+01:00", "under_review_time": null, "sampling_date_time": "2003-05-23T13:00:00+02:00", "imbro_xml_url": "https://publiek.broservices.nl/gm/gar/v1/objects/GAR000000034739"}, "geometry": {"type": "Point", "coordinates": [4.96083363, 52.06508784]}, "id": "e8f71f1f-2c60-5159-bb09-5d0ab1417cc9"}, {"type": "Feature", "properties": {"gm_gar_pk": 34419, "gm_gmw_monitoringtube.href": "https://api.pdok.nl/tno/bro-grondwatermonitoring-in-samenhang-karakteristieken/ogc/v1/collections/gm_gmw_monitoringtube/items/3750a65c-f8da-5149-9430-7f63b5c6191c", "gm_gmw_monitoringtube_fk": 39201, "bro_id": "GAR000000034740", "delivery_accountable_party": "30276683", "quality_regime": "IMBRO/A", "object_registration_time": "2023-01-13T21:04:32+01:00", "latest_addition_time": null, "registration_completion_time": "2023-01-13T21:04:32+01:00", "latest_correction_time": "2026-02-20T14:18:30+01:00", "under_review_time": null, "sampling_date_time": "2007-10-05T13:00:00+02:00", "imbro_xml_url": "https://publiek.broservices.nl/gm/gar/v1/objects/GAR000000034740"}, "geometry": {"type": "Point", "coordinates": [4.96083363, 52.06508784]}, "id": "0cdb37b9-7f22-55fc-824b-47af3257eba2"}, {"type": "Feature", "properties": {"gm_gar_pk": 34420, "gm_gmw_monitoringtube.href": "https://api.pdok.nl/tno/bro-grondwatermonitoring-in-samenhang-karakteristieken/ogc/v1/collections/gm_gmw_monitoringtube/items/3750a65c-f8da-5149-9430-7f63b5c6191c", "gm_gmw_monitoringtube_fk": 39201, "bro_id": "GAR000000034741", "delivery_accountable_party": "30276683", "quality_regime": "IMBRO/A", "object_registration_time": "2023-01-13T21:04:36+01:00", "latest_addition_time": null, "registration_completion_time": "2023-01-13T21:04:36+01:00", "latest_correction_time": "2026-02-20T14:48:49+01:00", "under_review_time": null, "sampling_date_time": "2015-08-27T13:00:00+02:00", "imbro_xml_url": "https://publiek.broservices.nl/gm/gar/v1/objects/GAR000000034741"}, "geometry": {"type": "Point", "coordinates": [4.96083363, 52.06508784]}, "id": "1603b43e-5e5d-595c-b89a-189d2d55615a"}, {"type": "Feature", "properties": {"gm_gar_pk": 34423, "gm_gmw_monitoringtube.href": "https://api.pdok.nl/tno/bro-grondwatermonitoring-in-samenhang-karakteristieken/ogc/v1/collections/gm_gmw_monitoringtube/items/3750a65c-f8da-5149-9430-7f63b5c6191c", "gm_gmw_monitoringtube_fk": 39201, "bro_id": "GAR000000034744", "delivery_accountable_party": "30276683", "quality_regime": "IMBRO/A", "object_registration_time": "2023-01-13T21:04:46+01:00", "latest_addition_time": null, "registration_completion_time": "2023-01-13T21:04:46+01:00", "latest_correction_time": null, "under_review_time": null, "sampling_date_time": "2001-09-03T13:00:00+02:00", "imbro_xml_url": "https://publiek.broservices.nl/gm/gar/v1/objects/GAR000000034744"}, "geometry": {"type": "Point", "coordinates": [4.96083363, 52.06508784]}, "id": "8ca0887c-1155-5e6e-9725-55ed0b7b7fce"}, {"type": "Feature", "properties": {"gm_gar_pk": 34428, "gm_gmw_monitoringtube.href": "https://api.pdok.nl/tno/bro-grondwatermonitoring-in-samenhang-karakteristieken/ogc/v1/collections/gm_gmw_monitoringtube/items/3750a65c-f8da-5149-9430-7f63b5c6191c", "gm_gmw_monitoringtube_fk": 39201, "bro_id": "GAR000000034749", "delivery_accountable_party": "30276683", "quality_regime": "IMBRO/A", "object_registration_time": "2023-01-13T21:05:04+01:00", "latest_addition_time": null, "registration_completion_time": "2023-01-13T21:05:04+01:00", "latest_correction_time": "2026-02-20T15:38:17+01:00", "under_review_time": null, "sampling_date_time": "2011-01-29T12:00:00+01:00", "imbro_xml_url": "https://publiek.broservices.nl/gm/gar/v1/objects/GAR000000034749"}, "geometry": {"type": "Point", "coordinates": [4.96083363, 52.06508784]}, "id": "52d259aa-cf64-5f1e-a6b4-256b0fd0ff25"}, {"type": "Feature", "properties": {"gm_gar_pk": 34433, "gm_gmw_monitoringtube.href": "https://api.pdok.nl/tno/bro-grondwatermonitoring-in-samenhang-karakteristieken/ogc/v1/collections/gm_gmw_monitoringtube/items/3750a65c-f8da-5149-9430-7f63b5c6191c", "gm_gmw_monitoringtube_fk": 39201, "bro_id": "GAR000000034754", "delivery_accountable_party": "30276683", "quality_regime": "IMBRO/A", "object_registration_time": "2023-01-13T21:05:22+01:00", "latest_addition_time": null, "registration_completion_time": "2023-01-13T21:05:22+01:00", "latest_correction_time": "2026-02-20T14:48:56+01:00", "under_review_time": null, "sampling_date_time": "2019-07-09T13:00:00+02:00", "imbro_xml_url": "https://publiek.broservices.nl/gm/gar/v1/objects/GAR000000034754"}, "geometry": {"type": "Point", "coordinates": [4.96083363, 52.06508784]}, "id": "f9a5ca63-cc14-521a-b233-0e91ba872453"}, {"type": "Feature", "properties": {"gm_gar_pk": 34622, "gm_gmw_monitoringtube.href": "https://api.pdok.nl/tno/bro-grondwatermonitoring-in-samenhang-karakteristieken/ogc/v1/collections/gm_gmw_monitoringtube/items/0f85d2d2-f017-5e46-9490-a418996c9848", "gm_gmw_monitoringtube_fk": 39078, "bro_id": "GAR000000034943", "delivery_accountable_party": "30276683", "quality_regime": "IMBRO/A", "object_registration_time": "2023-01-13T21:18:07+01:00", "latest_addition_time": null, "registration_completion_time": "2023-01-13T21:18:07+01:00", "latest_correction_time": "2026-02-20T14:31:44+01:00", "under_review_time": null, "sampling_date_time": "1991-09-20T13:00:00+02:00", "imbro_xml_url": "https://publiek.broservices.nl/gm/gar/v1/objects/GAR000000034943"}, "geometry": {"type": "Point", "coordinates": [5.220059644, 52.135058142]}, "id": "d42e8261-aa70-50be-b006-ce1d9f5ec0f6"}, {"type": "Feature", "properties": {"gm_gar_pk": 34626, "gm_gmw_monitoringtube.href": "https://api.pdok.nl/tno/bro-grondwatermonitoring-in-samenhang-karakteristieken/ogc/v1/collections/gm_gmw_monitoringtube/items/0f85d2d2-f017-5e46-9490-a418996c9848", "gm_gmw_monitoringtube_fk": 39078, "bro_id": "GAR000000034947", "delivery_accountable_party": "30276683", "quality_regime": "IMBRO/A", "object_registration_time": "2023-01-13T21:18:22+01:00", "latest_addition_time": null, "registration_completion_time": "2023-01-13T21:18:22+01:00", "latest_correction_time": "2026-02-20T14:31:56+01:00", "under_review_time": null, "sampling_date_time": "1992-06-19T13:00:00+02:00", "imbro_xml_url": "https://publiek.broservices.nl/gm/gar/v1/objects/GAR000000034947"}, "geometry": {"type": "Point", "coordinates": [5.220059644, 52.135058142]}, "id": "ce126167-184d-5321-8868-4c4cc396fb50"}, {"type": "Feature", "properties": {"gm_gar_pk": 34627, "gm_gmw_monitoringtube.href": "https://api.pdok.nl/tno/bro-grondwatermonitoring-in-samenhang-karakteristieken/ogc/v1/collections/gm_gmw_monitoringtube/items/0f85d2d2-f017-5e46-9490-a418996c9848", "gm_gmw_monitoringtube_fk": 39078, "bro_id": "GAR000000034948", "delivery_accountable_party": "30276683", "quality_regime": "IMBRO/A", "object_registration_time": "2023-01-13T21:18:26+01:00", "latest_addition_time": null, "registration_completion_time": "2023-01-13T21:18:26+01:00", "latest_correction_time": "2026-02-20T14:32:10+01:00", "under_review_time": null, "sampling_date_time": "1994-04-27T13:00:00+02:00", "imbro_xml_url": "https://publiek.broservices.nl/gm/gar/v1/objects/GAR000000034948"}, "geometry": {"type": "Point", "coordinates": [5.220059644, 52.135058142]}, "id": "570fde94-20e7-5230-afef-9bdd4c508ca9"}, {"type": "Feature", "properties": {"gm_gar_pk": 34628, "gm_gmw_monitoringtube.href": "https://api.pdok.nl/tno/bro-grondwatermonitoring-in-samenhang-karakteristieken/ogc/v1/collections/gm_gmw_monitoringtube/items/0f85d2d2-f017-5e46-9490-a418996c9848", "gm_gmw_monitoringtube_fk": 39078, "bro_id": "GAR000000034949", "delivery_accountable_party": "30276683", "quality_regime": "IMBRO/A", "object_registration_time": "2023-01-13T21:18:30+01:00", "latest_addition_time": null, "registration_completion_time": "2023-01-13T21:18:30+01:00", "latest_correction_time": "2026-02-20T14:42:50+01:00", "under_review_time": null, "sampling_date_time": "2012-06-19T13:00:00+02:00", "imbro_xml_url": "https://publiek.broservices.nl/gm/gar/v1/objects/GAR000000034949"}, "geometry": {"type": "Point", "coordinates": [5.220059644, 52.135058142]}, "id": "13b68a6d-df06-5159-935c-77b7a72bbf2b"}, {"type": "Feature", "properties": {"gm_gar_pk": 34629, "gm_gmw_monitoringtube.href": "https://api.pdok.nl/tno/bro-grondwatermonitoring-in-samenhang-karakteristieken/ogc/v1/collections/gm_gmw_monitoringtube/items/0f85d2d2-f017-5e46-9490-a418996c9848", "gm_gmw_monitoringtube_fk": 39078, "bro_id": "GAR000000034950", "delivery_accountable_party": "30276683", "quality_regime": "IMBRO/A", "object_registration_time": "2023-01-13T21:18:33+01:00", "latest_addition_time": null, "registration_completion_time": "2023-01-13T21:18:33+01:00", "latest_correction_time": "2026-02-20T15:37:21+01:00", "under_review_time": null, "sampling_date_time": "2013-10-29T12:00:00+01:00", "imbro_xml_url": "https://publiek.broservices.nl/gm/gar/v1/objects/GAR000000034950"}, "geometry": {"type": "Point", "coordinates": [5.220059644, 52.135058142]}, "id": "d8817bc8-39ac-53ed-93cd-b92cf748a968"}, {"type": "Feature", "properties": {"gm_gar_pk": 34632, "gm_gmw_monitoringtube.href": "https://api.pdok.nl/tno/bro-grondwatermonitoring-in-samenhang-karakteristieken/ogc/v1/collections/gm_gmw_monitoringtube/items/0f85d2d2-f017-5e46-9490-a418996c9848", "gm_gmw_monitoringtube_fk": 39078, "bro_id": "GAR000000034953", "delivery_accountable_party": "30276683", "quality_regime": "IMBRO/A", "object_registration_time": "2023-01-13T21:18:44+01:00", "latest_addition_time": null, "registration_completion_time": "2023-01-13T21:18:44+01:00", "latest_correction_time": "2026-02-20T14:32:03+01:00", "under_review_time": null, "sampling_date_time": "1993-06-17T13:00:00+02:00", "imbro_xml_url": "https://publiek.broservices.nl/gm/gar/v1/objects/GAR000000034953"}, "geometry": {"type": "Point", "coordinates": [5.220059644, 52.135058142]}, "id": "96740d02-d46f-57aa-9cef-13c5bd11e878"}, {"type": "Feature", "properties": {"gm_gar_pk": 34633, "gm_gmw_monitoringtube.href": "https://api.pdok.nl/tno/bro-grondwatermonitoring-in-samenhang-karakteristieken/ogc/v1/collections/gm_gmw_monitoringtube/items/0f85d2d2-f017-5e46-9490-a418996c9848", "gm_gmw_monitoringtube_fk": 39078, "bro_id": "GAR000000034954", "delivery_accountable_party": "30276683", "quality_regime": "IMBRO/A", "object_registration_time": "2023-01-13T21:18:48+01:00", "latest_addition_time": null, "registration_completion_time": "2023-01-13T21:18:48+01:00", "latest_correction_time": "2026-02-20T14:32:37+01:00", "under_review_time": null, "sampling_date_time": "1998-06-02T13:00:00+02:00", "imbro_xml_url": "https://publiek.broservices.nl/gm/gar/v1/objects/GAR000000034954"}, "geometry": {"type": "Point", "coordinates": [5.220059644, 52.135058142]}, "id": "a4fc55b4-3b9b-58c4-98a2-e56b6cb8722b"}, {"type": "Feature", "properties": {"gm_gar_pk": 34636, "gm_gmw_monitoringtube.href": "https://api.pdok.nl/tno/bro-grondwatermonitoring-in-samenhang-karakteristieken/ogc/v1/collections/gm_gmw_monitoringtube/items/0f85d2d2-f017-5e46-9490-a418996c9848", "gm_gmw_monitoringtube_fk": 39078, "bro_id": "GAR000000034957", "delivery_accountable_party": "30276683", "quality_regime": "IMBRO/A", "object_registration_time": "2023-01-13T21:19:26+01:00", "latest_addition_time": null, "registration_completion_time": "2023-01-13T21:19:26+01:00", "latest_correction_time": "2026-02-20T15:39:08+01:00", "under_review_time": null, "sampling_date_time": "1996-04-19T13:00:00+02:00", "imbro_xml_url": "https://publiek.broservices.nl/gm/gar/v1/objects/GAR000000034957"}, "geometry": {"type": "Point", "coordinates": [5.220059644, 52.135058142]}, "id": "5bc1ba5a-98db-5fb6-a5ac-34a908c7b8d1"}, {"type": "Feature", "properties": {"gm_gar_pk": 34637, "gm_gmw_monitoringtube.href": "https://api.pdok.nl/tno/bro-grondwatermonitoring-in-samenhang-karakteristieken/ogc/v1/collections/gm_gmw_monitoringtube/items/0f85d2d2-f017-5e46-9490-a418996c9848", "gm_gmw_monitoringtube_fk": 39078, "bro_id": "GAR000000034958", "delivery_accountable_party": "30276683", "quality_regime": "IMBRO/A", "object_registration_time": "2023-01-13T21:19:29+01:00", "latest_addition_time": null, "registration_completion_time": "2023-01-13T21:19:29+01:00", "latest_correction_time": "2026-02-20T15:37:19+01:00", "under_review_time": null, "sampling_date_time": "2011-01-30T12:00:00+01:00", "imbro_xml_url": "https://publiek.broservices.nl/gm/gar/v1/objects/GAR000000034958"}, "geometry": {"type": "Point", "coordinates": [5.220059644, 52.135058142]}, "id": "1a864dac-3430-5ccb-95d9-6b2fee28feef"}, {"type": "Feature", "properties": {"gm_gar_pk": 34638, "gm_gmw_monitoringtube.href": "https://api.pdok.nl/tno/bro-grondwatermonitoring-in-samenhang-karakteristieken/ogc/v1/collections/gm_gmw_monitoringtube/items/0f85d2d2-f017-5e46-9490-a418996c9848", "gm_gmw_monitoringtube_fk": 39078, "bro_id": "GAR000000034959", "delivery_accountable_party": "30276683", "quality_regime": "IMBRO/A", "object_registration_time": "2023-01-13T21:19:33+01:00", "latest_addition_time": null, "registration_completion_time": "2023-01-13T21:19:33+01:00", "latest_correction_time": "2026-02-20T15:37:22+01:00", "under_review_time": null, "sampling_date_time": "2014-09-01T13:00:00+02:00", "imbro_xml_url": "https://publiek.broservices.nl/gm/gar/v1/objects/GAR000000034959"}, "geometry": {"type": "Point", "coordinates": [5.220059644, 52.135058142]}, "id": "28585150-b701-5792-a0ce-744fc826d621"}, {"type": "Feature", "properties": {"gm_gar_pk": 34639, "gm_gmw_monitoringtube.href": "https://api.pdok.nl/tno/bro-grondwatermonitoring-in-samenhang-karakteristieken/ogc/v1/collections/gm_gmw_monitoringtube/items/0f85d2d2-f017-5e46-9490-a418996c9848", "gm_gmw_monitoringtube_fk": 39078, "bro_id": "GAR000000034960", "delivery_accountable_party": "30276683", "quality_regime": "IMBRO/A", "object_registration_time": "2023-01-13T21:19:37+01:00", "latest_addition_time": null, "registration_completion_time": "2023-01-13T21:19:37+01:00", "latest_correction_time": "2026-02-20T15:37:24+01:00", "under_review_time": null, "sampling_date_time": "2017-12-12T12:00:00+01:00", "imbro_xml_url": "https://publiek.broservices.nl/gm/gar/v1/objects/GAR000000034960"}, "geometry": {"type": "Point", "coordinates": [5.220059644, 52.135058142]}, "id": "89197b16-03ce-5f50-8c44-a78078e0eae5"}, {"type": "Feature", "properties": {"gm_gar_pk": 34641, "gm_gmw_monitoringtube.href": "https://api.pdok.nl/tno/bro-grondwatermonitoring-in-samenhang-karakteristieken/ogc/v1/collections/gm_gmw_monitoringtube/items/0f85d2d2-f017-5e46-9490-a418996c9848", "gm_gmw_monitoringtube_fk": 39078, "bro_id": "GAR000000034962", "delivery_accountable_party": "30276683", "quality_regime": "IMBRO/A", "object_registration_time": "2023-01-13T21:19:44+01:00", "latest_addition_time": null, "registration_completion_time": "2023-01-13T21:19:44+01:00", "latest_correction_time": "2026-02-20T14:32:30+01:00", "under_review_time": null, "sampling_date_time": "1997-08-15T13:00:00+02:00", "imbro_xml_url": "https://publiek.broservices.nl/gm/gar/v1/objects/GAR000000034962"}, "geometry": {"type": "Point", "coordinates": [5.220059644, 52.135058142]}, "id": "9824c64e-ea1c-58dd-a6e7-cea81af61896"}, {"type": "Feature", "properties": {"gm_gar_pk": 34642, "gm_gmw_monitoringtube.href": "https://api.pdok.nl/tno/bro-grondwatermonitoring-in-samenhang-karakteristieken/ogc/v1/collections/gm_gmw_monitoringtube/items/0f85d2d2-f017-5e46-9490-a418996c9848", "gm_gmw_monitoringtube_fk": 39078, "bro_id": "GAR000000034963", "delivery_accountable_party": "30276683", "quality_regime": "IMBRO/A", "object_registration_time": "2023-01-13T21:19:48+01:00", "latest_addition_time": null, "registration_completion_time": "2023-01-13T21:19:48+01:00", "latest_correction_time": "2026-02-20T15:38:35+01:00", "under_review_time": null, "sampling_date_time": "1999-06-11T13:00:00+02:00", "imbro_xml_url": "https://publiek.broservices.nl/gm/gar/v1/objects/GAR000000034963"}, "geometry": {"type": "Point", "coordinates": [5.220059644, 52.135058142]}, "id": "11839e1e-d053-5108-a60c-a2a393938a41"}, {"type": "Feature", "properties": {"gm_gar_pk": 34643, "gm_gmw_monitoringtube.href": "https://api.pdok.nl/tno/bro-grondwatermonitoring-in-samenhang-karakteristieken/ogc/v1/collections/gm_gmw_monitoringtube/items/0f85d2d2-f017-5e46-9490-a418996c9848", "gm_gmw_monitoringtube_fk": 39078, "bro_id": "GAR000000034964", "delivery_accountable_party": "30276683", "quality_regime": "IMBRO/A", "object_registration_time": "2023-01-13T21:19:52+01:00", "latest_addition_time": null, "registration_completion_time": "2023-01-13T21:19:52+01:00", "latest_correction_time": "2026-02-20T14:40:27+01:00", "under_review_time": null, "sampling_date_time": "2016-09-12T13:00:00+02:00", "imbro_xml_url": "https://publiek.broservices.nl/gm/gar/v1/objects/GAR000000034964"}, "geometry": {"type": "Point", "coordinates": [5.220059644, 52.135058142]}, "id": "4fbf86a6-e281-52fb-891b-cc241812e6dc"}, {"type": "Feature", "properties": {"gm_gar_pk": 34645, "gm_gmw_monitoringtube.href": "https://api.pdok.nl/tno/bro-grondwatermonitoring-in-samenhang-karakteristieken/ogc/v1/collections/gm_gmw_monitoringtube/items/0f85d2d2-f017-5e46-9490-a418996c9848", "gm_gmw_monitoringtube_fk": 39078, "bro_id": "GAR000000034966", "delivery_accountable_party": "30276683", "quality_regime": "IMBRO/A", "object_registration_time": "2023-01-13T21:20:12+01:00", "latest_addition_time": null, "registration_completion_time": "2023-01-13T21:20:12+01:00", "latest_correction_time": "2026-02-20T14:32:46+01:00", "under_review_time": null, "sampling_date_time": "2000-07-11T13:00:00+02:00", "imbro_xml_url": "https://publiek.broservices.nl/gm/gar/v1/objects/GAR000000034966"}, "geometry": {"type": "Point", "coordinates": [5.220059644, 52.135058142]}, "id": "cbd4c0f6-82cf-5270-8ecf-ddc9c6e211a5"}, {"type": "Feature", "properties": {"gm_gar_pk": 34646, "gm_gmw_monitoringtube.href": "https://api.pdok.nl/tno/bro-grondwatermonitoring-in-samenhang-karakteristieken/ogc/v1/collections/gm_gmw_monitoringtube/items/0f85d2d2-f017-5e46-9490-a418996c9848", "gm_gmw_monitoringtube_fk": 39078, "bro_id": "GAR000000034967", "delivery_accountable_party": "30276683", "quality_regime": "IMBRO/A", "object_registration_time": "2023-01-13T21:20:16+01:00", "latest_addition_time": null, "registration_completion_time": "2023-01-13T21:20:16+01:00", "latest_correction_time": "2026-02-20T15:38:20+01:00", "under_review_time": null, "sampling_date_time": "2018-08-22T13:00:00+02:00", "imbro_xml_url": "https://publiek.broservices.nl/gm/gar/v1/objects/GAR000000034967"}, "geometry": {"type": "Point", "coordinates": [5.220059644, 52.135058142]}, "id": "029e5d76-d8f5-5236-8bbe-1d716b82efa7"}, {"type": "Feature", "properties": {"gm_gar_pk": 34647, "gm_gmw_monitoringtube.href": "https://api.pdok.nl/tno/bro-grondwatermonitoring-in-samenhang-karakteristieken/ogc/v1/collections/gm_gmw_monitoringtube/items/0f85d2d2-f017-5e46-9490-a418996c9848", "gm_gmw_monitoringtube_fk": 39078, "bro_id": "GAR000000034968", "delivery_accountable_party": "30276683", "quality_regime": "IMBRO/A", "object_registration_time": "2023-01-13T21:20:20+01:00", "latest_addition_time": null, "registration_completion_time": "2023-01-13T21:20:20+01:00", "latest_correction_time": "2026-02-20T14:36:56+01:00", "under_review_time": null, "sampling_date_time": "2019-07-04T13:00:00+02:00", "imbro_xml_url": "https://publiek.broservices.nl/gm/gar/v1/objects/GAR000000034968"}, "geometry": {"type": "Point", "coordinates": [5.220059644, 52.135058142]}, "id": "da8d09c2-6696-507d-86ac-f2dc8eb2642e"}, {"type": "Feature", "properties": {"gm_gar_pk": 34648, "gm_gmw_monitoringtube.href": "https://api.pdok.nl/tno/bro-grondwatermonitoring-in-samenhang-karakteristieken/ogc/v1/collections/gm_gmw_monitoringtube/items/5996a1e1-af40-549e-8cd7-49bcc836ec5f", "gm_gmw_monitoringtube_fk": 39079, "bro_id": "GAR000000034969", "delivery_accountable_party": "30276683", "quality_regime": "IMBRO/A", "object_registration_time": "2023-01-13T21:20:24+01:00", "latest_addition_time": null, "registration_completion_time": "2023-01-13T21:20:24+01:00", "latest_correction_time": "2026-02-20T15:37:35+01:00", "under_review_time": null, "sampling_date_time": "1982-03-12T12:00:00+01:00", "imbro_xml_url": "https://publiek.broservices.nl/gm/gar/v1/objects/GAR000000034969"}, "geometry": {"type": "Point", "coordinates": [5.220059644, 52.135058142]}, "id": "a1877bb2-89fd-5bb5-9c19-dff00608b076"}, {"type": "Feature", "properties": {"gm_gar_pk": 34649, "gm_gmw_monitoringtube.href": "https://api.pdok.nl/tno/bro-grondwatermonitoring-in-samenhang-karakteristieken/ogc/v1/collections/gm_gmw_monitoringtube/items/5996a1e1-af40-549e-8cd7-49bcc836ec5f", "gm_gmw_monitoringtube_fk": 39079, "bro_id": "GAR000000034970", "delivery_accountable_party": "30276683", "quality_regime": "IMBRO/A", "object_registration_time": "2023-01-13T21:20:27+01:00", "latest_addition_time": null, "registration_completion_time": "2023-01-13T21:20:27+01:00", "latest_correction_time": null, "under_review_time": null, "sampling_date_time": "1990-08-27T13:00:00+02:00", "imbro_xml_url": "https://publiek.broservices.nl/gm/gar/v1/objects/GAR000000034970"}, "geometry": {"type": "Point", "coordinates": [5.220059644, 52.135058142]}, "id": "e193c32d-44fb-5947-add1-ff8356e87c0d"}, {"type": "Feature", "properties": {"gm_gar_pk": 34651, "gm_gmw_monitoringtube.href": "https://api.pdok.nl/tno/bro-grondwatermonitoring-in-samenhang-karakteristieken/ogc/v1/collections/gm_gmw_monitoringtube/items/0f85d2d2-f017-5e46-9490-a418996c9848", "gm_gmw_monitoringtube_fk": 39078, "bro_id": "GAR000000034972", "delivery_accountable_party": "30276683", "quality_regime": "IMBRO/A", "object_registration_time": "2023-01-13T21:20:35+01:00", "latest_addition_time": null, "registration_completion_time": "2023-01-13T21:20:35+01:00", "latest_correction_time": "2026-02-20T15:37:40+01:00", "under_review_time": null, "sampling_date_time": "2001-08-29T13:00:00+02:00", "imbro_xml_url": "https://publiek.broservices.nl/gm/gar/v1/objects/GAR000000034972"}, "geometry": {"type": "Point", "coordinates": [5.220059644, 52.135058142]}, "id": "f733e672-65f6-50d6-b662-fc251979e2df"}, {"type": "Feature", "properties": {"gm_gar_pk": 34652, "gm_gmw_monitoringtube.href": "https://api.pdok.nl/tno/bro-grondwatermonitoring-in-samenhang-karakteristieken/ogc/v1/collections/gm_gmw_monitoringtube/items/0f85d2d2-f017-5e46-9490-a418996c9848", "gm_gmw_monitoringtube_fk": 39078, "bro_id": "GAR000000034973", "delivery_accountable_party": "30276683", "quality_regime": "IMBRO/A", "object_registration_time": "2023-01-13T21:20:38+01:00", "latest_addition_time": null, "registration_completion_time": "2023-01-13T21:20:38+01:00", "latest_correction_time": "2026-02-20T15:37:41+01:00", "under_review_time": null, "sampling_date_time": "2003-05-23T13:00:00+02:00", "imbro_xml_url": "https://publiek.broservices.nl/gm/gar/v1/objects/GAR000000034973"}, "geometry": {"type": "Point", "coordinates": [5.220059644, 52.135058142]}, "id": "031edce1-00bc-5744-8b1d-9f08ad30a3d0"}, {"type": "Feature", "properties": {"gm_gar_pk": 34653, "gm_gmw_monitoringtube.href": "https://api.pdok.nl/tno/bro-grondwatermonitoring-in-samenhang-karakteristieken/ogc/v1/collections/gm_gmw_monitoringtube/items/0f85d2d2-f017-5e46-9490-a418996c9848", "gm_gmw_monitoringtube_fk": 39078, "bro_id": "GAR000000034974", "delivery_accountable_party": "30276683", "quality_regime": "IMBRO/A", "object_registration_time": "2023-01-13T21:20:42+01:00", "latest_addition_time": null, "registration_completion_time": "2023-01-13T21:20:42+01:00", "latest_correction_time": "2026-02-20T15:37:43+01:00", "under_review_time": null, "sampling_date_time": "2004-06-16T13:00:00+02:00", "imbro_xml_url": "https://publiek.broservices.nl/gm/gar/v1/objects/GAR000000034974"}, "geometry": {"type": "Point", "coordinates": [5.220059644, 52.135058142]}, "id": "4c21406b-155f-5538-8076-5c1636eff2e8"}, {"type": "Feature", "properties": {"gm_gar_pk": 34654, "gm_gmw_monitoringtube.href": "https://api.pdok.nl/tno/bro-grondwatermonitoring-in-samenhang-karakteristieken/ogc/v1/collections/gm_gmw_monitoringtube/items/5996a1e1-af40-549e-8cd7-49bcc836ec5f", "gm_gmw_monitoringtube_fk": 39079, "bro_id": "GAR000000034975", "delivery_accountable_party": "30276683", "quality_regime": "IMBRO/A", "object_registration_time": "2023-01-13T21:20:59+01:00", "latest_addition_time": null, "registration_completion_time": "2023-01-13T21:20:59+01:00", "latest_correction_time": null, "under_review_time": null, "sampling_date_time": "1991-09-20T13:00:00+02:00", "imbro_xml_url": "https://publiek.broservices.nl/gm/gar/v1/objects/GAR000000034975"}, "geometry": {"type": "Point", "coordinates": [5.220059644, 52.135058142]}, "id": "66b80d7a-f38b-5474-896d-2a78d5d18120"}, {"type": "Feature", "properties": {"gm_gar_pk": 34656, "gm_gmw_monitoringtube.href": "https://api.pdok.nl/tno/bro-grondwatermonitoring-in-samenhang-karakteristieken/ogc/v1/collections/gm_gmw_monitoringtube/items/0f85d2d2-f017-5e46-9490-a418996c9848", "gm_gmw_monitoringtube_fk": 39078, "bro_id": "GAR000000034977", "delivery_accountable_party": "30276683", "quality_regime": "IMBRO/A", "object_registration_time": "2023-01-13T21:21:07+01:00", "latest_addition_time": null, "registration_completion_time": "2023-01-13T21:21:07+01:00", "latest_correction_time": "2026-02-20T14:41:17+01:00", "under_review_time": null, "sampling_date_time": "2002-07-02T13:00:00+02:00", "imbro_xml_url": "https://publiek.broservices.nl/gm/gar/v1/objects/GAR000000034977"}, "geometry": {"type": "Point", "coordinates": [5.220059644, 52.135058142]}, "id": "b9ba1ea2-5b95-5048-bd6d-996129911904"}, {"type": "Feature", "properties": {"gm_gar_pk": 34657, "gm_gmw_monitoringtube.href": "https://api.pdok.nl/tno/bro-grondwatermonitoring-in-samenhang-karakteristieken/ogc/v1/collections/gm_gmw_monitoringtube/items/0f85d2d2-f017-5e46-9490-a418996c9848", "gm_gmw_monitoringtube_fk": 39078, "bro_id": "GAR000000034978", "delivery_accountable_party": "30276683", "quality_regime": "IMBRO/A", "object_registration_time": "2023-01-13T21:21:11+01:00", "latest_addition_time": null, "registration_completion_time": "2023-01-13T21:21:11+01:00", "latest_correction_time": "2026-02-20T14:40:42+01:00", "under_review_time": null, "sampling_date_time": "2020-07-27T13:00:00+02:00", "imbro_xml_url": "https://publiek.broservices.nl/gm/gar/v1/objects/GAR000000034978"}, "geometry": {"type": "Point", "coordinates": [5.220059644, 52.135058142]}, "id": "8338f7cd-963c-5644-b6d7-798a3c227321"}, {"type": "Feature", "properties": {"gm_gar_pk": 34658, "gm_gmw_monitoringtube.href": "https://api.pdok.nl/tno/bro-grondwatermonitoring-in-samenhang-karakteristieken/ogc/v1/collections/gm_gmw_monitoringtube/items/5996a1e1-af40-549e-8cd7-49bcc836ec5f", "gm_gmw_monitoringtube_fk": 39079, "bro_id": "GAR000000034979", "delivery_accountable_party": "30276683", "quality_regime": "IMBRO/A", "object_registration_time": "2023-01-13T21:21:14+01:00", "latest_addition_time": null, "registration_completion_time": "2023-01-13T21:21:14+01:00", "latest_correction_time": null, "under_review_time": null, "sampling_date_time": "1992-06-19T13:00:00+02:00", "imbro_xml_url": "https://publiek.broservices.nl/gm/gar/v1/objects/GAR000000034979"}, "geometry": {"type": "Point", "coordinates": [5.220059644, 52.135058142]}, "id": "43eb4448-8e15-5f04-947e-b56ea2162a7c"}, {"type": "Feature", "properties": {"gm_gar_pk": 34661, "gm_gmw_monitoringtube.href": "https://api.pdok.nl/tno/bro-grondwatermonitoring-in-samenhang-karakteristieken/ogc/v1/collections/gm_gmw_monitoringtube/items/0f85d2d2-f017-5e46-9490-a418996c9848", "gm_gmw_monitoringtube_fk": 39078, "bro_id": "GAR000000034982", "delivery_accountable_party": "30276683", "quality_regime": "IMBRO/A", "object_registration_time": "2023-01-13T21:21:25+01:00", "latest_addition_time": null, "registration_completion_time": "2023-01-13T21:21:25+01:00", "latest_correction_time": "2026-02-20T15:37:45+01:00", "under_review_time": null, "sampling_date_time": "2006-05-31T13:00:00+02:00", "imbro_xml_url": "https://publiek.broservices.nl/gm/gar/v1/objects/GAR000000034982"}, "geometry": {"type": "Point", "coordinates": [5.220059644, 52.135058142]}, "id": "c289a9fc-8c08-5afc-9dcc-fa957657ef71"}, {"type": "Feature", "properties": {"gm_gar_pk": 34662, "gm_gmw_monitoringtube.href": "https://api.pdok.nl/tno/bro-grondwatermonitoring-in-samenhang-karakteristieken/ogc/v1/collections/gm_gmw_monitoringtube/items/5996a1e1-af40-549e-8cd7-49bcc836ec5f", "gm_gmw_monitoringtube_fk": 39079, "bro_id": "GAR000000034983", "delivery_accountable_party": "30276683", "quality_regime": "IMBRO/A", "object_registration_time": "2023-01-13T21:21:29+01:00", "latest_addition_time": null, "registration_completion_time": "2023-01-13T21:21:29+01:00", "latest_correction_time": null, "under_review_time": null, "sampling_date_time": "1993-06-17T13:00:00+02:00", "imbro_xml_url": "https://publiek.broservices.nl/gm/gar/v1/objects/GAR000000034983"}, "geometry": {"type": "Point", "coordinates": [5.220059644, 52.135058142]}, "id": "323de845-cd3a-5d46-8c6e-a18553bdef69"}, {"type": "Feature", "properties": {"gm_gar_pk": 34663, "gm_gmw_monitoringtube.href": "https://api.pdok.nl/tno/bro-grondwatermonitoring-in-samenhang-karakteristieken/ogc/v1/collections/gm_gmw_monitoringtube/items/5996a1e1-af40-549e-8cd7-49bcc836ec5f", "gm_gmw_monitoringtube_fk": 39079, "bro_id": "GAR000000034984", "delivery_accountable_party": "30276683", "quality_regime": "IMBRO/A", "object_registration_time": "2023-01-13T21:21:33+01:00", "latest_addition_time": null, "registration_completion_time": "2023-01-13T21:21:33+01:00", "latest_correction_time": null, "under_review_time": null, "sampling_date_time": "1999-06-11T13:00:00+02:00", "imbro_xml_url": "https://publiek.broservices.nl/gm/gar/v1/objects/GAR000000034984"}, "geometry": {"type": "Point", "coordinates": [5.220059644, 52.135058142]}, "id": "7499a13f-6a61-584e-a67a-ddcae83844a2"}, {"type": "Feature", "properties": {"gm_gar_pk": 34664, "gm_gmw_monitoringtube.href": "https://api.pdok.nl/tno/bro-grondwatermonitoring-in-samenhang-karakteristieken/ogc/v1/collections/gm_gmw_monitoringtube/items/668610ef-4cc5-5862-b5ff-0df023b05402", "gm_gmw_monitoringtube_fk": 39080, "bro_id": "GAR000000034985", "delivery_accountable_party": "30276683", "quality_regime": "IMBRO/A", "object_registration_time": "2023-01-13T21:21:36+01:00", "latest_addition_time": null, "registration_completion_time": "2023-01-13T21:21:36+01:00", "latest_correction_time": "2026-02-20T14:42:10+01:00", "under_review_time": null, "sampling_date_time": "2008-08-11T13:00:00+02:00", "imbro_xml_url": "https://publiek.broservices.nl/gm/gar/v1/objects/GAR000000034985"}, "geometry": {"type": "Point", "coordinates": [5.220059644, 52.135058142]}, "id": "62373dda-b6a0-58a6-a78a-932bf31f6d71"}, {"type": "Feature", "properties": {"gm_gar_pk": 34667, "gm_gmw_monitoringtube.href": "https://api.pdok.nl/tno/bro-grondwatermonitoring-in-samenhang-karakteristieken/ogc/v1/collections/gm_gmw_monitoringtube/items/0f85d2d2-f017-5e46-9490-a418996c9848", "gm_gmw_monitoringtube_fk": 39078, "bro_id": "GAR000000034988", "delivery_accountable_party": "30276683", "quality_regime": "IMBRO/A", "object_registration_time": "2023-01-13T21:22:01+01:00", "latest_addition_time": null, "registration_completion_time": "2023-01-13T21:22:01+01:00", "latest_correction_time": "2026-02-20T15:37:46+01:00", "under_review_time": null, "sampling_date_time": "2008-08-11T13:00:00+02:00", "imbro_xml_url": "https://publiek.broservices.nl/gm/gar/v1/objects/GAR000000034988"}, "geometry": {"type": "Point", "coordinates": [5.220059644, 52.135058142]}, "id": "7b412201-24a1-5582-b53c-3b30c88ab0ea"}, {"type": "Feature", "properties": {"gm_gar_pk": 34668, "gm_gmw_monitoringtube.href": "https://api.pdok.nl/tno/bro-grondwatermonitoring-in-samenhang-karakteristieken/ogc/v1/collections/gm_gmw_monitoringtube/items/0f85d2d2-f017-5e46-9490-a418996c9848", "gm_gmw_monitoringtube_fk": 39078, "bro_id": "GAR000000034989", "delivery_accountable_party": "30276683", "quality_regime": "IMBRO/A", "object_registration_time": "2023-01-13T21:22:04+01:00", "latest_addition_time": null, "registration_completion_time": "2023-01-13T21:22:04+01:00", "latest_correction_time": "2026-02-20T14:39:37+01:00", "under_review_time": null, "sampling_date_time": "2009-06-05T13:00:00+02:00", "imbro_xml_url": "https://publiek.broservices.nl/gm/gar/v1/objects/GAR000000034989"}, "geometry": {"type": "Point", "coordinates": [5.220059644, 52.135058142]}, "id": "6a6831d1-6102-5d98-9419-fbe5074c780e"}, {"type": "Feature", "properties": {"gm_gar_pk": 34669, "gm_gmw_monitoringtube.href": "https://api.pdok.nl/tno/bro-grondwatermonitoring-in-samenhang-karakteristieken/ogc/v1/collections/gm_gmw_monitoringtube/items/0f85d2d2-f017-5e46-9490-a418996c9848", "gm_gmw_monitoringtube_fk": 39078, "bro_id": "GAR000000034990", "delivery_accountable_party": "30276683", "quality_regime": "IMBRO/A", "object_registration_time": "2023-01-13T21:22:08+01:00", "latest_addition_time": null, "registration_completion_time": "2023-01-13T21:22:08+01:00", "latest_correction_time": "2026-02-20T14:39:44+01:00", "under_review_time": null, "sampling_date_time": "2010-08-24T13:00:00+02:00", "imbro_xml_url": "https://publiek.broservices.nl/gm/gar/v1/objects/GAR000000034990"}, "geometry": {"type": "Point", "coordinates": [5.220059644, 52.135058142]}, "id": "b3f38381-f3e1-5280-87d3-fd66b25bc75b"}, {"type": "Feature", "properties": {"gm_gar_pk": 34670, "gm_gmw_monitoringtube.href": "https://api.pdok.nl/tno/bro-grondwatermonitoring-in-samenhang-karakteristieken/ogc/v1/collections/gm_gmw_monitoringtube/items/5996a1e1-af40-549e-8cd7-49bcc836ec5f", "gm_gmw_monitoringtube_fk": 39079, "bro_id": "GAR000000034991", "delivery_accountable_party": "30276683", "quality_regime": "IMBRO/A", "object_registration_time": "2023-01-13T21:22:12+01:00", "latest_addition_time": null, "registration_completion_time": "2023-01-13T21:22:12+01:00", "latest_correction_time": null, "under_review_time": null, "sampling_date_time": "1994-04-27T13:00:00+02:00", "imbro_xml_url": "https://publiek.broservices.nl/gm/gar/v1/objects/GAR000000034991"}, "geometry": {"type": "Point", "coordinates": [5.220059644, 52.135058142]}, "id": "0b6f2c4c-4cf3-5cd7-a50f-c2a25dc83a68"}, {"type": "Feature", "properties": {"gm_gar_pk": 34671, "gm_gmw_monitoringtube.href": "https://api.pdok.nl/tno/bro-grondwatermonitoring-in-samenhang-karakteristieken/ogc/v1/collections/gm_gmw_monitoringtube/items/5996a1e1-af40-549e-8cd7-49bcc836ec5f", "gm_gmw_monitoringtube_fk": 39079, "bro_id": "GAR000000034992", "delivery_accountable_party": "30276683", "quality_regime": "IMBRO/A", "object_registration_time": "2023-01-13T21:22:16+01:00", "latest_addition_time": null, "registration_completion_time": "2023-01-13T21:22:16+01:00", "latest_correction_time": null, "under_review_time": null, "sampling_date_time": "1995-04-24T13:00:00+02:00", "imbro_xml_url": "https://publiek.broservices.nl/gm/gar/v1/objects/GAR000000034992"}, "geometry": {"type": "Point", "coordinates": [5.220059644, 52.135058142]}, "id": "824d9e70-360a-50fb-bae6-8fa5c5ff99ca"}, {"type": "Feature", "properties": {"gm_gar_pk": 34672, "gm_gmw_monitoringtube.href": "https://api.pdok.nl/tno/bro-grondwatermonitoring-in-samenhang-karakteristieken/ogc/v1/collections/gm_gmw_monitoringtube/items/5996a1e1-af40-549e-8cd7-49bcc836ec5f", "gm_gmw_monitoringtube_fk": 39079, "bro_id": "GAR000000034993", "delivery_accountable_party": "30276683", "quality_regime": "IMBRO/A", "object_registration_time": "2023-01-13T21:22:19+01:00", "latest_addition_time": null, "registration_completion_time": "2023-01-13T21:22:19+01:00", "latest_correction_time": null, "under_review_time": null, "sampling_date_time": "1996-04-19T13:00:00+02:00", "imbro_xml_url": "https://publiek.broservices.nl/gm/gar/v1/objects/GAR000000034993"}, "geometry": {"type": "Point", "coordinates": [5.220059644, 52.135058142]}, "id": "30f8ee09-c459-5ec3-a543-a1da6a8f6255"}, {"type": "Feature", "properties": {"gm_gar_pk": 34673, "gm_gmw_monitoringtube.href": "https://api.pdok.nl/tno/bro-grondwatermonitoring-in-samenhang-karakteristieken/ogc/v1/collections/gm_gmw_monitoringtube/items/5996a1e1-af40-549e-8cd7-49bcc836ec5f", "gm_gmw_monitoringtube_fk": 39079, "bro_id": "GAR000000034994", "delivery_accountable_party": "30276683", "quality_regime": "IMBRO/A", "object_registration_time": "2023-01-13T21:22:23+01:00", "latest_addition_time": null, "registration_completion_time": "2023-01-13T21:22:23+01:00", "latest_correction_time": null, "under_review_time": null, "sampling_date_time": "1997-08-15T13:00:00+02:00", "imbro_xml_url": "https://publiek.broservices.nl/gm/gar/v1/objects/GAR000000034994"}, "geometry": {"type": "Point", "coordinates": [5.220059644, 52.135058142]}, "id": "a74e2403-b594-5fd4-bb4b-abe5c6caa335"}, {"type": "Feature", "properties": {"gm_gar_pk": 34675, "gm_gmw_monitoringtube.href": "https://api.pdok.nl/tno/bro-grondwatermonitoring-in-samenhang-karakteristieken/ogc/v1/collections/gm_gmw_monitoringtube/items/5996a1e1-af40-549e-8cd7-49bcc836ec5f", "gm_gmw_monitoringtube_fk": 39079, "bro_id": "GAR000000034996", "delivery_accountable_party": "30276683", "quality_regime": "IMBRO/A", "object_registration_time": "2023-01-13T21:22:30+01:00", "latest_addition_time": null, "registration_completion_time": "2023-01-13T21:22:30+01:00", "latest_correction_time": null, "under_review_time": null, "sampling_date_time": "1998-06-02T13:00:00+02:00", "imbro_xml_url": "https://publiek.broservices.nl/gm/gar/v1/objects/GAR000000034996"}, "geometry": {"type": "Point", "coordinates": [5.220059644, 52.135058142]}, "id": "3c96f5fb-ccd8-5885-9dd4-24f3e823af91"}, {"type": "Feature", "properties": {"gm_gar_pk": 34676, "gm_gmw_monitoringtube.href": "https://api.pdok.nl/tno/bro-grondwatermonitoring-in-samenhang-karakteristieken/ogc/v1/collections/gm_gmw_monitoringtube/items/5996a1e1-af40-549e-8cd7-49bcc836ec5f", "gm_gmw_monitoringtube_fk": 39079, "bro_id": "GAR000000034997", "delivery_accountable_party": "30276683", "quality_regime": "IMBRO/A", "object_registration_time": "2023-01-13T21:22:34+01:00", "latest_addition_time": null, "registration_completion_time": "2023-01-13T21:22:34+01:00", "latest_correction_time": null, "under_review_time": null, "sampling_date_time": "2000-07-11T13:00:00+02:00", "imbro_xml_url": "https://publiek.broservices.nl/gm/gar/v1/objects/GAR000000034997"}, "geometry": {"type": "Point", "coordinates": [5.220059644, 52.135058142]}, "id": "bc69dfc6-a3ba-5436-8abc-7d1eb5c3129e"}, {"type": "Feature", "properties": {"gm_gar_pk": 34677, "gm_gmw_monitoringtube.href": "https://api.pdok.nl/tno/bro-grondwatermonitoring-in-samenhang-karakteristieken/ogc/v1/collections/gm_gmw_monitoringtube/items/5996a1e1-af40-549e-8cd7-49bcc836ec5f", "gm_gmw_monitoringtube_fk": 39079, "bro_id": "GAR000000034998", "delivery_accountable_party": "30276683", "quality_regime": "IMBRO/A", "object_registration_time": "2023-01-13T21:22:38+01:00", "latest_addition_time": null, "registration_completion_time": "2023-01-13T21:22:38+01:00", "latest_correction_time": null, "under_review_time": null, "sampling_date_time": "2001-08-29T13:00:00+02:00", "imbro_xml_url": "https://publiek.broservices.nl/gm/gar/v1/objects/GAR000000034998"}, "geometry": {"type": "Point", "coordinates": [5.220059644, 52.135058142]}, "id": "8e62f738-1846-5d2b-a992-620651ef0a43"}, {"type": "Feature", "properties": {"gm_gar_pk": 34679, "gm_gmw_monitoringtube.href": "https://api.pdok.nl/tno/bro-grondwatermonitoring-in-samenhang-karakteristieken/ogc/v1/collections/gm_gmw_monitoringtube/items/5996a1e1-af40-549e-8cd7-49bcc836ec5f", "gm_gmw_monitoringtube_fk": 39079, "bro_id": "GAR000000035000", "delivery_accountable_party": "30276683", "quality_regime": "IMBRO/A", "object_registration_time": "2023-01-13T21:22:45+01:00", "latest_addition_time": null, "registration_completion_time": "2023-01-13T21:22:45+01:00", "latest_correction_time": null, "under_review_time": null, "sampling_date_time": "2002-07-02T13:00:00+02:00", "imbro_xml_url": "https://publiek.broservices.nl/gm/gar/v1/objects/GAR000000035000"}, "geometry": {"type": "Point", "coordinates": [5.220059644, 52.135058142]}, "id": "8d855ea0-2f5c-5e5c-b0bc-2118951958bd"}, {"type": "Feature", "properties": {"gm_gar_pk": 34682, "gm_gmw_monitoringtube.href": "https://api.pdok.nl/tno/bro-grondwatermonitoring-in-samenhang-karakteristieken/ogc/v1/collections/gm_gmw_monitoringtube/items/5996a1e1-af40-549e-8cd7-49bcc836ec5f", "gm_gmw_monitoringtube_fk": 39079, "bro_id": "GAR000000035003", "delivery_accountable_party": "30276683", "quality_regime": "IMBRO/A", "object_registration_time": "2023-01-13T21:22:56+01:00", "latest_addition_time": null, "registration_completion_time": "2023-01-13T21:22:56+01:00", "latest_correction_time": null, "under_review_time": null, "sampling_date_time": "2003-05-23T13:00:00+02:00", "imbro_xml_url": "https://publiek.broservices.nl/gm/gar/v1/objects/GAR000000035003"}, "geometry": {"type": "Point", "coordinates": [5.220059644, 52.135058142]}, "id": "9cc547ee-b337-5e33-abab-91128454b681"}, {"type": "Feature", "properties": {"gm_gar_pk": 34683, "gm_gmw_monitoringtube.href": "https://api.pdok.nl/tno/bro-grondwatermonitoring-in-samenhang-karakteristieken/ogc/v1/collections/gm_gmw_monitoringtube/items/668610ef-4cc5-5862-b5ff-0df023b05402", "gm_gmw_monitoringtube_fk": 39080, "bro_id": "GAR000000035004", "delivery_accountable_party": "30276683", "quality_regime": "IMBRO/A", "object_registration_time": "2023-01-13T21:22:59+01:00", "latest_addition_time": null, "registration_completion_time": "2023-01-13T21:22:59+01:00", "latest_correction_time": null, "under_review_time": null, "sampling_date_time": "1982-03-10T12:00:00+01:00", "imbro_xml_url": "https://publiek.broservices.nl/gm/gar/v1/objects/GAR000000035004"}, "geometry": {"type": "Point", "coordinates": [5.220059644, 52.135058142]}, "id": "0f407a8f-e9a5-5b2c-b102-fd28989d4a6b"}, {"type": "Feature", "properties": {"gm_gar_pk": 34684, "gm_gmw_monitoringtube.href": "https://api.pdok.nl/tno/bro-grondwatermonitoring-in-samenhang-karakteristieken/ogc/v1/collections/gm_gmw_monitoringtube/items/668610ef-4cc5-5862-b5ff-0df023b05402", "gm_gmw_monitoringtube_fk": 39080, "bro_id": "GAR000000035005", "delivery_accountable_party": "30276683", "quality_regime": "IMBRO/A", "object_registration_time": "2023-01-13T21:23:03+01:00", "latest_addition_time": null, "registration_completion_time": "2023-01-13T21:23:03+01:00", "latest_correction_time": "2026-02-20T15:37:37+01:00", "under_review_time": null, "sampling_date_time": "1982-03-12T12:00:00+01:00", "imbro_xml_url": "https://publiek.broservices.nl/gm/gar/v1/objects/GAR000000035005"}, "geometry": {"type": "Point", "coordinates": [5.220059644, 52.135058142]}, "id": "922ec274-926c-5199-a7dc-1536d309e7ab"}, {"type": "Feature", "properties": {"gm_gar_pk": 34685, "gm_gmw_monitoringtube.href": "https://api.pdok.nl/tno/bro-grondwatermonitoring-in-samenhang-karakteristieken/ogc/v1/collections/gm_gmw_monitoringtube/items/668610ef-4cc5-5862-b5ff-0df023b05402", "gm_gmw_monitoringtube_fk": 39080, "bro_id": "GAR000000035006", "delivery_accountable_party": "30276683", "quality_regime": "IMBRO/A", "object_registration_time": "2023-01-13T21:23:07+01:00", "latest_addition_time": null, "registration_completion_time": "2023-01-13T21:23:07+01:00", "latest_correction_time": "2026-02-20T15:17:35+01:00", "under_review_time": null, "sampling_date_time": "1984-07-18T13:00:00+02:00", "imbro_xml_url": "https://publiek.broservices.nl/gm/gar/v1/objects/GAR000000035006"}, "geometry": {"type": "Point", "coordinates": [5.220059644, 52.135058142]}, "id": "d08633b0-e254-59a2-8bf0-578ab427b401"}, {"type": "Feature", "properties": {"gm_gar_pk": 34686, "gm_gmw_monitoringtube.href": "https://api.pdok.nl/tno/bro-grondwatermonitoring-in-samenhang-karakteristieken/ogc/v1/collections/gm_gmw_monitoringtube/items/668610ef-4cc5-5862-b5ff-0df023b05402", "gm_gmw_monitoringtube_fk": 39080, "bro_id": "GAR000000035007", "delivery_accountable_party": "30276683", "quality_regime": "IMBRO/A", "object_registration_time": "2023-01-13T21:23:11+01:00", "latest_addition_time": null, "registration_completion_time": "2023-01-13T21:23:11+01:00", "latest_correction_time": "2026-02-20T14:46:20+01:00", "under_review_time": null, "sampling_date_time": "1983-06-14T13:00:00+02:00", "imbro_xml_url": "https://publiek.broservices.nl/gm/gar/v1/objects/GAR000000035007"}, "geometry": {"type": "Point", "coordinates": [5.220059644, 52.135058142]}, "id": "b08c4adb-f7f2-5687-92bf-9d0490e66493"}, {"type": "Feature", "properties": {"gm_gar_pk": 34687, "gm_gmw_monitoringtube.href": "https://api.pdok.nl/tno/bro-grondwatermonitoring-in-samenhang-karakteristieken/ogc/v1/collections/gm_gmw_monitoringtube/items/668610ef-4cc5-5862-b5ff-0df023b05402", "gm_gmw_monitoringtube_fk": 39080, "bro_id": "GAR000000035008", "delivery_accountable_party": "30276683", "quality_regime": "IMBRO/A", "object_registration_time": "2023-01-13T21:23:14+01:00", "latest_addition_time": null, "registration_completion_time": "2023-01-13T21:23:14+01:00", "latest_correction_time": null, "under_review_time": null, "sampling_date_time": "2003-05-23T13:00:00+02:00", "imbro_xml_url": "https://publiek.broservices.nl/gm/gar/v1/objects/GAR000000035008"}, "geometry": {"type": "Point", "coordinates": [5.220059644, 52.135058142]}, "id": "aa2d6cc1-fd77-52a0-b03c-58af31610c2c"}, {"type": "Feature", "properties": {"gm_gar_pk": 34692, "gm_gmw_monitoringtube.href": "https://api.pdok.nl/tno/bro-grondwatermonitoring-in-samenhang-karakteristieken/ogc/v1/collections/gm_gmw_monitoringtube/items/668610ef-4cc5-5862-b5ff-0df023b05402", "gm_gmw_monitoringtube_fk": 39080, "bro_id": "GAR000000035013", "delivery_accountable_party": "30276683", "quality_regime": "IMBRO/A", "object_registration_time": "2023-01-13T21:23:33+01:00", "latest_addition_time": null, "registration_completion_time": "2023-01-13T21:23:33+01:00", "latest_correction_time": "2026-02-20T15:17:37+01:00", "under_review_time": null, "sampling_date_time": "1985-08-28T13:00:00+02:00", "imbro_xml_url": "https://publiek.broservices.nl/gm/gar/v1/objects/GAR000000035013"}, "geometry": {"type": "Point", "coordinates": [5.220059644, 52.135058142]}, "id": "2cfbc44f-78c2-53f3-aefc-70a2bbc2fc0f"}, {"type": "Feature", "properties": {"gm_gar_pk": 34694, "gm_gmw_monitoringtube.href": "https://api.pdok.nl/tno/bro-grondwatermonitoring-in-samenhang-karakteristieken/ogc/v1/collections/gm_gmw_monitoringtube/items/668610ef-4cc5-5862-b5ff-0df023b05402", "gm_gmw_monitoringtube_fk": 39080, "bro_id": "GAR000000035015", "delivery_accountable_party": "30276683", "quality_regime": "IMBRO/A", "object_registration_time": "2023-01-13T21:23:40+01:00", "latest_addition_time": null, "registration_completion_time": "2023-01-13T21:23:40+01:00", "latest_correction_time": null, "under_review_time": null, "sampling_date_time": "2002-07-02T13:00:00+02:00", "imbro_xml_url": "https://publiek.broservices.nl/gm/gar/v1/objects/GAR000000035015"}, "geometry": {"type": "Point", "coordinates": [5.220059644, 52.135058142]}, "id": "a782b336-6b3b-5655-bfc3-a1d77544e895"}, {"type": "Feature", "properties": {"gm_gar_pk": 34697, "gm_gmw_monitoringtube.href": "https://api.pdok.nl/tno/bro-grondwatermonitoring-in-samenhang-karakteristieken/ogc/v1/collections/gm_gmw_monitoringtube/items/668610ef-4cc5-5862-b5ff-0df023b05402", "gm_gmw_monitoringtube_fk": 39080, "bro_id": "GAR000000035018", "delivery_accountable_party": "30276683", "quality_regime": "IMBRO/A", "object_registration_time": "2023-01-13T21:23:52+01:00", "latest_addition_time": null, "registration_completion_time": "2023-01-13T21:23:52+01:00", "latest_correction_time": "2026-02-20T15:17:49+01:00", "under_review_time": null, "sampling_date_time": "1986-09-05T13:00:00+02:00", "imbro_xml_url": "https://publiek.broservices.nl/gm/gar/v1/objects/GAR000000035018"}, "geometry": {"type": "Point", "coordinates": [5.220059644, 52.135058142]}, "id": "c2c26735-571c-5c48-b32a-6407ffd7e430"}, {"type": "Feature", "properties": {"gm_gar_pk": 34702, "gm_gmw_monitoringtube.href": "https://api.pdok.nl/tno/bro-grondwatermonitoring-in-samenhang-karakteristieken/ogc/v1/collections/gm_gmw_monitoringtube/items/668610ef-4cc5-5862-b5ff-0df023b05402", "gm_gmw_monitoringtube_fk": 39080, "bro_id": "GAR000000035023", "delivery_accountable_party": "30276683", "quality_regime": "IMBRO/A", "object_registration_time": "2023-01-13T21:24:11+01:00", "latest_addition_time": null, "registration_completion_time": "2023-01-13T21:24:11+01:00", "latest_correction_time": "2026-02-20T15:37:38+01:00", "under_review_time": null, "sampling_date_time": "1987-09-17T13:00:00+02:00", "imbro_xml_url": "https://publiek.broservices.nl/gm/gar/v1/objects/GAR000000035023"}, "geometry": {"type": "Point", "coordinates": [5.220059644, 52.135058142]}, "id": "4c0a14ee-89e7-5b2c-8d7b-fcb84f438419"}, {"type": "Feature", "properties": {"gm_gar_pk": 34706, "gm_gmw_monitoringtube.href": "https://api.pdok.nl/tno/bro-grondwatermonitoring-in-samenhang-karakteristieken/ogc/v1/collections/gm_gmw_monitoringtube/items/668610ef-4cc5-5862-b5ff-0df023b05402", "gm_gmw_monitoringtube_fk": 39080, "bro_id": "GAR000000035027", "delivery_accountable_party": "30276683", "quality_regime": "IMBRO/A", "object_registration_time": "2023-01-13T21:24:27+01:00", "latest_addition_time": null, "registration_completion_time": "2023-01-13T21:24:27+01:00", "latest_correction_time": "2026-02-20T15:37:39+01:00", "under_review_time": null, "sampling_date_time": "1988-08-11T13:00:00+02:00", "imbro_xml_url": "https://publiek.broservices.nl/gm/gar/v1/objects/GAR000000035027"}, "geometry": {"type": "Point", "coordinates": [5.220059644, 52.135058142]}, "id": "7c9ef558-84c8-5a2c-b4b8-d916a7e81fbe"}, {"type": "Feature", "properties": {"gm_gar_pk": 34707, "gm_gmw_monitoringtube.href": "https://api.pdok.nl/tno/bro-grondwatermonitoring-in-samenhang-karakteristieken/ogc/v1/collections/gm_gmw_monitoringtube/items/668610ef-4cc5-5862-b5ff-0df023b05402", "gm_gmw_monitoringtube_fk": 39080, "bro_id": "GAR000000035028", "delivery_accountable_party": "30276683", "quality_regime": "IMBRO/A", "object_registration_time": "2023-01-13T21:24:31+01:00", "latest_addition_time": null, "registration_completion_time": "2023-01-13T21:24:31+01:00", "latest_correction_time": "2026-02-20T14:46:32+01:00", "under_review_time": null, "sampling_date_time": "1990-08-27T13:00:00+02:00", "imbro_xml_url": "https://publiek.broservices.nl/gm/gar/v1/objects/GAR000000035028"}, "geometry": {"type": "Point", "coordinates": [5.220059644, 52.135058142]}, "id": "f3d07fd1-21fe-5b8d-8ddf-a3c5d8ea9cc2"}, {"type": "Feature", "properties": {"gm_gar_pk": 34708, "gm_gmw_monitoringtube.href": "https://api.pdok.nl/tno/bro-grondwatermonitoring-in-samenhang-karakteristieken/ogc/v1/collections/gm_gmw_monitoringtube/items/668610ef-4cc5-5862-b5ff-0df023b05402", "gm_gmw_monitoringtube_fk": 39080, "bro_id": "GAR000000035029", "delivery_accountable_party": "30276683", "quality_regime": "IMBRO/A", "object_registration_time": "2023-01-13T21:24:35+01:00", "latest_addition_time": null, "registration_completion_time": "2023-01-13T21:24:35+01:00", "latest_correction_time": "2026-02-20T14:32:58+01:00", "under_review_time": null, "sampling_date_time": "1991-09-20T13:00:00+02:00", "imbro_xml_url": "https://publiek.broservices.nl/gm/gar/v1/objects/GAR000000035029"}, "geometry": {"type": "Point", "coordinates": [5.220059644, 52.135058142]}, "id": "8c9a8a21-679e-5416-a422-491429c48315"}, {"type": "Feature", "properties": {"gm_gar_pk": 34711, "gm_gmw_monitoringtube.href": "https://api.pdok.nl/tno/bro-grondwatermonitoring-in-samenhang-karakteristieken/ogc/v1/collections/gm_gmw_monitoringtube/items/668610ef-4cc5-5862-b5ff-0df023b05402", "gm_gmw_monitoringtube_fk": 39080, "bro_id": "GAR000000035032", "delivery_accountable_party": "30276683", "quality_regime": "IMBRO/A", "object_registration_time": "2023-01-13T21:24:47+01:00", "latest_addition_time": null, "registration_completion_time": "2023-01-13T21:24:47+01:00", "latest_correction_time": "2026-02-20T15:37:41+01:00", "under_review_time": null, "sampling_date_time": "1989-10-09T12:00:00+01:00", "imbro_xml_url": "https://publiek.broservices.nl/gm/gar/v1/objects/GAR000000035032"}, "geometry": {"type": "Point", "coordinates": [5.220059644, 52.135058142]}, "id": "6146ca8c-64df-5174-8821-f353541a238b"}, {"type": "Feature", "properties": {"gm_gar_pk": 34716, "gm_gmw_monitoringtube.href": "https://api.pdok.nl/tno/bro-grondwatermonitoring-in-samenhang-karakteristieken/ogc/v1/collections/gm_gmw_monitoringtube/items/668610ef-4cc5-5862-b5ff-0df023b05402", "gm_gmw_monitoringtube_fk": 39080, "bro_id": "GAR000000035037", "delivery_accountable_party": "30276683", "quality_regime": "IMBRO/A", "object_registration_time": "2023-01-13T21:25:06+01:00", "latest_addition_time": null, "registration_completion_time": "2023-01-13T21:25:06+01:00", "latest_correction_time": "2026-02-20T15:39:09+01:00", "under_review_time": null, "sampling_date_time": "1992-06-19T13:00:00+02:00", "imbro_xml_url": "https://publiek.broservices.nl/gm/gar/v1/objects/GAR000000035037"}, "geometry": {"type": "Point", "coordinates": [5.220059644, 52.135058142]}, "id": "fb262cbf-3d55-51ca-8083-8125fcca3c5b"}, {"type": "Feature", "properties": {"gm_gar_pk": 34721, "gm_gmw_monitoringtube.href": "https://api.pdok.nl/tno/bro-grondwatermonitoring-in-samenhang-karakteristieken/ogc/v1/collections/gm_gmw_monitoringtube/items/668610ef-4cc5-5862-b5ff-0df023b05402", "gm_gmw_monitoringtube_fk": 39080, "bro_id": "GAR000000035042", "delivery_accountable_party": "30276683", "quality_regime": "IMBRO/A", "object_registration_time": "2023-01-13T21:25:27+01:00", "latest_addition_time": null, "registration_completion_time": "2023-01-13T21:25:27+01:00", "latest_correction_time": "2026-02-20T14:33:12+01:00", "under_review_time": null, "sampling_date_time": "1993-06-17T13:00:00+02:00", "imbro_xml_url": "https://publiek.broservices.nl/gm/gar/v1/objects/GAR000000035042"}, "geometry": {"type": "Point", "coordinates": [5.220059644, 52.135058142]}, "id": "51d25f45-35f7-59b4-9029-62bf4ea4f0a8"}, {"type": "Feature", "properties": {"gm_gar_pk": 34722, "gm_gmw_monitoringtube.href": "https://api.pdok.nl/tno/bro-grondwatermonitoring-in-samenhang-karakteristieken/ogc/v1/collections/gm_gmw_monitoringtube/items/668610ef-4cc5-5862-b5ff-0df023b05402", "gm_gmw_monitoringtube_fk": 39080, "bro_id": "GAR000000035043", "delivery_accountable_party": "30276683", "quality_regime": "IMBRO/A", "object_registration_time": "2023-01-13T21:25:32+01:00", "latest_addition_time": null, "registration_completion_time": "2023-01-13T21:25:32+01:00", "latest_correction_time": "2026-02-20T14:33:18+01:00", "under_review_time": null, "sampling_date_time": "1994-04-27T13:00:00+02:00", "imbro_xml_url": "https://publiek.broservices.nl/gm/gar/v1/objects/GAR000000035043"}, "geometry": {"type": "Point", "coordinates": [5.220059644, 52.135058142]}, "id": "4976f8ac-783f-5158-aa12-7d27ecf8ddcf"}, {"type": "Feature", "properties": {"gm_gar_pk": 34723, "gm_gmw_monitoringtube.href": "https://api.pdok.nl/tno/bro-grondwatermonitoring-in-samenhang-karakteristieken/ogc/v1/collections/gm_gmw_monitoringtube/items/668610ef-4cc5-5862-b5ff-0df023b05402", "gm_gmw_monitoringtube_fk": 39080, "bro_id": "GAR000000035044", "delivery_accountable_party": "30276683", "quality_regime": "IMBRO/A", "object_registration_time": "2023-01-13T21:25:36+01:00", "latest_addition_time": null, "registration_completion_time": "2023-01-13T21:25:36+01:00", "latest_correction_time": "2026-02-20T15:38:36+01:00", "under_review_time": null, "sampling_date_time": "1995-04-24T13:00:00+02:00", "imbro_xml_url": "https://publiek.broservices.nl/gm/gar/v1/objects/GAR000000035044"}, "geometry": {"type": "Point", "coordinates": [5.220059644, 52.135058142]}, "id": "31792189-8026-57a5-9ac9-f13ba9a058bc"}, {"type": "Feature", "properties": {"gm_gar_pk": 34727, "gm_gmw_monitoringtube.href": "https://api.pdok.nl/tno/bro-grondwatermonitoring-in-samenhang-karakteristieken/ogc/v1/collections/gm_gmw_monitoringtube/items/668610ef-4cc5-5862-b5ff-0df023b05402", "gm_gmw_monitoringtube_fk": 39080, "bro_id": "GAR000000035048", "delivery_accountable_party": "30276683", "quality_regime": "IMBRO/A", "object_registration_time": "2023-01-13T21:25:51+01:00", "latest_addition_time": null, "registration_completion_time": "2023-01-13T21:25:51+01:00", "latest_correction_time": "2026-02-20T15:10:21+01:00", "under_review_time": null, "sampling_date_time": "1996-04-19T13:00:00+02:00", "imbro_xml_url": "https://publiek.broservices.nl/gm/gar/v1/objects/GAR000000035048"}, "geometry": {"type": "Point", "coordinates": [5.220059644, 52.135058142]}, "id": "bb17ce3e-252c-5029-af7d-e6ba2022a49b"}, {"type": "Feature", "properties": {"gm_gar_pk": 34728, "gm_gmw_monitoringtube.href": "https://api.pdok.nl/tno/bro-grondwatermonitoring-in-samenhang-karakteristieken/ogc/v1/collections/gm_gmw_monitoringtube/items/668610ef-4cc5-5862-b5ff-0df023b05402", "gm_gmw_monitoringtube_fk": 39080, "bro_id": "GAR000000035049", "delivery_accountable_party": "30276683", "quality_regime": "IMBRO/A", "object_registration_time": "2023-01-13T21:25:54+01:00", "latest_addition_time": null, "registration_completion_time": "2023-01-13T21:25:54+01:00", "latest_correction_time": null, "under_review_time": null, "sampling_date_time": "1997-08-15T13:00:00+02:00", "imbro_xml_url": "https://publiek.broservices.nl/gm/gar/v1/objects/GAR000000035049"}, "geometry": {"type": "Point", "coordinates": [5.220059644, 52.135058142]}, "id": "63bb4773-e9b8-578d-b344-edbdbdec230a"}, {"type": "Feature", "properties": {"gm_gar_pk": 34729, "gm_gmw_monitoringtube.href": "https://api.pdok.nl/tno/bro-grondwatermonitoring-in-samenhang-karakteristieken/ogc/v1/collections/gm_gmw_monitoringtube/items/668610ef-4cc5-5862-b5ff-0df023b05402", "gm_gmw_monitoringtube_fk": 39080, "bro_id": "GAR000000035050", "delivery_accountable_party": "30276683", "quality_regime": "IMBRO/A", "object_registration_time": "2023-01-13T21:25:58+01:00", "latest_addition_time": null, "registration_completion_time": "2023-01-13T21:25:58+01:00", "latest_correction_time": null, "under_review_time": null, "sampling_date_time": "2001-08-29T13:00:00+02:00", "imbro_xml_url": "https://publiek.broservices.nl/gm/gar/v1/objects/GAR000000035050"}, "geometry": {"type": "Point", "coordinates": [5.220059644, 52.135058142]}, "id": "e0f9d953-0c1c-5a77-852c-be4237bc7c3d"}, {"type": "Feature", "properties": {"gm_gar_pk": 34732, "gm_gmw_monitoringtube.href": "https://api.pdok.nl/tno/bro-grondwatermonitoring-in-samenhang-karakteristieken/ogc/v1/collections/gm_gmw_monitoringtube/items/668610ef-4cc5-5862-b5ff-0df023b05402", "gm_gmw_monitoringtube_fk": 39080, "bro_id": "GAR000000035053", "delivery_accountable_party": "30276683", "quality_regime": "IMBRO/A", "object_registration_time": "2023-01-13T21:26:10+01:00", "latest_addition_time": null, "registration_completion_time": "2023-01-13T21:26:10+01:00", "latest_correction_time": null, "under_review_time": null, "sampling_date_time": "1998-06-02T13:00:00+02:00", "imbro_xml_url": "https://publiek.broservices.nl/gm/gar/v1/objects/GAR000000035053"}, "geometry": {"type": "Point", "coordinates": [5.220059644, 52.135058142]}, "id": "82b6a02e-6eb3-5b15-82bc-64be4124c015"}, {"type": "Feature", "properties": {"gm_gar_pk": 34733, "gm_gmw_monitoringtube.href": "https://api.pdok.nl/tno/bro-grondwatermonitoring-in-samenhang-karakteristieken/ogc/v1/collections/gm_gmw_monitoringtube/items/668610ef-4cc5-5862-b5ff-0df023b05402", "gm_gmw_monitoringtube_fk": 39080, "bro_id": "GAR000000035054", "delivery_accountable_party": "30276683", "quality_regime": "IMBRO/A", "object_registration_time": "2023-01-13T21:26:13+01:00", "latest_addition_time": null, "registration_completion_time": "2023-01-13T21:26:13+01:00", "latest_correction_time": null, "under_review_time": null, "sampling_date_time": "1999-06-11T13:00:00+02:00", "imbro_xml_url": "https://publiek.broservices.nl/gm/gar/v1/objects/GAR000000035054"}, "geometry": {"type": "Point", "coordinates": [5.220059644, 52.135058142]}, "id": "ab681e61-c67e-5c69-87cd-0b66f7e3967d"}, {"type": "Feature", "properties": {"gm_gar_pk": 34734, "gm_gmw_monitoringtube.href": "https://api.pdok.nl/tno/bro-grondwatermonitoring-in-samenhang-karakteristieken/ogc/v1/collections/gm_gmw_monitoringtube/items/668610ef-4cc5-5862-b5ff-0df023b05402", "gm_gmw_monitoringtube_fk": 39080, "bro_id": "GAR000000035055", "delivery_accountable_party": "30276683", "quality_regime": "IMBRO/A", "object_registration_time": "2023-01-13T21:26:17+01:00", "latest_addition_time": null, "registration_completion_time": "2023-01-13T21:26:17+01:00", "latest_correction_time": "2026-02-20T14:43:11+01:00", "under_review_time": null, "sampling_date_time": "2012-06-19T13:00:00+02:00", "imbro_xml_url": "https://publiek.broservices.nl/gm/gar/v1/objects/GAR000000035055"}, "geometry": {"type": "Point", "coordinates": [5.220059644, 52.135058142]}, "id": "c13d84fe-9356-5ade-afdb-e36929a7657f"}, {"type": "Feature", "properties": {"gm_gar_pk": 34736, "gm_gmw_monitoringtube.href": "https://api.pdok.nl/tno/bro-grondwatermonitoring-in-samenhang-karakteristieken/ogc/v1/collections/gm_gmw_monitoringtube/items/0f85d2d2-f017-5e46-9490-a418996c9848", "gm_gmw_monitoringtube_fk": 39078, "bro_id": "GAR000000035057", "delivery_accountable_party": "30276683", "quality_regime": "IMBRO/A", "object_registration_time": "2023-01-13T21:26:25+01:00", "latest_addition_time": null, "registration_completion_time": "2023-01-13T21:26:25+01:00", "latest_correction_time": null, "under_review_time": null, "sampling_date_time": "1982-03-10T12:00:00+01:00", "imbro_xml_url": "https://publiek.broservices.nl/gm/gar/v1/objects/GAR000000035057"}, "geometry": {"type": "Point", "coordinates": [5.220059644, 52.135058142]}, "id": "533c9ea6-beaf-571c-af8f-759082d213e3"}, {"type": "Feature", "properties": {"gm_gar_pk": 34737, "gm_gmw_monitoringtube.href": "https://api.pdok.nl/tno/bro-grondwatermonitoring-in-samenhang-karakteristieken/ogc/v1/collections/gm_gmw_monitoringtube/items/668610ef-4cc5-5862-b5ff-0df023b05402", "gm_gmw_monitoringtube_fk": 39080, "bro_id": "GAR000000035058", "delivery_accountable_party": "30276683", "quality_regime": "IMBRO/A", "object_registration_time": "2023-01-13T21:26:29+01:00", "latest_addition_time": null, "registration_completion_time": "2023-01-13T21:26:29+01:00", "latest_correction_time": "2026-02-20T14:33:27+01:00", "under_review_time": null, "sampling_date_time": "2000-07-11T13:00:00+02:00", "imbro_xml_url": "https://publiek.broservices.nl/gm/gar/v1/objects/GAR000000035058"}, "geometry": {"type": "Point", "coordinates": [5.220059644, 52.135058142]}, "id": "f3421f8f-56f5-5411-a103-9eee16405a2d"}, {"type": "Feature", "properties": {"gm_gar_pk": 34741, "gm_gmw_monitoringtube.href": "https://api.pdok.nl/tno/bro-grondwatermonitoring-in-samenhang-karakteristieken/ogc/v1/collections/gm_gmw_monitoringtube/items/668610ef-4cc5-5862-b5ff-0df023b05402", "gm_gmw_monitoringtube_fk": 39080, "bro_id": "GAR000000035062", "delivery_accountable_party": "30276683", "quality_regime": "IMBRO/A", "object_registration_time": "2023-01-13T21:26:45+01:00", "latest_addition_time": null, "registration_completion_time": "2023-01-13T21:26:45+01:00", "latest_correction_time": "2026-02-20T15:37:47+01:00", "under_review_time": null, "sampling_date_time": "2004-06-16T13:00:00+02:00", "imbro_xml_url": "https://publiek.broservices.nl/gm/gar/v1/objects/GAR000000035062"}, "geometry": {"type": "Point", "coordinates": [5.220059644, 52.135058142]}, "id": "7c41b4b1-bc7d-520c-99b5-f2932b1307f3"}, {"type": "Feature", "properties": {"gm_gar_pk": 34744, "gm_gmw_monitoringtube.href": "https://api.pdok.nl/tno/bro-grondwatermonitoring-in-samenhang-karakteristieken/ogc/v1/collections/gm_gmw_monitoringtube/items/0f85d2d2-f017-5e46-9490-a418996c9848", "gm_gmw_monitoringtube_fk": 39078, "bro_id": "GAR000000035065", "delivery_accountable_party": "30276683", "quality_regime": "IMBRO/A", "object_registration_time": "2023-01-13T21:26:56+01:00", "latest_addition_time": null, "registration_completion_time": "2023-01-13T21:26:56+01:00", "latest_correction_time": "2026-02-20T15:34:05+01:00", "under_review_time": null, "sampling_date_time": "1982-03-12T12:00:00+01:00", "imbro_xml_url": "https://publiek.broservices.nl/gm/gar/v1/objects/GAR000000035065"}, "geometry": {"type": "Point", "coordinates": [5.220059644, 52.135058142]}, "id": "3228594d-481d-532e-acfc-a1b99b02181e"}, {"type": "Feature", "properties": {"gm_gar_pk": 34745, "gm_gmw_monitoringtube.href": "https://api.pdok.nl/tno/bro-grondwatermonitoring-in-samenhang-karakteristieken/ogc/v1/collections/gm_gmw_monitoringtube/items/0f85d2d2-f017-5e46-9490-a418996c9848", "gm_gmw_monitoringtube_fk": 39078, "bro_id": "GAR000000035066", "delivery_accountable_party": "30276683", "quality_regime": "IMBRO/A", "object_registration_time": "2023-01-13T21:26:59+01:00", "latest_addition_time": null, "registration_completion_time": "2023-01-13T21:26:59+01:00", "latest_correction_time": "2026-02-20T15:34:06+01:00", "under_review_time": null, "sampling_date_time": "1983-06-14T13:00:00+02:00", "imbro_xml_url": "https://publiek.broservices.nl/gm/gar/v1/objects/GAR000000035066"}, "geometry": {"type": "Point", "coordinates": [5.220059644, 52.135058142]}, "id": "6fa8acda-d1f0-5494-a965-148e4d782988"}, {"type": "Feature", "properties": {"gm_gar_pk": 34746, "gm_gmw_monitoringtube.href": "https://api.pdok.nl/tno/bro-grondwatermonitoring-in-samenhang-karakteristieken/ogc/v1/collections/gm_gmw_monitoringtube/items/668610ef-4cc5-5862-b5ff-0df023b05402", "gm_gmw_monitoringtube_fk": 39080, "bro_id": "GAR000000035067", "delivery_accountable_party": "30276683", "quality_regime": "IMBRO/A", "object_registration_time": "2023-01-13T21:27:03+01:00", "latest_addition_time": null, "registration_completion_time": "2023-01-13T21:27:03+01:00", "latest_correction_time": "2026-02-20T14:40:54+01:00", "under_review_time": null, "sampling_date_time": "2016-09-12T13:00:00+02:00", "imbro_xml_url": "https://publiek.broservices.nl/gm/gar/v1/objects/GAR000000035067"}, "geometry": {"type": "Point", "coordinates": [5.220059644, 52.135058142]}, "id": "6c5b754f-0d0c-55a2-9fbf-e31c982a203f"}, {"type": "Feature", "properties": {"gm_gar_pk": 34748, "gm_gmw_monitoringtube.href": "https://api.pdok.nl/tno/bro-grondwatermonitoring-in-samenhang-karakteristieken/ogc/v1/collections/gm_gmw_monitoringtube/items/0f85d2d2-f017-5e46-9490-a418996c9848", "gm_gmw_monitoringtube_fk": 39078, "bro_id": "GAR000000035069", "delivery_accountable_party": "30276683", "quality_regime": "IMBRO/A", "object_registration_time": "2023-01-13T21:27:11+01:00", "latest_addition_time": null, "registration_completion_time": "2023-01-13T21:27:11+01:00", "latest_correction_time": "2026-02-20T15:38:25+01:00", "under_review_time": null, "sampling_date_time": "1984-07-18T13:00:00+02:00", "imbro_xml_url": "https://publiek.broservices.nl/gm/gar/v1/objects/GAR000000035069"}, "geometry": {"type": "Point", "coordinates": [5.220059644, 52.135058142]}, "id": "9198ab06-a5c2-514e-a267-53b8a97b260e"}, {"type": "Feature", "properties": {"gm_gar_pk": 34749, "gm_gmw_monitoringtube.href": "https://api.pdok.nl/tno/bro-grondwatermonitoring-in-samenhang-karakteristieken/ogc/v1/collections/gm_gmw_monitoringtube/items/668610ef-4cc5-5862-b5ff-0df023b05402", "gm_gmw_monitoringtube_fk": 39080, "bro_id": "GAR000000035070", "delivery_accountable_party": "30276683", "quality_regime": "IMBRO/A", "object_registration_time": "2023-01-13T21:27:15+01:00", "latest_addition_time": null, "registration_completion_time": "2023-01-13T21:27:15+01:00", "latest_correction_time": "2026-02-20T14:41:01+01:00", "under_review_time": null, "sampling_date_time": "2020-07-27T13:00:00+02:00", "imbro_xml_url": "https://publiek.broservices.nl/gm/gar/v1/objects/GAR000000035070"}, "geometry": {"type": "Point", "coordinates": [5.220059644, 52.135058142]}, "id": "be5e54fb-e4dd-587f-9abb-1145c0d22601"}, {"type": "Feature", "properties": {"gm_gar_pk": 34751, "gm_gmw_monitoringtube.href": "https://api.pdok.nl/tno/bro-grondwatermonitoring-in-samenhang-karakteristieken/ogc/v1/collections/gm_gmw_monitoringtube/items/0f85d2d2-f017-5e46-9490-a418996c9848", "gm_gmw_monitoringtube_fk": 39078, "bro_id": "GAR000000035072", "delivery_accountable_party": "30276683", "quality_regime": "IMBRO/A", "object_registration_time": "2023-01-13T21:27:22+01:00", "latest_addition_time": null, "registration_completion_time": "2023-01-13T21:27:22+01:00", "latest_correction_time": "2026-02-20T15:37:32+01:00", "under_review_time": null, "sampling_date_time": "1986-09-05T13:00:00+02:00", "imbro_xml_url": "https://publiek.broservices.nl/gm/gar/v1/objects/GAR000000035072"}, "geometry": {"type": "Point", "coordinates": [5.220059644, 52.135058142]}, "id": "9707a982-ad7a-55c7-bec4-62e44727f64d"}, {"type": "Feature", "properties": {"gm_gar_pk": 34758, "gm_gmw_monitoringtube.href": "https://api.pdok.nl/tno/bro-grondwatermonitoring-in-samenhang-karakteristieken/ogc/v1/collections/gm_gmw_monitoringtube/items/0f85d2d2-f017-5e46-9490-a418996c9848", "gm_gmw_monitoringtube_fk": 39078, "bro_id": "GAR000000035079", "delivery_accountable_party": "30276683", "quality_regime": "IMBRO/A", "object_registration_time": "2023-01-13T21:27:50+01:00", "latest_addition_time": null, "registration_completion_time": "2023-01-13T21:27:50+01:00", "latest_correction_time": "2026-02-20T15:37:31+01:00", "under_review_time": null, "sampling_date_time": "1985-08-28T13:00:00+02:00", "imbro_xml_url": "https://publiek.broservices.nl/gm/gar/v1/objects/GAR000000035079"}, "geometry": {"type": "Point", "coordinates": [5.220059644, 52.135058142]}, "id": "2e011a7a-afd4-5c23-8a28-a54fbb4f058b"}, {"type": "Feature", "properties": {"gm_gar_pk": 34759, "gm_gmw_monitoringtube.href": "https://api.pdok.nl/tno/bro-grondwatermonitoring-in-samenhang-karakteristieken/ogc/v1/collections/gm_gmw_monitoringtube/items/0f85d2d2-f017-5e46-9490-a418996c9848", "gm_gmw_monitoringtube_fk": 39078, "bro_id": "GAR000000035080", "delivery_accountable_party": "30276683", "quality_regime": "IMBRO/A", "object_registration_time": "2023-01-13T21:27:53+01:00", "latest_addition_time": null, "registration_completion_time": "2023-01-13T21:27:53+01:00", "latest_correction_time": "2026-02-20T15:37:33+01:00", "under_review_time": null, "sampling_date_time": "1987-09-17T13:00:00+02:00", "imbro_xml_url": "https://publiek.broservices.nl/gm/gar/v1/objects/GAR000000035080"}, "geometry": {"type": "Point", "coordinates": [5.220059644, 52.135058142]}, "id": "d76752af-edc8-5798-85ad-0ff65ade6e1b"}, {"type": "Feature", "properties": {"gm_gar_pk": 34760, "gm_gmw_monitoringtube.href": "https://api.pdok.nl/tno/bro-grondwatermonitoring-in-samenhang-karakteristieken/ogc/v1/collections/gm_gmw_monitoringtube/items/0f85d2d2-f017-5e46-9490-a418996c9848", "gm_gmw_monitoringtube_fk": 39078, "bro_id": "GAR000000035081", "delivery_accountable_party": "30276683", "quality_regime": "IMBRO/A", "object_registration_time": "2023-01-13T21:28:10+01:00", "latest_addition_time": null, "registration_completion_time": "2023-01-13T21:28:10+01:00", "latest_correction_time": "2026-02-20T15:38:26+01:00", "under_review_time": null, "sampling_date_time": "1989-10-09T12:00:00+01:00", "imbro_xml_url": "https://publiek.broservices.nl/gm/gar/v1/objects/GAR000000035081"}, "geometry": {"type": "Point", "coordinates": [5.220059644, 52.135058142]}, "id": "0e962231-e68a-51c4-b9e8-73d718855f92"}, {"type": "Feature", "properties": {"gm_gar_pk": 34761, "gm_gmw_monitoringtube.href": "https://api.pdok.nl/tno/bro-grondwatermonitoring-in-samenhang-karakteristieken/ogc/v1/collections/gm_gmw_monitoringtube/items/0f85d2d2-f017-5e46-9490-a418996c9848", "gm_gmw_monitoringtube_fk": 39078, "bro_id": "GAR000000035082", "delivery_accountable_party": "30276683", "quality_regime": "IMBRO/A", "object_registration_time": "2023-01-13T21:28:14+01:00", "latest_addition_time": null, "registration_completion_time": "2023-01-13T21:28:14+01:00", "latest_correction_time": "2026-02-20T15:38:27+01:00", "under_review_time": null, "sampling_date_time": "1990-08-27T13:00:00+02:00", "imbro_xml_url": "https://publiek.broservices.nl/gm/gar/v1/objects/GAR000000035082"}, "geometry": {"type": "Point", "coordinates": [5.220059644, 52.135058142]}, "id": "a0449a11-1eaa-59e1-bb6e-7db1685816b6"}, {"type": "Feature", "properties": {"gm_gar_pk": 35332, "gm_gmw_monitoringtube.href": "https://api.pdok.nl/tno/bro-grondwatermonitoring-in-samenhang-karakteristieken/ogc/v1/collections/gm_gmw_monitoringtube/items/297bbd2e-9aef-50cf-bded-5fa39f9fac29", "gm_gmw_monitoringtube_fk": 39325, "bro_id": "GAR000000035653", "delivery_accountable_party": "30276683", "quality_regime": "IMBRO/A", "object_registration_time": "2023-01-13T22:03:38+01:00", "latest_addition_time": null, "registration_completion_time": "2023-01-13T22:03:38+01:00", "latest_correction_time": "2026-02-20T15:03:10+01:00", "under_review_time": null, "sampling_date_time": "2004-06-09T13:00:00+02:00", "imbro_xml_url": "https://publiek.broservices.nl/gm/gar/v1/objects/GAR000000035653"}, "geometry": {"type": "Point", "coordinates": [5.140667605, 52.134344122]}, "id": "b8f06160-5e5d-5314-8c04-a1a438a21afd"}, {"type": "Feature", "properties": {"gm_gar_pk": 35333, "gm_gmw_monitoringtube.href": "https://api.pdok.nl/tno/bro-grondwatermonitoring-in-samenhang-karakteristieken/ogc/v1/collections/gm_gmw_monitoringtube/items/297bbd2e-9aef-50cf-bded-5fa39f9fac29", "gm_gmw_monitoringtube_fk": 39325, "bro_id": "GAR000000035654", "delivery_accountable_party": "30276683", "quality_regime": "IMBRO/A", "object_registration_time": "2023-01-13T22:03:41+01:00", "latest_addition_time": null, "registration_completion_time": "2023-01-13T22:03:41+01:00", "latest_correction_time": "2026-02-20T15:28:26+01:00", "under_review_time": null, "sampling_date_time": "2020-08-17T13:00:00+02:00", "imbro_xml_url": "https://publiek.broservices.nl/gm/gar/v1/objects/GAR000000035654"}, "geometry": {"type": "Point", "coordinates": [5.140667605, 52.134344122]}, "id": "564fe761-5d32-5cf0-9144-1d6d91bdda37"}, {"type": "Feature", "properties": {"gm_gar_pk": 35341, "gm_gmw_monitoringtube.href": "https://api.pdok.nl/tno/bro-grondwatermonitoring-in-samenhang-karakteristieken/ogc/v1/collections/gm_gmw_monitoringtube/items/297bbd2e-9aef-50cf-bded-5fa39f9fac29", "gm_gmw_monitoringtube_fk": 39325, "bro_id": "GAR000000035662", "delivery_accountable_party": "30276683", "quality_regime": "IMBRO/A", "object_registration_time": "2023-01-13T22:04:16+01:00", "latest_addition_time": null, "registration_completion_time": "2023-01-13T22:04:16+01:00", "latest_correction_time": "2026-02-20T15:03:21+01:00", "under_review_time": null, "sampling_date_time": "2008-09-11T13:00:00+02:00", "imbro_xml_url": "https://publiek.broservices.nl/gm/gar/v1/objects/GAR000000035662"}, "geometry": {"type": "Point", "coordinates": [5.140667605, 52.134344122]}, "id": "86746de0-54e0-5ffd-83c9-ae792f075747"}, {"type": "Feature", "properties": {"gm_gar_pk": 35601, "gm_gmw_monitoringtube.href": "https://api.pdok.nl/tno/bro-grondwatermonitoring-in-samenhang-karakteristieken/ogc/v1/collections/gm_gmw_monitoringtube/items/e9b285b6-5465-5831-8878-00c886c0abbd", "gm_gmw_monitoringtube_fk": 39640, "bro_id": "GAR000000035922", "delivery_accountable_party": "30276683", "quality_regime": "IMBRO/A", "object_registration_time": "2023-01-13T22:18:28+01:00", "latest_addition_time": null, "registration_completion_time": "2023-01-13T22:18:28+01:00", "latest_correction_time": null, "under_review_time": null, "sampling_date_time": "1991-07-03T13:00:00+02:00", "imbro_xml_url": "https://publiek.broservices.nl/gm/gar/v1/objects/GAR000000035922"}, "geometry": {"type": "Point", "coordinates": [5.03223015, 52.14093228]}, "id": "bea00e20-1c6f-50fe-ab59-79ad3467d435"}, {"type": "Feature", "properties": {"gm_gar_pk": 35606, "gm_gmw_monitoringtube.href": "https://api.pdok.nl/tno/bro-grondwatermonitoring-in-samenhang-karakteristieken/ogc/v1/collections/gm_gmw_monitoringtube/items/e9b285b6-5465-5831-8878-00c886c0abbd", "gm_gmw_monitoringtube_fk": 39640, "bro_id": "GAR000000035927", "delivery_accountable_party": "30276683", "quality_regime": "IMBRO/A", "object_registration_time": "2023-01-13T22:18:42+01:00", "latest_addition_time": null, "registration_completion_time": "2023-01-13T22:18:42+01:00", "latest_correction_time": null, "under_review_time": null, "sampling_date_time": "1992-06-22T13:00:00+02:00", "imbro_xml_url": "https://publiek.broservices.nl/gm/gar/v1/objects/GAR000000035927"}, "geometry": {"type": "Point", "coordinates": [5.03223015, 52.14093228]}, "id": "ecf5200e-86ce-5ad9-9377-da743e7a2787"}, {"type": "Feature", "properties": {"gm_gar_pk": 35609, "gm_gmw_monitoringtube.href": "https://api.pdok.nl/tno/bro-grondwatermonitoring-in-samenhang-karakteristieken/ogc/v1/collections/gm_gmw_monitoringtube/items/e9b285b6-5465-5831-8878-00c886c0abbd", "gm_gmw_monitoringtube_fk": 39640, "bro_id": "GAR000000035930", "delivery_accountable_party": "30276683", "quality_regime": "IMBRO/A", "object_registration_time": "2023-01-13T22:18:51+01:00", "latest_addition_time": null, "registration_completion_time": "2023-01-13T22:18:51+01:00", "latest_correction_time": null, "under_review_time": null, "sampling_date_time": "1994-04-26T13:00:00+02:00", "imbro_xml_url": "https://publiek.broservices.nl/gm/gar/v1/objects/GAR000000035930"}, "geometry": {"type": "Point", "coordinates": [5.03223015, 52.14093228]}, "id": "42394104-af84-52ac-88d0-903e12ebf70c"}, {"type": "Feature", "properties": {"gm_gar_pk": 35615, "gm_gmw_monitoringtube.href": "https://api.pdok.nl/tno/bro-grondwatermonitoring-in-samenhang-karakteristieken/ogc/v1/collections/gm_gmw_monitoringtube/items/01f59b0b-1e09-5f5a-a9c6-6f7864573b50", "gm_gmw_monitoringtube_fk": 39323, "bro_id": "GAR000000035936", "delivery_accountable_party": "30276683", "quality_regime": "IMBRO/A", "object_registration_time": "2023-01-13T22:19:08+01:00", "latest_addition_time": null, "registration_completion_time": "2023-01-13T22:19:08+01:00", "latest_correction_time": "2026-02-20T15:02:48+01:00", "under_review_time": null, "sampling_date_time": "2004-06-09T13:00:00+02:00", "imbro_xml_url": "https://publiek.broservices.nl/gm/gar/v1/objects/GAR000000035936"}, "geometry": {"type": "Point", "coordinates": [5.140667605, 52.134344122]}, "id": "f0ca6a28-8052-5b08-900e-9f60e9a59fd4"}, {"type": "Feature", "properties": {"gm_gar_pk": 35619, "gm_gmw_monitoringtube.href": "https://api.pdok.nl/tno/bro-grondwatermonitoring-in-samenhang-karakteristieken/ogc/v1/collections/gm_gmw_monitoringtube/items/01f59b0b-1e09-5f5a-a9c6-6f7864573b50", "gm_gmw_monitoringtube_fk": 39323, "bro_id": "GAR000000035940", "delivery_accountable_party": "30276683", "quality_regime": "IMBRO/A", "object_registration_time": "2023-01-13T22:19:20+01:00", "latest_addition_time": null, "registration_completion_time": "2023-01-13T22:19:20+01:00", "latest_correction_time": "2026-02-20T15:02:55+01:00", "under_review_time": null, "sampling_date_time": "2005-04-28T13:00:00+02:00", "imbro_xml_url": "https://publiek.broservices.nl/gm/gar/v1/objects/GAR000000035940"}, "geometry": {"type": "Point", "coordinates": [5.140667605, 52.134344122]}, "id": "85dca617-49cf-53d1-b952-311adc5dd0d4"}, {"type": "Feature", "properties": {"gm_gar_pk": 35625, "gm_gmw_monitoringtube.href": "https://api.pdok.nl/tno/bro-grondwatermonitoring-in-samenhang-karakteristieken/ogc/v1/collections/gm_gmw_monitoringtube/items/01f59b0b-1e09-5f5a-a9c6-6f7864573b50", "gm_gmw_monitoringtube_fk": 39323, "bro_id": "GAR000000035946", "delivery_accountable_party": "30276683", "quality_regime": "IMBRO/A", "object_registration_time": "2023-01-13T22:19:50+01:00", "latest_addition_time": null, "registration_completion_time": "2023-01-13T22:19:50+01:00", "latest_correction_time": "2026-02-20T15:03:01+01:00", "under_review_time": null, "sampling_date_time": "2006-05-31T13:00:00+02:00", "imbro_xml_url": "https://publiek.broservices.nl/gm/gar/v1/objects/GAR000000035946"}, "geometry": {"type": "Point", "coordinates": [5.140667605, 52.134344122]}, "id": "35486ea1-992b-53a8-95a2-5af12a063726"}, {"type": "Feature", "properties": {"gm_gar_pk": 35632, "gm_gmw_monitoringtube.href": "https://api.pdok.nl/tno/bro-grondwatermonitoring-in-samenhang-karakteristieken/ogc/v1/collections/gm_gmw_monitoringtube/items/01f59b0b-1e09-5f5a-a9c6-6f7864573b50", "gm_gmw_monitoringtube_fk": 39323, "bro_id": "GAR000000035953", "delivery_accountable_party": "30276683", "quality_regime": "IMBRO/A", "object_registration_time": "2023-01-13T22:20:10+01:00", "latest_addition_time": null, "registration_completion_time": "2023-01-13T22:20:10+01:00", "latest_correction_time": "2026-02-20T15:03:08+01:00", "under_review_time": null, "sampling_date_time": "2008-09-11T13:00:00+02:00", "imbro_xml_url": "https://publiek.broservices.nl/gm/gar/v1/objects/GAR000000035953"}, "geometry": {"type": "Point", "coordinates": [5.140667605, 52.134344122]}, "id": "f90178b1-b265-56ed-9bfd-10e3fe30dc66"}, {"type": "Feature", "properties": {"gm_gar_pk": 35633, "gm_gmw_monitoringtube.href": "https://api.pdok.nl/tno/bro-grondwatermonitoring-in-samenhang-karakteristieken/ogc/v1/collections/gm_gmw_monitoringtube/items/01f59b0b-1e09-5f5a-a9c6-6f7864573b50", "gm_gmw_monitoringtube_fk": 39323, "bro_id": "GAR000000035954", "delivery_accountable_party": "30276683", "quality_regime": "IMBRO/A", "object_registration_time": "2023-01-13T22:20:13+01:00", "latest_addition_time": null, "registration_completion_time": "2023-01-13T22:20:13+01:00", "latest_correction_time": "2026-02-20T15:02:15+01:00", "under_review_time": null, "sampling_date_time": "2010-08-24T13:00:00+02:00", "imbro_xml_url": "https://publiek.broservices.nl/gm/gar/v1/objects/GAR000000035954"}, "geometry": {"type": "Point", "coordinates": [5.140667605, 52.134344122]}, "id": "471cb66e-862d-573e-9ee0-8b81785e9c31"}, {"type": "Feature", "properties": {"gm_gar_pk": 35638, "gm_gmw_monitoringtube.href": "https://api.pdok.nl/tno/bro-grondwatermonitoring-in-samenhang-karakteristieken/ogc/v1/collections/gm_gmw_monitoringtube/items/01f59b0b-1e09-5f5a-a9c6-6f7864573b50", "gm_gmw_monitoringtube_fk": 39323, "bro_id": "GAR000000035959", "delivery_accountable_party": "30276683", "quality_regime": "IMBRO/A", "object_registration_time": "2023-01-13T22:20:27+01:00", "latest_addition_time": null, "registration_completion_time": "2023-01-13T22:20:27+01:00", "latest_correction_time": "2026-02-20T15:02:01+01:00", "under_review_time": null, "sampling_date_time": "2007-10-04T13:00:00+02:00", "imbro_xml_url": "https://publiek.broservices.nl/gm/gar/v1/objects/GAR000000035959"}, "geometry": {"type": "Point", "coordinates": [5.140667605, 52.134344122]}, "id": "f2e4d22d-3184-59cf-b44e-fdaff737b1ed"}, {"type": "Feature", "properties": {"gm_gar_pk": 35639, "gm_gmw_monitoringtube.href": "https://api.pdok.nl/tno/bro-grondwatermonitoring-in-samenhang-karakteristieken/ogc/v1/collections/gm_gmw_monitoringtube/items/01f59b0b-1e09-5f5a-a9c6-6f7864573b50", "gm_gmw_monitoringtube_fk": 39323, "bro_id": "GAR000000035960", "delivery_accountable_party": "30276683", "quality_regime": "IMBRO/A", "object_registration_time": "2023-01-13T22:20:30+01:00", "latest_addition_time": null, "registration_completion_time": "2023-01-13T22:20:30+01:00", "latest_correction_time": "2026-02-20T15:02:08+01:00", "under_review_time": null, "sampling_date_time": "2009-06-05T13:00:00+02:00", "imbro_xml_url": "https://publiek.broservices.nl/gm/gar/v1/objects/GAR000000035960"}, "geometry": {"type": "Point", "coordinates": [5.140667605, 52.134344122]}, "id": "10f9a8d0-afbb-555d-8ea1-c3ac3b3722f2"}, {"type": "Feature", "properties": {"gm_gar_pk": 35641, "gm_gmw_monitoringtube.href": "https://api.pdok.nl/tno/bro-grondwatermonitoring-in-samenhang-karakteristieken/ogc/v1/collections/gm_gmw_monitoringtube/items/01f59b0b-1e09-5f5a-a9c6-6f7864573b50", "gm_gmw_monitoringtube_fk": 39323, "bro_id": "GAR000000035962", "delivery_accountable_party": "30276683", "quality_regime": "IMBRO/A", "object_registration_time": "2023-01-13T22:20:48+01:00", "latest_addition_time": null, "registration_completion_time": "2023-01-13T22:20:48+01:00", "latest_correction_time": "2026-02-20T15:00:45+01:00", "under_review_time": null, "sampling_date_time": "2012-06-19T13:00:00+02:00", "imbro_xml_url": "https://publiek.broservices.nl/gm/gar/v1/objects/GAR000000035962"}, "geometry": {"type": "Point", "coordinates": [5.140667605, 52.134344122]}, "id": "b15c9e61-f61e-5f5c-ac1e-c77c56c44439"}, {"type": "Feature", "properties": {"gm_gar_pk": 35642, "gm_gmw_monitoringtube.href": "https://api.pdok.nl/tno/bro-grondwatermonitoring-in-samenhang-karakteristieken/ogc/v1/collections/gm_gmw_monitoringtube/items/01f59b0b-1e09-5f5a-a9c6-6f7864573b50", "gm_gmw_monitoringtube_fk": 39323, "bro_id": "GAR000000035963", "delivery_accountable_party": "30276683", "quality_regime": "IMBRO/A", "object_registration_time": "2023-01-13T22:20:51+01:00", "latest_addition_time": null, "registration_completion_time": "2023-01-13T22:20:51+01:00", "latest_correction_time": "2026-02-20T15:00:52+01:00", "under_review_time": null, "sampling_date_time": "2013-10-29T12:00:00+01:00", "imbro_xml_url": "https://publiek.broservices.nl/gm/gar/v1/objects/GAR000000035963"}, "geometry": {"type": "Point", "coordinates": [5.140667605, 52.134344122]}, "id": "3993b301-9dfa-5dfa-8354-80a23c6c66fe"}, {"type": "Feature", "properties": {"gm_gar_pk": 35643, "gm_gmw_monitoringtube.href": "https://api.pdok.nl/tno/bro-grondwatermonitoring-in-samenhang-karakteristieken/ogc/v1/collections/gm_gmw_monitoringtube/items/01f59b0b-1e09-5f5a-a9c6-6f7864573b50", "gm_gmw_monitoringtube_fk": 39323, "bro_id": "GAR000000035964", "delivery_accountable_party": "30276683", "quality_regime": "IMBRO/A", "object_registration_time": "2023-01-13T22:20:54+01:00", "latest_addition_time": null, "registration_completion_time": "2023-01-13T22:20:54+01:00", "latest_correction_time": "2026-02-20T15:00:59+01:00", "under_review_time": null, "sampling_date_time": "2014-09-01T13:00:00+02:00", "imbro_xml_url": "https://publiek.broservices.nl/gm/gar/v1/objects/GAR000000035964"}, "geometry": {"type": "Point", "coordinates": [5.140667605, 52.134344122]}, "id": "6d4380a9-d3ec-5197-8ad6-51ce582af128"}, {"type": "Feature", "properties": {"gm_gar_pk": 35644, "gm_gmw_monitoringtube.href": "https://api.pdok.nl/tno/bro-grondwatermonitoring-in-samenhang-karakteristieken/ogc/v1/collections/gm_gmw_monitoringtube/items/01f59b0b-1e09-5f5a-a9c6-6f7864573b50", "gm_gmw_monitoringtube_fk": 39323, "bro_id": "GAR000000035965", "delivery_accountable_party": "30276683", "quality_regime": "IMBRO/A", "object_registration_time": "2023-01-13T22:20:57+01:00", "latest_addition_time": null, "registration_completion_time": "2023-01-13T22:20:57+01:00", "latest_correction_time": "2026-02-20T15:01:47+01:00", "under_review_time": null, "sampling_date_time": "2017-11-30T12:00:00+01:00", "imbro_xml_url": "https://publiek.broservices.nl/gm/gar/v1/objects/GAR000000035965"}, "geometry": {"type": "Point", "coordinates": [5.140667605, 52.134344122]}, "id": "b7b4d7a0-feef-531f-a44a-36431b1f697a"}, {"type": "Feature", "properties": {"gm_gar_pk": 35645, "gm_gmw_monitoringtube.href": "https://api.pdok.nl/tno/bro-grondwatermonitoring-in-samenhang-karakteristieken/ogc/v1/collections/gm_gmw_monitoringtube/items/01f59b0b-1e09-5f5a-a9c6-6f7864573b50", "gm_gmw_monitoringtube_fk": 39323, "bro_id": "GAR000000035966", "delivery_accountable_party": "30276683", "quality_regime": "IMBRO/A", "object_registration_time": "2023-01-13T22:21:00+01:00", "latest_addition_time": null, "registration_completion_time": "2023-01-13T22:21:00+01:00", "latest_correction_time": "2026-02-20T14:57:59+01:00", "under_review_time": null, "sampling_date_time": "2018-08-22T13:00:00+02:00", "imbro_xml_url": "https://publiek.broservices.nl/gm/gar/v1/objects/GAR000000035966"}, "geometry": {"type": "Point", "coordinates": [5.140667605, 52.134344122]}, "id": "e6e4d981-626a-5680-aafa-9e3d754f4ccb"}, {"type": "Feature", "properties": {"gm_gar_pk": 35646, "gm_gmw_monitoringtube.href": "https://api.pdok.nl/tno/bro-grondwatermonitoring-in-samenhang-karakteristieken/ogc/v1/collections/gm_gmw_monitoringtube/items/01f59b0b-1e09-5f5a-a9c6-6f7864573b50", "gm_gmw_monitoringtube_fk": 39323, "bro_id": "GAR000000035967", "delivery_accountable_party": "30276683", "quality_regime": "IMBRO/A", "object_registration_time": "2023-01-13T22:21:03+01:00", "latest_addition_time": null, "registration_completion_time": "2023-01-13T22:21:03+01:00", "latest_correction_time": "2026-02-20T14:58:12+01:00", "under_review_time": null, "sampling_date_time": "2020-08-17T13:00:00+02:00", "imbro_xml_url": "https://publiek.broservices.nl/gm/gar/v1/objects/GAR000000035967"}, "geometry": {"type": "Point", "coordinates": [5.140667605, 52.134344122]}, "id": "9bff5fe7-11a1-56e1-b95e-9bd7175682fb"}, {"type": "Feature", "properties": {"gm_gar_pk": 35652, "gm_gmw_monitoringtube.href": "https://api.pdok.nl/tno/bro-grondwatermonitoring-in-samenhang-karakteristieken/ogc/v1/collections/gm_gmw_monitoringtube/items/01f59b0b-1e09-5f5a-a9c6-6f7864573b50", "gm_gmw_monitoringtube_fk": 39323, "bro_id": "GAR000000035973", "delivery_accountable_party": "30276683", "quality_regime": "IMBRO/A", "object_registration_time": "2023-01-13T22:21:20+01:00", "latest_addition_time": null, "registration_completion_time": "2023-01-13T22:21:20+01:00", "latest_correction_time": "2026-02-20T15:01:53+01:00", "under_review_time": null, "sampling_date_time": "2019-07-08T13:00:00+02:00", "imbro_xml_url": "https://publiek.broservices.nl/gm/gar/v1/objects/GAR000000035973"}, "geometry": {"type": "Point", "coordinates": [5.140667605, 52.134344122]}, "id": "c9d29c21-ba37-504b-9963-47c73dcdc4a7"}, {"type": "Feature", "properties": {"gm_gar_pk": 35656, "gm_gmw_monitoringtube.href": "https://api.pdok.nl/tno/bro-grondwatermonitoring-in-samenhang-karakteristieken/ogc/v1/collections/gm_gmw_monitoringtube/items/305d51e1-8657-5085-ae8f-d79910e5c179", "gm_gmw_monitoringtube_fk": 39324, "bro_id": "GAR000000035977", "delivery_accountable_party": "30276683", "quality_regime": "IMBRO/A", "object_registration_time": "2023-01-13T22:21:32+01:00", "latest_addition_time": null, "registration_completion_time": "2023-01-13T22:21:32+01:00", "latest_correction_time": null, "under_review_time": null, "sampling_date_time": "1991-07-04T13:00:00+02:00", "imbro_xml_url": "https://publiek.broservices.nl/gm/gar/v1/objects/GAR000000035977"}, "geometry": {"type": "Point", "coordinates": [5.140667605, 52.134344122]}, "id": "8bad4952-58e4-5ce5-bcb9-b2ad47df7085"}, {"type": "Feature", "properties": {"gm_gar_pk": 35662, "gm_gmw_monitoringtube.href": "https://api.pdok.nl/tno/bro-grondwatermonitoring-in-samenhang-karakteristieken/ogc/v1/collections/gm_gmw_monitoringtube/items/305d51e1-8657-5085-ae8f-d79910e5c179", "gm_gmw_monitoringtube_fk": 39324, "bro_id": "GAR000000035983", "delivery_accountable_party": "30276683", "quality_regime": "IMBRO/A", "object_registration_time": "2023-01-13T22:21:49+01:00", "latest_addition_time": null, "registration_completion_time": "2023-01-13T22:21:49+01:00", "latest_correction_time": null, "under_review_time": null, "sampling_date_time": "1994-04-13T13:00:00+02:00", "imbro_xml_url": "https://publiek.broservices.nl/gm/gar/v1/objects/GAR000000035983"}, "geometry": {"type": "Point", "coordinates": [5.140667605, 52.134344122]}, "id": "a9d56b4a-d75a-5c35-9b92-1db1c3f714a8"}, {"type": "Feature", "properties": {"gm_gar_pk": 35759, "gm_gmw_monitoringtube.href": "https://api.pdok.nl/tno/bro-grondwatermonitoring-in-samenhang-karakteristieken/ogc/v1/collections/gm_gmw_monitoringtube/items/4fdc2aaa-92fe-5334-a2e5-14e692b33fc1", "gm_gmw_monitoringtube_fk": 39641, "bro_id": "GAR000000036080", "delivery_accountable_party": "30276683", "quality_regime": "IMBRO/A", "object_registration_time": "2023-01-13T22:27:18+01:00", "latest_addition_time": null, "registration_completion_time": "2023-01-13T22:27:18+01:00", "latest_correction_time": "2024-07-19T19:41:33+02:00", "under_review_time": null, "sampling_date_time": "1985-08-29T13:00:00+02:00", "imbro_xml_url": "https://publiek.broservices.nl/gm/gar/v1/objects/GAR000000036080"}, "geometry": {"type": "Point", "coordinates": [5.03223015, 52.14093228]}, "id": "35b158c0-3b26-5272-acd8-21413c55272d"}, {"type": "Feature", "properties": {"gm_gar_pk": 35760, "gm_gmw_monitoringtube.href": "https://api.pdok.nl/tno/bro-grondwatermonitoring-in-samenhang-karakteristieken/ogc/v1/collections/gm_gmw_monitoringtube/items/4fdc2aaa-92fe-5334-a2e5-14e692b33fc1", "gm_gmw_monitoringtube_fk": 39641, "bro_id": "GAR000000036081", "delivery_accountable_party": "30276683", "quality_regime": "IMBRO/A", "object_registration_time": "2023-01-13T22:27:21+01:00", "latest_addition_time": null, "registration_completion_time": "2023-01-13T22:27:21+01:00", "latest_correction_time": "2024-07-19T20:03:11+02:00", "under_review_time": null, "sampling_date_time": "1988-08-15T13:00:00+02:00", "imbro_xml_url": "https://publiek.broservices.nl/gm/gar/v1/objects/GAR000000036081"}, "geometry": {"type": "Point", "coordinates": [5.03223015, 52.14093228]}, "id": "a3352591-3b87-56c4-92fa-d1c838a285a6"}, {"type": "Feature", "properties": {"gm_gar_pk": 35761, "gm_gmw_monitoringtube.href": "https://api.pdok.nl/tno/bro-grondwatermonitoring-in-samenhang-karakteristieken/ogc/v1/collections/gm_gmw_monitoringtube/items/4fdc2aaa-92fe-5334-a2e5-14e692b33fc1", "gm_gmw_monitoringtube_fk": 39641, "bro_id": "GAR000000036082", "delivery_accountable_party": "30276683", "quality_regime": "IMBRO/A", "object_registration_time": "2023-01-13T22:27:24+01:00", "latest_addition_time": null, "registration_completion_time": "2023-01-13T22:27:24+01:00", "latest_correction_time": "2024-07-19T19:45:36+02:00", "under_review_time": null, "sampling_date_time": "1989-10-03T12:00:00+01:00", "imbro_xml_url": "https://publiek.broservices.nl/gm/gar/v1/objects/GAR000000036082"}, "geometry": {"type": "Point", "coordinates": [5.03223015, 52.14093228]}, "id": "4d66848c-978d-5ff7-b170-b17453eb58ff"}, {"type": "Feature", "properties": {"gm_gar_pk": 35767, "gm_gmw_monitoringtube.href": "https://api.pdok.nl/tno/bro-grondwatermonitoring-in-samenhang-karakteristieken/ogc/v1/collections/gm_gmw_monitoringtube/items/4fdc2aaa-92fe-5334-a2e5-14e692b33fc1", "gm_gmw_monitoringtube_fk": 39641, "bro_id": "GAR000000036088", "delivery_accountable_party": "30276683", "quality_regime": "IMBRO/A", "object_registration_time": "2023-01-13T22:27:43+01:00", "latest_addition_time": null, "registration_completion_time": "2023-01-13T22:27:43+01:00", "latest_correction_time": "2024-07-19T19:31:42+02:00", "under_review_time": null, "sampling_date_time": "1994-04-26T13:00:00+02:00", "imbro_xml_url": "https://publiek.broservices.nl/gm/gar/v1/objects/GAR000000036088"}, "geometry": {"type": "Point", "coordinates": [5.03223015, 52.14093228]}, "id": "d2594fce-0d8b-5af1-a33b-78bb43512731"}, {"type": "Feature", "properties": {"gm_gar_pk": 35771, "gm_gmw_monitoringtube.href": "https://api.pdok.nl/tno/bro-grondwatermonitoring-in-samenhang-karakteristieken/ogc/v1/collections/gm_gmw_monitoringtube/items/857ba047-8ad4-5d7d-98be-65bb9fdecd75", "gm_gmw_monitoringtube_fk": 39639, "bro_id": "GAR000000036092", "delivery_accountable_party": "30276683", "quality_regime": "IMBRO/A", "object_registration_time": "2023-01-13T22:27:56+01:00", "latest_addition_time": null, "registration_completion_time": "2023-01-13T22:27:56+01:00", "latest_correction_time": "2024-07-19T19:58:09+02:00", "under_review_time": null, "sampling_date_time": "1986-09-11T13:00:00+02:00", "imbro_xml_url": "https://publiek.broservices.nl/gm/gar/v1/objects/GAR000000036092"}, "geometry": {"type": "Point", "coordinates": [5.03223015, 52.14093228]}, "id": "45602268-6c74-537b-9693-960e501211c2"}, {"type": "Feature", "properties": {"gm_gar_pk": 35772, "gm_gmw_monitoringtube.href": "https://api.pdok.nl/tno/bro-grondwatermonitoring-in-samenhang-karakteristieken/ogc/v1/collections/gm_gmw_monitoringtube/items/857ba047-8ad4-5d7d-98be-65bb9fdecd75", "gm_gmw_monitoringtube_fk": 39639, "bro_id": "GAR000000036093", "delivery_accountable_party": "30276683", "quality_regime": "IMBRO/A", "object_registration_time": "2023-01-13T22:27:59+01:00", "latest_addition_time": null, "registration_completion_time": "2023-01-13T22:27:59+01:00", "latest_correction_time": "2024-07-19T19:38:08+02:00", "under_review_time": null, "sampling_date_time": "1981-10-12T12:00:00+01:00", "imbro_xml_url": "https://publiek.broservices.nl/gm/gar/v1/objects/GAR000000036093"}, "geometry": {"type": "Point", "coordinates": [5.03223015, 52.14093228]}, "id": "bf79e3b3-1de1-50c6-ba46-8690ea85992e"}, {"type": "Feature", "properties": {"gm_gar_pk": 35773, "gm_gmw_monitoringtube.href": "https://api.pdok.nl/tno/bro-grondwatermonitoring-in-samenhang-karakteristieken/ogc/v1/collections/gm_gmw_monitoringtube/items/857ba047-8ad4-5d7d-98be-65bb9fdecd75", "gm_gmw_monitoringtube_fk": 39639, "bro_id": "GAR000000036094", "delivery_accountable_party": "30276683", "quality_regime": "IMBRO/A", "object_registration_time": "2023-01-13T22:28:02+01:00", "latest_addition_time": null, "registration_completion_time": "2023-01-13T22:28:02+01:00", "latest_correction_time": "2024-07-19T19:44:34+02:00", "under_review_time": null, "sampling_date_time": "1989-10-03T12:00:00+01:00", "imbro_xml_url": "https://publiek.broservices.nl/gm/gar/v1/objects/GAR000000036094"}, "geometry": {"type": "Point", "coordinates": [5.03223015, 52.14093228]}, "id": "de118b32-28b5-5ea8-9c01-59c59d819a88"}, {"type": "Feature", "properties": {"gm_gar_pk": 35774, "gm_gmw_monitoringtube.href": "https://api.pdok.nl/tno/bro-grondwatermonitoring-in-samenhang-karakteristieken/ogc/v1/collections/gm_gmw_monitoringtube/items/e9b285b6-5465-5831-8878-00c886c0abbd", "gm_gmw_monitoringtube_fk": 39640, "bro_id": "GAR000000036095", "delivery_accountable_party": "30276683", "quality_regime": "IMBRO/A", "object_registration_time": "2023-01-13T22:28:05+01:00", "latest_addition_time": null, "registration_completion_time": "2023-01-13T22:28:05+01:00", "latest_correction_time": null, "under_review_time": null, "sampling_date_time": "1995-04-06T13:00:00+02:00", "imbro_xml_url": "https://publiek.broservices.nl/gm/gar/v1/objects/GAR000000036095"}, "geometry": {"type": "Point", "coordinates": [5.03223015, 52.14093228]}, "id": "fe0158ff-596e-5cc9-a47f-2874232c9171"}, {"type": "Feature", "properties": {"gm_gar_pk": 35775, "gm_gmw_monitoringtube.href": "https://api.pdok.nl/tno/bro-grondwatermonitoring-in-samenhang-karakteristieken/ogc/v1/collections/gm_gmw_monitoringtube/items/4fdc2aaa-92fe-5334-a2e5-14e692b33fc1", "gm_gmw_monitoringtube_fk": 39641, "bro_id": "GAR000000036096", "delivery_accountable_party": "30276683", "quality_regime": "IMBRO/A", "object_registration_time": "2023-01-13T22:28:08+01:00", "latest_addition_time": null, "registration_completion_time": "2023-01-13T22:28:08+01:00", "latest_correction_time": "2024-07-19T19:46:55+02:00", "under_review_time": null, "sampling_date_time": "1984-07-18T13:00:00+02:00", "imbro_xml_url": "https://publiek.broservices.nl/gm/gar/v1/objects/GAR000000036096"}, "geometry": {"type": "Point", "coordinates": [5.03223015, 52.14093228]}, "id": "df0baa67-51ce-538d-81d9-97e929f71875"}, {"type": "Feature", "properties": {"gm_gar_pk": 35776, "gm_gmw_monitoringtube.href": "https://api.pdok.nl/tno/bro-grondwatermonitoring-in-samenhang-karakteristieken/ogc/v1/collections/gm_gmw_monitoringtube/items/305d51e1-8657-5085-ae8f-d79910e5c179", "gm_gmw_monitoringtube_fk": 39324, "bro_id": "GAR000000036097", "delivery_accountable_party": "30276683", "quality_regime": "IMBRO/A", "object_registration_time": "2023-01-13T22:28:11+01:00", "latest_addition_time": null, "registration_completion_time": "2023-01-13T22:28:11+01:00", "latest_correction_time": null, "under_review_time": null, "sampling_date_time": "1995-04-21T13:00:00+02:00", "imbro_xml_url": "https://publiek.broservices.nl/gm/gar/v1/objects/GAR000000036097"}, "geometry": {"type": "Point", "coordinates": [5.140667605, 52.134344122]}, "id": "5c859799-0669-58f0-b276-f6581e0e48af"}, {"type": "Feature", "properties": {"gm_gar_pk": 35777, "gm_gmw_monitoringtube.href": "https://api.pdok.nl/tno/bro-grondwatermonitoring-in-samenhang-karakteristieken/ogc/v1/collections/gm_gmw_monitoringtube/items/857ba047-8ad4-5d7d-98be-65bb9fdecd75", "gm_gmw_monitoringtube_fk": 39639, "bro_id": "GAR000000036098", "delivery_accountable_party": "30276683", "quality_regime": "IMBRO/A", "object_registration_time": "2023-01-13T22:28:15+01:00", "latest_addition_time": null, "registration_completion_time": "2023-01-13T22:28:15+01:00", "latest_correction_time": "2024-07-19T20:00:54+02:00", "under_review_time": null, "sampling_date_time": "1983-06-13T13:00:00+02:00", "imbro_xml_url": "https://publiek.broservices.nl/gm/gar/v1/objects/GAR000000036098"}, "geometry": {"type": "Point", "coordinates": [5.03223015, 52.14093228]}, "id": "8d157ea4-b7c0-5416-a398-7ac99e84138c"}, {"type": "Feature", "properties": {"gm_gar_pk": 35778, "gm_gmw_monitoringtube.href": "https://api.pdok.nl/tno/bro-grondwatermonitoring-in-samenhang-karakteristieken/ogc/v1/collections/gm_gmw_monitoringtube/items/857ba047-8ad4-5d7d-98be-65bb9fdecd75", "gm_gmw_monitoringtube_fk": 39639, "bro_id": "GAR000000036099", "delivery_accountable_party": "30276683", "quality_regime": "IMBRO/A", "object_registration_time": "2023-01-13T22:28:18+01:00", "latest_addition_time": null, "registration_completion_time": "2023-01-13T22:28:18+01:00", "latest_correction_time": "2024-07-19T19:37:12+02:00", "under_review_time": null, "sampling_date_time": "1984-07-18T13:00:00+02:00", "imbro_xml_url": "https://publiek.broservices.nl/gm/gar/v1/objects/GAR000000036099"}, "geometry": {"type": "Point", "coordinates": [5.03223015, 52.14093228]}, "id": "997e7b23-9575-5887-94c7-2972a7c87c22"}, {"type": "Feature", "properties": {"gm_gar_pk": 35779, "gm_gmw_monitoringtube.href": "https://api.pdok.nl/tno/bro-grondwatermonitoring-in-samenhang-karakteristieken/ogc/v1/collections/gm_gmw_monitoringtube/items/857ba047-8ad4-5d7d-98be-65bb9fdecd75", "gm_gmw_monitoringtube_fk": 39639, "bro_id": "GAR000000036100", "delivery_accountable_party": "30276683", "quality_regime": "IMBRO/A", "object_registration_time": "2023-01-13T22:28:21+01:00", "latest_addition_time": null, "registration_completion_time": "2023-01-13T22:28:21+01:00", "latest_correction_time": "2024-07-19T19:52:39+02:00", "under_review_time": null, "sampling_date_time": "1985-08-29T13:00:00+02:00", "imbro_xml_url": "https://publiek.broservices.nl/gm/gar/v1/objects/GAR000000036100"}, "geometry": {"type": "Point", "coordinates": [5.03223015, 52.14093228]}, "id": "2fcb7035-2e4f-5faa-9de2-0c5cd6510432"}, {"type": "Feature", "properties": {"gm_gar_pk": 35780, "gm_gmw_monitoringtube.href": "https://api.pdok.nl/tno/bro-grondwatermonitoring-in-samenhang-karakteristieken/ogc/v1/collections/gm_gmw_monitoringtube/items/4fdc2aaa-92fe-5334-a2e5-14e692b33fc1", "gm_gmw_monitoringtube_fk": 39641, "bro_id": "GAR000000036101", "delivery_accountable_party": "30276683", "quality_regime": "IMBRO/A", "object_registration_time": "2023-01-13T22:28:24+01:00", "latest_addition_time": null, "registration_completion_time": "2023-01-13T22:28:24+01:00", "latest_correction_time": "2024-07-19T19:38:23+02:00", "under_review_time": null, "sampling_date_time": "1981-10-12T12:00:00+01:00", "imbro_xml_url": "https://publiek.broservices.nl/gm/gar/v1/objects/GAR000000036101"}, "geometry": {"type": "Point", "coordinates": [5.03223015, 52.14093228]}, "id": "c7923df4-c7bb-5d9e-8712-bda99fd2a376"}, {"type": "Feature", "properties": {"gm_gar_pk": 35781, "gm_gmw_monitoringtube.href": "https://api.pdok.nl/tno/bro-grondwatermonitoring-in-samenhang-karakteristieken/ogc/v1/collections/gm_gmw_monitoringtube/items/857ba047-8ad4-5d7d-98be-65bb9fdecd75", "gm_gmw_monitoringtube_fk": 39639, "bro_id": "GAR000000036102", "delivery_accountable_party": "30276683", "quality_regime": "IMBRO/A", "object_registration_time": "2023-01-13T22:28:27+01:00", "latest_addition_time": null, "registration_completion_time": "2023-01-13T22:28:27+01:00", "latest_correction_time": "2024-07-19T20:02:10+02:00", "under_review_time": null, "sampling_date_time": "1987-09-18T13:00:00+02:00", "imbro_xml_url": "https://publiek.broservices.nl/gm/gar/v1/objects/GAR000000036102"}, "geometry": {"type": "Point", "coordinates": [5.03223015, 52.14093228]}, "id": "e00373fd-3150-5138-84cf-a50accb2a1f0"}, {"type": "Feature", "properties": {"gm_gar_pk": 35782, "gm_gmw_monitoringtube.href": "https://api.pdok.nl/tno/bro-grondwatermonitoring-in-samenhang-karakteristieken/ogc/v1/collections/gm_gmw_monitoringtube/items/857ba047-8ad4-5d7d-98be-65bb9fdecd75", "gm_gmw_monitoringtube_fk": 39639, "bro_id": "GAR000000036103", "delivery_accountable_party": "30276683", "quality_regime": "IMBRO/A", "object_registration_time": "2023-01-13T22:28:30+01:00", "latest_addition_time": null, "registration_completion_time": "2023-01-13T22:28:30+01:00", "latest_correction_time": "2024-07-19T19:57:35+02:00", "under_review_time": null, "sampling_date_time": "1988-08-15T13:00:00+02:00", "imbro_xml_url": "https://publiek.broservices.nl/gm/gar/v1/objects/GAR000000036103"}, "geometry": {"type": "Point", "coordinates": [5.03223015, 52.14093228]}, "id": "9b56cdd2-6538-5065-823a-036f90fa0ff6"}, {"type": "Feature", "properties": {"gm_gar_pk": 35783, "gm_gmw_monitoringtube.href": "https://api.pdok.nl/tno/bro-grondwatermonitoring-in-samenhang-karakteristieken/ogc/v1/collections/gm_gmw_monitoringtube/items/857ba047-8ad4-5d7d-98be-65bb9fdecd75", "gm_gmw_monitoringtube_fk": 39639, "bro_id": "GAR000000036104", "delivery_accountable_party": "30276683", "quality_regime": "IMBRO/A", "object_registration_time": "2023-01-13T22:28:34+01:00", "latest_addition_time": null, "registration_completion_time": "2023-01-13T22:28:34+01:00", "latest_correction_time": "2024-07-19T19:43:33+02:00", "under_review_time": null, "sampling_date_time": "1990-08-23T13:00:00+02:00", "imbro_xml_url": "https://publiek.broservices.nl/gm/gar/v1/objects/GAR000000036104"}, "geometry": {"type": "Point", "coordinates": [5.03223015, 52.14093228]}, "id": "fc720feb-ee60-5a96-be59-21c5315168bb"}, {"type": "Feature", "properties": {"gm_gar_pk": 35784, "gm_gmw_monitoringtube.href": "https://api.pdok.nl/tno/bro-grondwatermonitoring-in-samenhang-karakteristieken/ogc/v1/collections/gm_gmw_monitoringtube/items/e9b285b6-5465-5831-8878-00c886c0abbd", "gm_gmw_monitoringtube_fk": 39640, "bro_id": "GAR000000036105", "delivery_accountable_party": "30276683", "quality_regime": "IMBRO/A", "object_registration_time": "2023-01-13T22:28:37+01:00", "latest_addition_time": null, "registration_completion_time": "2023-01-13T22:28:37+01:00", "latest_correction_time": "2024-07-19T19:36:15+02:00", "under_review_time": null, "sampling_date_time": "1981-10-12T12:00:00+01:00", "imbro_xml_url": "https://publiek.broservices.nl/gm/gar/v1/objects/GAR000000036105"}, "geometry": {"type": "Point", "coordinates": [5.03223015, 52.14093228]}, "id": "a7a97613-95fc-5f47-ba27-d8818ee53377"}, {"type": "Feature", "properties": {"gm_gar_pk": 35785, "gm_gmw_monitoringtube.href": "https://api.pdok.nl/tno/bro-grondwatermonitoring-in-samenhang-karakteristieken/ogc/v1/collections/gm_gmw_monitoringtube/items/857ba047-8ad4-5d7d-98be-65bb9fdecd75", "gm_gmw_monitoringtube_fk": 39639, "bro_id": "GAR000000036106", "delivery_accountable_party": "30276683", "quality_regime": "IMBRO/A", "object_registration_time": "2023-01-13T22:28:40+01:00", "latest_addition_time": null, "registration_completion_time": "2023-01-13T22:28:40+01:00", "latest_correction_time": "2024-07-19T19:51:20+02:00", "under_review_time": null, "sampling_date_time": "1991-07-03T13:00:00+02:00", "imbro_xml_url": "https://publiek.broservices.nl/gm/gar/v1/objects/GAR000000036106"}, "geometry": {"type": "Point", "coordinates": [5.03223015, 52.14093228]}, "id": "bd4ae165-9517-51e3-bb15-81c3d6f72670"}, {"type": "Feature", "properties": {"gm_gar_pk": 35786, "gm_gmw_monitoringtube.href": "https://api.pdok.nl/tno/bro-grondwatermonitoring-in-samenhang-karakteristieken/ogc/v1/collections/gm_gmw_monitoringtube/items/857ba047-8ad4-5d7d-98be-65bb9fdecd75", "gm_gmw_monitoringtube_fk": 39639, "bro_id": "GAR000000036107", "delivery_accountable_party": "30276683", "quality_regime": "IMBRO/A", "object_registration_time": "2023-01-13T22:28:43+01:00", "latest_addition_time": null, "registration_completion_time": "2023-01-13T22:28:43+01:00", "latest_correction_time": "2024-07-19T19:46:18+02:00", "under_review_time": null, "sampling_date_time": "1992-06-22T13:00:00+02:00", "imbro_xml_url": "https://publiek.broservices.nl/gm/gar/v1/objects/GAR000000036107"}, "geometry": {"type": "Point", "coordinates": [5.03223015, 52.14093228]}, "id": "5994dd47-93ca-5802-a649-d234297487e0"}, {"type": "Feature", "properties": {"gm_gar_pk": 35787, "gm_gmw_monitoringtube.href": "https://api.pdok.nl/tno/bro-grondwatermonitoring-in-samenhang-karakteristieken/ogc/v1/collections/gm_gmw_monitoringtube/items/857ba047-8ad4-5d7d-98be-65bb9fdecd75", "gm_gmw_monitoringtube_fk": 39639, "bro_id": "GAR000000036108", "delivery_accountable_party": "30276683", "quality_regime": "IMBRO/A", "object_registration_time": "2023-01-13T22:28:46+01:00", "latest_addition_time": null, "registration_completion_time": "2023-01-13T22:28:46+01:00", "latest_correction_time": "2024-07-19T19:40:54+02:00", "under_review_time": null, "sampling_date_time": "1993-06-09T13:00:00+02:00", "imbro_xml_url": "https://publiek.broservices.nl/gm/gar/v1/objects/GAR000000036108"}, "geometry": {"type": "Point", "coordinates": [5.03223015, 52.14093228]}, "id": "39abe0e2-b4b1-5ab4-aa44-80e1f52c2dc2"}, {"type": "Feature", "properties": {"gm_gar_pk": 35788, "gm_gmw_monitoringtube.href": "https://api.pdok.nl/tno/bro-grondwatermonitoring-in-samenhang-karakteristieken/ogc/v1/collections/gm_gmw_monitoringtube/items/857ba047-8ad4-5d7d-98be-65bb9fdecd75", "gm_gmw_monitoringtube_fk": 39639, "bro_id": "GAR000000036109", "delivery_accountable_party": "30276683", "quality_regime": "IMBRO/A", "object_registration_time": "2023-01-13T22:28:49+01:00", "latest_addition_time": null, "registration_completion_time": "2023-01-13T22:28:49+01:00", "latest_correction_time": "2024-07-19T19:39:28+02:00", "under_review_time": null, "sampling_date_time": "1994-04-26T13:00:00+02:00", "imbro_xml_url": "https://publiek.broservices.nl/gm/gar/v1/objects/GAR000000036109"}, "geometry": {"type": "Point", "coordinates": [5.03223015, 52.14093228]}, "id": "128f8ac3-4c70-5ed7-a3c1-0c1260ce37b9"}, {"type": "Feature", "properties": {"gm_gar_pk": 35789, "gm_gmw_monitoringtube.href": "https://api.pdok.nl/tno/bro-grondwatermonitoring-in-samenhang-karakteristieken/ogc/v1/collections/gm_gmw_monitoringtube/items/857ba047-8ad4-5d7d-98be-65bb9fdecd75", "gm_gmw_monitoringtube_fk": 39639, "bro_id": "GAR000000036110", "delivery_accountable_party": "30276683", "quality_regime": "IMBRO/A", "object_registration_time": "2023-01-13T22:28:52+01:00", "latest_addition_time": null, "registration_completion_time": "2023-01-13T22:28:52+01:00", "latest_correction_time": "2024-07-19T19:40:40+02:00", "under_review_time": null, "sampling_date_time": "1995-04-06T13:00:00+02:00", "imbro_xml_url": "https://publiek.broservices.nl/gm/gar/v1/objects/GAR000000036110"}, "geometry": {"type": "Point", "coordinates": [5.03223015, 52.14093228]}, "id": "b206a96b-b37c-564c-8cdb-51342f1fd44e"}, {"type": "Feature", "properties": {"gm_gar_pk": 35790, "gm_gmw_monitoringtube.href": "https://api.pdok.nl/tno/bro-grondwatermonitoring-in-samenhang-karakteristieken/ogc/v1/collections/gm_gmw_monitoringtube/items/e9b285b6-5465-5831-8878-00c886c0abbd", "gm_gmw_monitoringtube_fk": 39640, "bro_id": "GAR000000036111", "delivery_accountable_party": "30276683", "quality_regime": "IMBRO/A", "object_registration_time": "2023-01-13T22:28:55+01:00", "latest_addition_time": null, "registration_completion_time": "2023-01-13T22:28:55+01:00", "latest_correction_time": null, "under_review_time": null, "sampling_date_time": "1990-08-23T13:00:00+02:00", "imbro_xml_url": "https://publiek.broservices.nl/gm/gar/v1/objects/GAR000000036111"}, "geometry": {"type": "Point", "coordinates": [5.03223015, 52.14093228]}, "id": "82a7f6d4-233e-5fa2-8f85-34e26b17ab72"}, {"type": "Feature", "properties": {"gm_gar_pk": 35791, "gm_gmw_monitoringtube.href": "https://api.pdok.nl/tno/bro-grondwatermonitoring-in-samenhang-karakteristieken/ogc/v1/collections/gm_gmw_monitoringtube/items/4fdc2aaa-92fe-5334-a2e5-14e692b33fc1", "gm_gmw_monitoringtube_fk": 39641, "bro_id": "GAR000000036112", "delivery_accountable_party": "30276683", "quality_regime": "IMBRO/A", "object_registration_time": "2023-01-13T22:28:58+01:00", "latest_addition_time": null, "registration_completion_time": "2023-01-13T22:28:58+01:00", "latest_correction_time": "2024-07-19T19:37:43+02:00", "under_review_time": null, "sampling_date_time": "1983-06-13T13:00:00+02:00", "imbro_xml_url": "https://publiek.broservices.nl/gm/gar/v1/objects/GAR000000036112"}, "geometry": {"type": "Point", "coordinates": [5.03223015, 52.14093228]}, "id": "c8d4452d-cfab-5af3-bea7-dced181515a4"}, {"type": "Feature", "properties": {"gm_gar_pk": 35792, "gm_gmw_monitoringtube.href": "https://api.pdok.nl/tno/bro-grondwatermonitoring-in-samenhang-karakteristieken/ogc/v1/collections/gm_gmw_monitoringtube/items/4fdc2aaa-92fe-5334-a2e5-14e692b33fc1", "gm_gmw_monitoringtube_fk": 39641, "bro_id": "GAR000000036113", "delivery_accountable_party": "30276683", "quality_regime": "IMBRO/A", "object_registration_time": "2023-01-13T22:29:02+01:00", "latest_addition_time": null, "registration_completion_time": "2023-01-13T22:29:02+01:00", "latest_correction_time": "2024-07-19T19:34:35+02:00", "under_review_time": null, "sampling_date_time": "1986-09-11T13:00:00+02:00", "imbro_xml_url": "https://publiek.broservices.nl/gm/gar/v1/objects/GAR000000036113"}, "geometry": {"type": "Point", "coordinates": [5.03223015, 52.14093228]}, "id": "40569fe5-39f4-5d39-930b-cd2120ba5dd4"}, {"type": "Feature", "properties": {"gm_gar_pk": 35793, "gm_gmw_monitoringtube.href": "https://api.pdok.nl/tno/bro-grondwatermonitoring-in-samenhang-karakteristieken/ogc/v1/collections/gm_gmw_monitoringtube/items/01f59b0b-1e09-5f5a-a9c6-6f7864573b50", "gm_gmw_monitoringtube_fk": 39323, "bro_id": "GAR000000036114", "delivery_accountable_party": "30276683", "quality_regime": "IMBRO/A", "object_registration_time": "2023-01-13T22:29:05+01:00", "latest_addition_time": null, "registration_completion_time": "2023-01-13T22:29:05+01:00", "latest_correction_time": "2026-02-20T14:31:56+01:00", "under_review_time": null, "sampling_date_time": "1989-09-26T12:00:00+01:00", "imbro_xml_url": "https://publiek.broservices.nl/gm/gar/v1/objects/GAR000000036114"}, "geometry": {"type": "Point", "coordinates": [5.140667605, 52.134344122]}, "id": "fe4ac62e-60e1-5b7c-be55-009ba59088e1"}, {"type": "Feature", "properties": {"gm_gar_pk": 35794, "gm_gmw_monitoringtube.href": "https://api.pdok.nl/tno/bro-grondwatermonitoring-in-samenhang-karakteristieken/ogc/v1/collections/gm_gmw_monitoringtube/items/4fdc2aaa-92fe-5334-a2e5-14e692b33fc1", "gm_gmw_monitoringtube_fk": 39641, "bro_id": "GAR000000036115", "delivery_accountable_party": "30276683", "quality_regime": "IMBRO/A", "object_registration_time": "2023-01-13T22:29:08+01:00", "latest_addition_time": null, "registration_completion_time": "2023-01-13T22:29:08+01:00", "latest_correction_time": "2024-07-19T19:51:44+02:00", "under_review_time": null, "sampling_date_time": "1987-09-18T13:00:00+02:00", "imbro_xml_url": "https://publiek.broservices.nl/gm/gar/v1/objects/GAR000000036115"}, "geometry": {"type": "Point", "coordinates": [5.03223015, 52.14093228]}, "id": "36d5ecd3-a3a1-531f-a8a5-5318ec5dd4e6"}, {"type": "Feature", "properties": {"gm_gar_pk": 35795, "gm_gmw_monitoringtube.href": "https://api.pdok.nl/tno/bro-grondwatermonitoring-in-samenhang-karakteristieken/ogc/v1/collections/gm_gmw_monitoringtube/items/4fdc2aaa-92fe-5334-a2e5-14e692b33fc1", "gm_gmw_monitoringtube_fk": 39641, "bro_id": "GAR000000036116", "delivery_accountable_party": "30276683", "quality_regime": "IMBRO/A", "object_registration_time": "2023-01-13T22:29:11+01:00", "latest_addition_time": null, "registration_completion_time": "2023-01-13T22:29:11+01:00", "latest_correction_time": "2024-07-19T19:40:51+02:00", "under_review_time": null, "sampling_date_time": "1990-08-23T13:00:00+02:00", "imbro_xml_url": "https://publiek.broservices.nl/gm/gar/v1/objects/GAR000000036116"}, "geometry": {"type": "Point", "coordinates": [5.03223015, 52.14093228]}, "id": "374aa7a7-385b-5752-8436-33328346bfb5"}, {"type": "Feature", "properties": {"gm_gar_pk": 35796, "gm_gmw_monitoringtube.href": "https://api.pdok.nl/tno/bro-grondwatermonitoring-in-samenhang-karakteristieken/ogc/v1/collections/gm_gmw_monitoringtube/items/01f59b0b-1e09-5f5a-a9c6-6f7864573b50", "gm_gmw_monitoringtube_fk": 39323, "bro_id": "GAR000000036117", "delivery_accountable_party": "30276683", "quality_regime": "IMBRO/A", "object_registration_time": "2023-01-13T22:29:14+01:00", "latest_addition_time": null, "registration_completion_time": "2023-01-13T22:29:14+01:00", "latest_correction_time": "2026-02-20T14:31:15+01:00", "under_review_time": null, "sampling_date_time": "1982-03-10T12:00:00+01:00", "imbro_xml_url": "https://publiek.broservices.nl/gm/gar/v1/objects/GAR000000036117"}, "geometry": {"type": "Point", "coordinates": [5.140667605, 52.134344122]}, "id": "c10cdc87-cc7b-5faf-8968-91eea977fe79"}, {"type": "Feature", "properties": {"gm_gar_pk": 35797, "gm_gmw_monitoringtube.href": "https://api.pdok.nl/tno/bro-grondwatermonitoring-in-samenhang-karakteristieken/ogc/v1/collections/gm_gmw_monitoringtube/items/4fdc2aaa-92fe-5334-a2e5-14e692b33fc1", "gm_gmw_monitoringtube_fk": 39641, "bro_id": "GAR000000036118", "delivery_accountable_party": "30276683", "quality_regime": "IMBRO/A", "object_registration_time": "2023-01-13T22:29:17+01:00", "latest_addition_time": null, "registration_completion_time": "2023-01-13T22:29:17+01:00", "latest_correction_time": "2024-07-19T19:47:58+02:00", "under_review_time": null, "sampling_date_time": "1991-07-03T13:00:00+02:00", "imbro_xml_url": "https://publiek.broservices.nl/gm/gar/v1/objects/GAR000000036118"}, "geometry": {"type": "Point", "coordinates": [5.03223015, 52.14093228]}, "id": "9f1a57f0-2cb6-5e26-9ecd-a2cef7757d2c"}, {"type": "Feature", "properties": {"gm_gar_pk": 35798, "gm_gmw_monitoringtube.href": "https://api.pdok.nl/tno/bro-grondwatermonitoring-in-samenhang-karakteristieken/ogc/v1/collections/gm_gmw_monitoringtube/items/4fdc2aaa-92fe-5334-a2e5-14e692b33fc1", "gm_gmw_monitoringtube_fk": 39641, "bro_id": "GAR000000036119", "delivery_accountable_party": "30276683", "quality_regime": "IMBRO/A", "object_registration_time": "2023-01-13T22:29:20+01:00", "latest_addition_time": null, "registration_completion_time": "2023-01-13T22:29:20+01:00", "latest_correction_time": "2024-07-19T19:55:29+02:00", "under_review_time": null, "sampling_date_time": "1992-06-22T13:00:00+02:00", "imbro_xml_url": "https://publiek.broservices.nl/gm/gar/v1/objects/GAR000000036119"}, "geometry": {"type": "Point", "coordinates": [5.03223015, 52.14093228]}, "id": "93ca001d-d4ea-576d-8b9d-45aea1d9d78c"}, {"type": "Feature", "properties": {"gm_gar_pk": 35799, "gm_gmw_monitoringtube.href": "https://api.pdok.nl/tno/bro-grondwatermonitoring-in-samenhang-karakteristieken/ogc/v1/collections/gm_gmw_monitoringtube/items/4fdc2aaa-92fe-5334-a2e5-14e692b33fc1", "gm_gmw_monitoringtube_fk": 39641, "bro_id": "GAR000000036120", "delivery_accountable_party": "30276683", "quality_regime": "IMBRO/A", "object_registration_time": "2023-01-13T22:29:23+01:00", "latest_addition_time": null, "registration_completion_time": "2023-01-13T22:29:23+01:00", "latest_correction_time": "2024-07-19T19:45:12+02:00", "under_review_time": null, "sampling_date_time": "1995-04-06T13:00:00+02:00", "imbro_xml_url": "https://publiek.broservices.nl/gm/gar/v1/objects/GAR000000036120"}, "geometry": {"type": "Point", "coordinates": [5.03223015, 52.14093228]}, "id": "cf039aee-7fb9-532d-ad55-76d90803765b"}, {"type": "Feature", "properties": {"gm_gar_pk": 35800, "gm_gmw_monitoringtube.href": "https://api.pdok.nl/tno/bro-grondwatermonitoring-in-samenhang-karakteristieken/ogc/v1/collections/gm_gmw_monitoringtube/items/4fdc2aaa-92fe-5334-a2e5-14e692b33fc1", "gm_gmw_monitoringtube_fk": 39641, "bro_id": "GAR000000036121", "delivery_accountable_party": "30276683", "quality_regime": "IMBRO/A", "object_registration_time": "2023-01-13T22:29:27+01:00", "latest_addition_time": null, "registration_completion_time": "2023-01-13T22:29:27+01:00", "latest_correction_time": "2024-07-19T19:28:37+02:00", "under_review_time": null, "sampling_date_time": "1993-06-09T13:00:00+02:00", "imbro_xml_url": "https://publiek.broservices.nl/gm/gar/v1/objects/GAR000000036121"}, "geometry": {"type": "Point", "coordinates": [5.03223015, 52.14093228]}, "id": "06270375-9182-576f-bf41-ee57e24ba082"}, {"type": "Feature", "properties": {"gm_gar_pk": 35801, "gm_gmw_monitoringtube.href": "https://api.pdok.nl/tno/bro-grondwatermonitoring-in-samenhang-karakteristieken/ogc/v1/collections/gm_gmw_monitoringtube/items/01f59b0b-1e09-5f5a-a9c6-6f7864573b50", "gm_gmw_monitoringtube_fk": 39323, "bro_id": "GAR000000036122", "delivery_accountable_party": "30276683", "quality_regime": "IMBRO/A", "object_registration_time": "2023-01-13T22:29:30+01:00", "latest_addition_time": null, "registration_completion_time": "2023-01-13T22:29:30+01:00", "latest_correction_time": "2026-02-20T15:14:11+01:00", "under_review_time": null, "sampling_date_time": "1983-06-13T13:00:00+02:00", "imbro_xml_url": "https://publiek.broservices.nl/gm/gar/v1/objects/GAR000000036122"}, "geometry": {"type": "Point", "coordinates": [5.140667605, 52.134344122]}, "id": "3cd9be42-9447-525d-a997-98d780f380a6"}, {"type": "Feature", "properties": {"gm_gar_pk": 35802, "gm_gmw_monitoringtube.href": "https://api.pdok.nl/tno/bro-grondwatermonitoring-in-samenhang-karakteristieken/ogc/v1/collections/gm_gmw_monitoringtube/items/01f59b0b-1e09-5f5a-a9c6-6f7864573b50", "gm_gmw_monitoringtube_fk": 39323, "bro_id": "GAR000000036123", "delivery_accountable_party": "30276683", "quality_regime": "IMBRO/A", "object_registration_time": "2023-01-13T22:29:33+01:00", "latest_addition_time": null, "registration_completion_time": "2023-01-13T22:29:33+01:00", "latest_correction_time": "2026-02-20T15:39:24+01:00", "under_review_time": null, "sampling_date_time": "1985-08-28T13:00:00+02:00", "imbro_xml_url": "https://publiek.broservices.nl/gm/gar/v1/objects/GAR000000036123"}, "geometry": {"type": "Point", "coordinates": [5.140667605, 52.134344122]}, "id": "5b3e46a5-83d0-532d-9b9f-4a7913a30fd0"}, {"type": "Feature", "properties": {"gm_gar_pk": 35803, "gm_gmw_monitoringtube.href": "https://api.pdok.nl/tno/bro-grondwatermonitoring-in-samenhang-karakteristieken/ogc/v1/collections/gm_gmw_monitoringtube/items/01f59b0b-1e09-5f5a-a9c6-6f7864573b50", "gm_gmw_monitoringtube_fk": 39323, "bro_id": "GAR000000036124", "delivery_accountable_party": "30276683", "quality_regime": "IMBRO/A", "object_registration_time": "2023-01-13T22:29:36+01:00", "latest_addition_time": null, "registration_completion_time": "2023-01-13T22:29:36+01:00", "latest_correction_time": "2026-02-20T14:31:22+01:00", "under_review_time": null, "sampling_date_time": "1984-07-13T13:00:00+02:00", "imbro_xml_url": "https://publiek.broservices.nl/gm/gar/v1/objects/GAR000000036124"}, "geometry": {"type": "Point", "coordinates": [5.140667605, 52.134344122]}, "id": "d020a7f5-e9b2-586e-80ea-3a9c67b7309b"}, {"type": "Feature", "properties": {"gm_gar_pk": 35804, "gm_gmw_monitoringtube.href": "https://api.pdok.nl/tno/bro-grondwatermonitoring-in-samenhang-karakteristieken/ogc/v1/collections/gm_gmw_monitoringtube/items/01f59b0b-1e09-5f5a-a9c6-6f7864573b50", "gm_gmw_monitoringtube_fk": 39323, "bro_id": "GAR000000036125", "delivery_accountable_party": "30276683", "quality_regime": "IMBRO/A", "object_registration_time": "2023-01-13T22:29:39+01:00", "latest_addition_time": null, "registration_completion_time": "2023-01-13T22:29:39+01:00", "latest_correction_time": "2026-02-20T15:36:51+01:00", "under_review_time": null, "sampling_date_time": "1986-09-08T13:00:00+02:00", "imbro_xml_url": "https://publiek.broservices.nl/gm/gar/v1/objects/GAR000000036125"}, "geometry": {"type": "Point", "coordinates": [5.140667605, 52.134344122]}, "id": "4080fd31-4f87-54b2-9322-5b184218ae99"}, {"type": "Feature", "properties": {"gm_gar_pk": 35805, "gm_gmw_monitoringtube.href": "https://api.pdok.nl/tno/bro-grondwatermonitoring-in-samenhang-karakteristieken/ogc/v1/collections/gm_gmw_monitoringtube/items/01f59b0b-1e09-5f5a-a9c6-6f7864573b50", "gm_gmw_monitoringtube_fk": 39323, "bro_id": "GAR000000036126", "delivery_accountable_party": "30276683", "quality_regime": "IMBRO/A", "object_registration_time": "2023-01-13T22:29:42+01:00", "latest_addition_time": null, "registration_completion_time": "2023-01-13T22:29:42+01:00", "latest_correction_time": "2026-02-20T14:31:43+01:00", "under_review_time": null, "sampling_date_time": "1987-09-17T13:00:00+02:00", "imbro_xml_url": "https://publiek.broservices.nl/gm/gar/v1/objects/GAR000000036126"}, "geometry": {"type": "Point", "coordinates": [5.140667605, 52.134344122]}, "id": "679d018d-329f-5bcd-bba4-f16ca0913341"}, {"type": "Feature", "properties": {"gm_gar_pk": 35806, "gm_gmw_monitoringtube.href": "https://api.pdok.nl/tno/bro-grondwatermonitoring-in-samenhang-karakteristieken/ogc/v1/collections/gm_gmw_monitoringtube/items/01f59b0b-1e09-5f5a-a9c6-6f7864573b50", "gm_gmw_monitoringtube_fk": 39323, "bro_id": "GAR000000036127", "delivery_accountable_party": "30276683", "quality_regime": "IMBRO/A", "object_registration_time": "2023-01-13T22:29:45+01:00", "latest_addition_time": null, "registration_completion_time": "2023-01-13T22:29:45+01:00", "latest_correction_time": "2026-02-20T15:36:52+01:00", "under_review_time": null, "sampling_date_time": "1988-08-11T13:00:00+02:00", "imbro_xml_url": "https://publiek.broservices.nl/gm/gar/v1/objects/GAR000000036127"}, "geometry": {"type": "Point", "coordinates": [5.140667605, 52.134344122]}, "id": "24afad20-082e-5d5d-a30f-e9931c892821"}, {"type": "Feature", "properties": {"gm_gar_pk": 35807, "gm_gmw_monitoringtube.href": "https://api.pdok.nl/tno/bro-grondwatermonitoring-in-samenhang-karakteristieken/ogc/v1/collections/gm_gmw_monitoringtube/items/01f59b0b-1e09-5f5a-a9c6-6f7864573b50", "gm_gmw_monitoringtube_fk": 39323, "bro_id": "GAR000000036128", "delivery_accountable_party": "30276683", "quality_regime": "IMBRO/A", "object_registration_time": "2023-01-13T22:29:48+01:00", "latest_addition_time": null, "registration_completion_time": "2023-01-13T22:29:48+01:00", "latest_correction_time": "2026-02-20T14:32:03+01:00", "under_review_time": null, "sampling_date_time": "1990-08-17T13:00:00+02:00", "imbro_xml_url": "https://publiek.broservices.nl/gm/gar/v1/objects/GAR000000036128"}, "geometry": {"type": "Point", "coordinates": [5.140667605, 52.134344122]}, "id": "6cedc3e6-fc0e-549b-afa4-64615444fd5d"}, {"type": "Feature", "properties": {"gm_gar_pk": 35808, "gm_gmw_monitoringtube.href": "https://api.pdok.nl/tno/bro-grondwatermonitoring-in-samenhang-karakteristieken/ogc/v1/collections/gm_gmw_monitoringtube/items/01f59b0b-1e09-5f5a-a9c6-6f7864573b50", "gm_gmw_monitoringtube_fk": 39323, "bro_id": "GAR000000036129", "delivery_accountable_party": "30276683", "quality_regime": "IMBRO/A", "object_registration_time": "2023-01-13T22:29:51+01:00", "latest_addition_time": null, "registration_completion_time": "2023-01-13T22:29:51+01:00", "latest_correction_time": "2026-02-20T15:23:33+01:00", "under_review_time": null, "sampling_date_time": "1991-07-04T13:00:00+02:00", "imbro_xml_url": "https://publiek.broservices.nl/gm/gar/v1/objects/GAR000000036129"}, "geometry": {"type": "Point", "coordinates": [5.140667605, 52.134344122]}, "id": "bc7af0fa-872f-5145-acd8-d218ffee7efe"}, {"type": "Feature", "properties": {"gm_gar_pk": 35809, "gm_gmw_monitoringtube.href": "https://api.pdok.nl/tno/bro-grondwatermonitoring-in-samenhang-karakteristieken/ogc/v1/collections/gm_gmw_monitoringtube/items/01f59b0b-1e09-5f5a-a9c6-6f7864573b50", "gm_gmw_monitoringtube_fk": 39323, "bro_id": "GAR000000036130", "delivery_accountable_party": "30276683", "quality_regime": "IMBRO/A", "object_registration_time": "2023-01-13T22:29:54+01:00", "latest_addition_time": null, "registration_completion_time": "2023-01-13T22:29:54+01:00", "latest_correction_time": "2026-02-20T14:41:02+01:00", "under_review_time": null, "sampling_date_time": "1992-06-19T13:00:00+02:00", "imbro_xml_url": "https://publiek.broservices.nl/gm/gar/v1/objects/GAR000000036130"}, "geometry": {"type": "Point", "coordinates": [5.140667605, 52.134344122]}, "id": "2d43a1e0-8647-55ca-be24-2affe51bac31"}, {"type": "Feature", "properties": {"gm_gar_pk": 35810, "gm_gmw_monitoringtube.href": "https://api.pdok.nl/tno/bro-grondwatermonitoring-in-samenhang-karakteristieken/ogc/v1/collections/gm_gmw_monitoringtube/items/01f59b0b-1e09-5f5a-a9c6-6f7864573b50", "gm_gmw_monitoringtube_fk": 39323, "bro_id": "GAR000000036131", "delivery_accountable_party": "30276683", "quality_regime": "IMBRO/A", "object_registration_time": "2023-01-13T22:29:57+01:00", "latest_addition_time": null, "registration_completion_time": "2023-01-13T22:29:57+01:00", "latest_correction_time": "2026-02-20T14:41:14+01:00", "under_review_time": null, "sampling_date_time": "1993-06-17T13:00:00+02:00", "imbro_xml_url": "https://publiek.broservices.nl/gm/gar/v1/objects/GAR000000036131"}, "geometry": {"type": "Point", "coordinates": [5.140667605, 52.134344122]}, "id": "8108652f-d7aa-57c9-b49a-a4bd77a0201f"}, {"type": "Feature", "properties": {"gm_gar_pk": 35811, "gm_gmw_monitoringtube.href": "https://api.pdok.nl/tno/bro-grondwatermonitoring-in-samenhang-karakteristieken/ogc/v1/collections/gm_gmw_monitoringtube/items/01f59b0b-1e09-5f5a-a9c6-6f7864573b50", "gm_gmw_monitoringtube_fk": 39323, "bro_id": "GAR000000036132", "delivery_accountable_party": "30276683", "quality_regime": "IMBRO/A", "object_registration_time": "2023-01-13T22:30:00+01:00", "latest_addition_time": null, "registration_completion_time": "2023-01-13T22:30:00+01:00", "latest_correction_time": "2026-02-20T14:41:22+01:00", "under_review_time": null, "sampling_date_time": "1994-04-13T13:00:00+02:00", "imbro_xml_url": "https://publiek.broservices.nl/gm/gar/v1/objects/GAR000000036132"}, "geometry": {"type": "Point", "coordinates": [5.140667605, 52.134344122]}, "id": "8a48b21b-0f4f-53e7-946c-b3099769be0c"}, {"type": "Feature", "properties": {"gm_gar_pk": 35812, "gm_gmw_monitoringtube.href": "https://api.pdok.nl/tno/bro-grondwatermonitoring-in-samenhang-karakteristieken/ogc/v1/collections/gm_gmw_monitoringtube/items/01f59b0b-1e09-5f5a-a9c6-6f7864573b50", "gm_gmw_monitoringtube_fk": 39323, "bro_id": "GAR000000036133", "delivery_accountable_party": "30276683", "quality_regime": "IMBRO/A", "object_registration_time": "2023-01-13T22:30:04+01:00", "latest_addition_time": null, "registration_completion_time": "2023-01-13T22:30:04+01:00", "latest_correction_time": "2026-02-20T15:23:35+01:00", "under_review_time": null, "sampling_date_time": "1995-04-21T13:00:00+02:00", "imbro_xml_url": "https://publiek.broservices.nl/gm/gar/v1/objects/GAR000000036133"}, "geometry": {"type": "Point", "coordinates": [5.140667605, 52.134344122]}, "id": "331a373a-e3c6-57b3-b497-5d5392a856fa"}, {"type": "Feature", "properties": {"gm_gar_pk": 35813, "gm_gmw_monitoringtube.href": "https://api.pdok.nl/tno/bro-grondwatermonitoring-in-samenhang-karakteristieken/ogc/v1/collections/gm_gmw_monitoringtube/items/01f59b0b-1e09-5f5a-a9c6-6f7864573b50", "gm_gmw_monitoringtube_fk": 39323, "bro_id": "GAR000000036134", "delivery_accountable_party": "30276683", "quality_regime": "IMBRO/A", "object_registration_time": "2023-01-13T22:30:07+01:00", "latest_addition_time": null, "registration_completion_time": "2023-01-13T22:30:07+01:00", "latest_correction_time": "2026-02-20T15:30:22+01:00", "under_review_time": null, "sampling_date_time": "1997-08-15T13:00:00+02:00", "imbro_xml_url": "https://publiek.broservices.nl/gm/gar/v1/objects/GAR000000036134"}, "geometry": {"type": "Point", "coordinates": [5.140667605, 52.134344122]}, "id": "7d9941f2-1834-5edb-9551-07d4c3252994"}, {"type": "Feature", "properties": {"gm_gar_pk": 35814, "gm_gmw_monitoringtube.href": "https://api.pdok.nl/tno/bro-grondwatermonitoring-in-samenhang-karakteristieken/ogc/v1/collections/gm_gmw_monitoringtube/items/01f59b0b-1e09-5f5a-a9c6-6f7864573b50", "gm_gmw_monitoringtube_fk": 39323, "bro_id": "GAR000000036135", "delivery_accountable_party": "30276683", "quality_regime": "IMBRO/A", "object_registration_time": "2023-01-13T22:30:10+01:00", "latest_addition_time": null, "registration_completion_time": "2023-01-13T22:30:10+01:00", "latest_correction_time": "2026-02-20T15:35:47+01:00", "under_review_time": null, "sampling_date_time": "1998-06-02T13:00:00+02:00", "imbro_xml_url": "https://publiek.broservices.nl/gm/gar/v1/objects/GAR000000036135"}, "geometry": {"type": "Point", "coordinates": [5.140667605, 52.134344122]}, "id": "cc04a0a5-1c41-5196-bc0a-ab0cd03e22ad"}, {"type": "Feature", "properties": {"gm_gar_pk": 35815, "gm_gmw_monitoringtube.href": "https://api.pdok.nl/tno/bro-grondwatermonitoring-in-samenhang-karakteristieken/ogc/v1/collections/gm_gmw_monitoringtube/items/01f59b0b-1e09-5f5a-a9c6-6f7864573b50", "gm_gmw_monitoringtube_fk": 39323, "bro_id": "GAR000000036136", "delivery_accountable_party": "30276683", "quality_regime": "IMBRO/A", "object_registration_time": "2023-01-13T22:30:13+01:00", "latest_addition_time": null, "registration_completion_time": "2023-01-13T22:30:13+01:00", "latest_correction_time": "2026-02-20T15:23:37+01:00", "under_review_time": null, "sampling_date_time": "1996-04-16T13:00:00+02:00", "imbro_xml_url": "https://publiek.broservices.nl/gm/gar/v1/objects/GAR000000036136"}, "geometry": {"type": "Point", "coordinates": [5.140667605, 52.134344122]}, "id": "bb44305c-8134-58fb-91c8-5f64e88aaf45"}, {"type": "Feature", "properties": {"gm_gar_pk": 35816, "gm_gmw_monitoringtube.href": "https://api.pdok.nl/tno/bro-grondwatermonitoring-in-samenhang-karakteristieken/ogc/v1/collections/gm_gmw_monitoringtube/items/01f59b0b-1e09-5f5a-a9c6-6f7864573b50", "gm_gmw_monitoringtube_fk": 39323, "bro_id": "GAR000000036137", "delivery_accountable_party": "30276683", "quality_regime": "IMBRO/A", "object_registration_time": "2023-01-13T22:30:17+01:00", "latest_addition_time": null, "registration_completion_time": "2023-01-13T22:30:17+01:00", "latest_correction_time": "2026-02-20T14:41:56+01:00", "under_review_time": null, "sampling_date_time": "1999-06-09T13:00:00+02:00", "imbro_xml_url": "https://publiek.broservices.nl/gm/gar/v1/objects/GAR000000036137"}, "geometry": {"type": "Point", "coordinates": [5.140667605, 52.134344122]}, "id": "f162df1b-d3b6-5265-8dd5-dde56f2d1084"}, {"type": "Feature", "properties": {"gm_gar_pk": 35817, "gm_gmw_monitoringtube.href": "https://api.pdok.nl/tno/bro-grondwatermonitoring-in-samenhang-karakteristieken/ogc/v1/collections/gm_gmw_monitoringtube/items/01f59b0b-1e09-5f5a-a9c6-6f7864573b50", "gm_gmw_monitoringtube_fk": 39323, "bro_id": "GAR000000036138", "delivery_accountable_party": "30276683", "quality_regime": "IMBRO/A", "object_registration_time": "2023-01-13T22:30:20+01:00", "latest_addition_time": null, "registration_completion_time": "2023-01-13T22:30:20+01:00", "latest_correction_time": "2026-02-20T15:35:53+01:00", "under_review_time": null, "sampling_date_time": "2000-07-11T13:00:00+02:00", "imbro_xml_url": "https://publiek.broservices.nl/gm/gar/v1/objects/GAR000000036138"}, "geometry": {"type": "Point", "coordinates": [5.140667605, 52.134344122]}, "id": "b2b5f5eb-d2ab-557e-99dd-c2943ec79342"}, {"type": "Feature", "properties": {"gm_gar_pk": 35818, "gm_gmw_monitoringtube.href": "https://api.pdok.nl/tno/bro-grondwatermonitoring-in-samenhang-karakteristieken/ogc/v1/collections/gm_gmw_monitoringtube/items/01f59b0b-1e09-5f5a-a9c6-6f7864573b50", "gm_gmw_monitoringtube_fk": 39323, "bro_id": "GAR000000036139", "delivery_accountable_party": "30276683", "quality_regime": "IMBRO/A", "object_registration_time": "2023-01-13T22:30:23+01:00", "latest_addition_time": null, "registration_completion_time": "2023-01-13T22:30:23+01:00", "latest_correction_time": "2026-02-20T15:25:54+01:00", "under_review_time": null, "sampling_date_time": "2001-08-31T13:00:00+02:00", "imbro_xml_url": "https://publiek.broservices.nl/gm/gar/v1/objects/GAR000000036139"}, "geometry": {"type": "Point", "coordinates": [5.140667605, 52.134344122]}, "id": "a3c619e5-967e-5653-9a2b-d780e966bf73"}, {"type": "Feature", "properties": {"gm_gar_pk": 35819, "gm_gmw_monitoringtube.href": "https://api.pdok.nl/tno/bro-grondwatermonitoring-in-samenhang-karakteristieken/ogc/v1/collections/gm_gmw_monitoringtube/items/01f59b0b-1e09-5f5a-a9c6-6f7864573b50", "gm_gmw_monitoringtube_fk": 39323, "bro_id": "GAR000000036140", "delivery_accountable_party": "30276683", "quality_regime": "IMBRO/A", "object_registration_time": "2023-01-13T22:30:26+01:00", "latest_addition_time": null, "registration_completion_time": "2023-01-13T22:30:26+01:00", "latest_correction_time": "2026-02-20T15:02:30+01:00", "under_review_time": null, "sampling_date_time": "2002-07-02T13:00:00+02:00", "imbro_xml_url": "https://publiek.broservices.nl/gm/gar/v1/objects/GAR000000036140"}, "geometry": {"type": "Point", "coordinates": [5.140667605, 52.134344122]}, "id": "7672eced-3496-5383-bd38-6b0719652dea"}, {"type": "Feature", "properties": {"gm_gar_pk": 35820, "gm_gmw_monitoringtube.href": "https://api.pdok.nl/tno/bro-grondwatermonitoring-in-samenhang-karakteristieken/ogc/v1/collections/gm_gmw_monitoringtube/items/01f59b0b-1e09-5f5a-a9c6-6f7864573b50", "gm_gmw_monitoringtube_fk": 39323, "bro_id": "GAR000000036141", "delivery_accountable_party": "30276683", "quality_regime": "IMBRO/A", "object_registration_time": "2023-01-13T22:30:29+01:00", "latest_addition_time": null, "registration_completion_time": "2023-01-13T22:30:29+01:00", "latest_correction_time": "2026-02-20T15:02:41+01:00", "under_review_time": null, "sampling_date_time": "2003-05-23T13:00:00+02:00", "imbro_xml_url": "https://publiek.broservices.nl/gm/gar/v1/objects/GAR000000036141"}, "geometry": {"type": "Point", "coordinates": [5.140667605, 52.134344122]}, "id": "165d2d65-effc-5bcb-96ce-19b09c32619c"}, {"type": "Feature", "properties": {"gm_gar_pk": 35821, "gm_gmw_monitoringtube.href": "https://api.pdok.nl/tno/bro-grondwatermonitoring-in-samenhang-karakteristieken/ogc/v1/collections/gm_gmw_monitoringtube/items/01f59b0b-1e09-5f5a-a9c6-6f7864573b50", "gm_gmw_monitoringtube_fk": 39323, "bro_id": "GAR000000036142", "delivery_accountable_party": "30276683", "quality_regime": "IMBRO/A", "object_registration_time": "2023-01-13T22:30:32+01:00", "latest_addition_time": null, "registration_completion_time": "2023-01-13T22:30:32+01:00", "latest_correction_time": "2026-02-20T15:01:40+01:00", "under_review_time": null, "sampling_date_time": "2016-09-08T13:00:00+02:00", "imbro_xml_url": "https://publiek.broservices.nl/gm/gar/v1/objects/GAR000000036142"}, "geometry": {"type": "Point", "coordinates": [5.140667605, 52.134344122]}, "id": "fa0317b0-8953-52ae-bfb4-d8d73293080a"}, {"type": "Feature", "properties": {"gm_gar_pk": 35822, "gm_gmw_monitoringtube.href": "https://api.pdok.nl/tno/bro-grondwatermonitoring-in-samenhang-karakteristieken/ogc/v1/collections/gm_gmw_monitoringtube/items/305d51e1-8657-5085-ae8f-d79910e5c179", "gm_gmw_monitoringtube_fk": 39324, "bro_id": "GAR000000036143", "delivery_accountable_party": "30276683", "quality_regime": "IMBRO/A", "object_registration_time": "2023-01-13T22:30:35+01:00", "latest_addition_time": null, "registration_completion_time": "2023-01-13T22:30:35+01:00", "latest_correction_time": null, "under_review_time": null, "sampling_date_time": "1992-06-19T13:00:00+02:00", "imbro_xml_url": "https://publiek.broservices.nl/gm/gar/v1/objects/GAR000000036143"}, "geometry": {"type": "Point", "coordinates": [5.140667605, 52.134344122]}, "id": "095fc193-fe0b-543a-b2e8-b168877d835e"}, {"type": "Feature", "properties": {"gm_gar_pk": 35823, "gm_gmw_monitoringtube.href": "https://api.pdok.nl/tno/bro-grondwatermonitoring-in-samenhang-karakteristieken/ogc/v1/collections/gm_gmw_monitoringtube/items/305d51e1-8657-5085-ae8f-d79910e5c179", "gm_gmw_monitoringtube_fk": 39324, "bro_id": "GAR000000036144", "delivery_accountable_party": "30276683", "quality_regime": "IMBRO/A", "object_registration_time": "2023-01-13T22:30:38+01:00", "latest_addition_time": null, "registration_completion_time": "2023-01-13T22:30:38+01:00", "latest_correction_time": "2026-02-20T14:32:10+01:00", "under_review_time": null, "sampling_date_time": "1982-03-10T12:00:00+01:00", "imbro_xml_url": "https://publiek.broservices.nl/gm/gar/v1/objects/GAR000000036144"}, "geometry": {"type": "Point", "coordinates": [5.140667605, 52.134344122]}, "id": "60718bf3-a71b-5835-ba0e-b005d1f9a68b"}, {"type": "Feature", "properties": {"gm_gar_pk": 35824, "gm_gmw_monitoringtube.href": "https://api.pdok.nl/tno/bro-grondwatermonitoring-in-samenhang-karakteristieken/ogc/v1/collections/gm_gmw_monitoringtube/items/305d51e1-8657-5085-ae8f-d79910e5c179", "gm_gmw_monitoringtube_fk": 39324, "bro_id": "GAR000000036145", "delivery_accountable_party": "30276683", "quality_regime": "IMBRO/A", "object_registration_time": "2023-01-13T22:30:41+01:00", "latest_addition_time": null, "registration_completion_time": "2023-01-13T22:30:41+01:00", "latest_correction_time": null, "under_review_time": null, "sampling_date_time": "1990-08-17T13:00:00+02:00", "imbro_xml_url": "https://publiek.broservices.nl/gm/gar/v1/objects/GAR000000036145"}, "geometry": {"type": "Point", "coordinates": [5.140667605, 52.134344122]}, "id": "e3b4d61c-1ebe-56f8-9d63-243ed5185832"}, {"type": "Feature", "properties": {"gm_gar_pk": 35825, "gm_gmw_monitoringtube.href": "https://api.pdok.nl/tno/bro-grondwatermonitoring-in-samenhang-karakteristieken/ogc/v1/collections/gm_gmw_monitoringtube/items/305d51e1-8657-5085-ae8f-d79910e5c179", "gm_gmw_monitoringtube_fk": 39324, "bro_id": "GAR000000036146", "delivery_accountable_party": "30276683", "quality_regime": "IMBRO/A", "object_registration_time": "2023-01-13T22:30:44+01:00", "latest_addition_time": null, "registration_completion_time": "2023-01-13T22:30:44+01:00", "latest_correction_time": null, "under_review_time": null, "sampling_date_time": "1993-06-17T13:00:00+02:00", "imbro_xml_url": "https://publiek.broservices.nl/gm/gar/v1/objects/GAR000000036146"}, "geometry": {"type": "Point", "coordinates": [5.140667605, 52.134344122]}, "id": "68463467-b755-5e5f-9160-495dc1775038"}, {"type": "Feature", "properties": {"gm_gar_pk": 35826, "gm_gmw_monitoringtube.href": "https://api.pdok.nl/tno/bro-grondwatermonitoring-in-samenhang-karakteristieken/ogc/v1/collections/gm_gmw_monitoringtube/items/305d51e1-8657-5085-ae8f-d79910e5c179", "gm_gmw_monitoringtube_fk": 39324, "bro_id": "GAR000000036147", "delivery_accountable_party": "30276683", "quality_regime": "IMBRO/A", "object_registration_time": "2023-01-13T22:30:47+01:00", "latest_addition_time": null, "registration_completion_time": "2023-01-13T22:30:47+01:00", "latest_correction_time": null, "under_review_time": null, "sampling_date_time": "1998-06-02T13:00:00+02:00", "imbro_xml_url": "https://publiek.broservices.nl/gm/gar/v1/objects/GAR000000036147"}, "geometry": {"type": "Point", "coordinates": [5.140667605, 52.134344122]}, "id": "df59a45c-5874-5ef4-92a4-d3d4ad273379"}, {"type": "Feature", "properties": {"gm_gar_pk": 35827, "gm_gmw_monitoringtube.href": "https://api.pdok.nl/tno/bro-grondwatermonitoring-in-samenhang-karakteristieken/ogc/v1/collections/gm_gmw_monitoringtube/items/297bbd2e-9aef-50cf-bded-5fa39f9fac29", "gm_gmw_monitoringtube_fk": 39325, "bro_id": "GAR000000036148", "delivery_accountable_party": "30276683", "quality_regime": "IMBRO/A", "object_registration_time": "2023-01-13T22:30:50+01:00", "latest_addition_time": null, "registration_completion_time": "2023-01-13T22:30:50+01:00", "latest_correction_time": "2026-02-20T14:32:31+01:00", "under_review_time": null, "sampling_date_time": "1984-07-13T13:00:00+02:00", "imbro_xml_url": "https://publiek.broservices.nl/gm/gar/v1/objects/GAR000000036148"}, "geometry": {"type": "Point", "coordinates": [5.140667605, 52.134344122]}, "id": "39d2e4a4-46a6-59c5-be93-485273807bb7"}, {"type": "Feature", "properties": {"gm_gar_pk": 35828, "gm_gmw_monitoringtube.href": "https://api.pdok.nl/tno/bro-grondwatermonitoring-in-samenhang-karakteristieken/ogc/v1/collections/gm_gmw_monitoringtube/items/305d51e1-8657-5085-ae8f-d79910e5c179", "gm_gmw_monitoringtube_fk": 39324, "bro_id": "GAR000000036149", "delivery_accountable_party": "30276683", "quality_regime": "IMBRO/A", "object_registration_time": "2023-01-13T22:30:53+01:00", "latest_addition_time": null, "registration_completion_time": "2023-01-13T22:30:53+01:00", "latest_correction_time": null, "under_review_time": null, "sampling_date_time": "1996-04-16T13:00:00+02:00", "imbro_xml_url": "https://publiek.broservices.nl/gm/gar/v1/objects/GAR000000036149"}, "geometry": {"type": "Point", "coordinates": [5.140667605, 52.134344122]}, "id": "fd3f38a0-9368-54f8-be47-feb027ecbb87"}, {"type": "Feature", "properties": {"gm_gar_pk": 35829, "gm_gmw_monitoringtube.href": "https://api.pdok.nl/tno/bro-grondwatermonitoring-in-samenhang-karakteristieken/ogc/v1/collections/gm_gmw_monitoringtube/items/305d51e1-8657-5085-ae8f-d79910e5c179", "gm_gmw_monitoringtube_fk": 39324, "bro_id": "GAR000000036150", "delivery_accountable_party": "30276683", "quality_regime": "IMBRO/A", "object_registration_time": "2023-01-13T22:30:56+01:00", "latest_addition_time": null, "registration_completion_time": "2023-01-13T22:30:56+01:00", "latest_correction_time": null, "under_review_time": null, "sampling_date_time": "2002-07-02T13:00:00+02:00", "imbro_xml_url": "https://publiek.broservices.nl/gm/gar/v1/objects/GAR000000036150"}, "geometry": {"type": "Point", "coordinates": [5.140667605, 52.134344122]}, "id": "a10bbfb5-5ff5-5c31-b7f7-5b7f5e555d86"}, {"type": "Feature", "properties": {"gm_gar_pk": 35830, "gm_gmw_monitoringtube.href": "https://api.pdok.nl/tno/bro-grondwatermonitoring-in-samenhang-karakteristieken/ogc/v1/collections/gm_gmw_monitoringtube/items/297bbd2e-9aef-50cf-bded-5fa39f9fac29", "gm_gmw_monitoringtube_fk": 39325, "bro_id": "GAR000000036151", "delivery_accountable_party": "30276683", "quality_regime": "IMBRO/A", "object_registration_time": "2023-01-13T22:31:00+01:00", "latest_addition_time": null, "registration_completion_time": "2023-01-13T22:31:00+01:00", "latest_correction_time": "2026-02-20T15:36:54+01:00", "under_review_time": null, "sampling_date_time": "1986-09-08T13:00:00+02:00", "imbro_xml_url": "https://publiek.broservices.nl/gm/gar/v1/objects/GAR000000036151"}, "geometry": {"type": "Point", "coordinates": [5.140667605, 52.134344122]}, "id": "dd1c865e-aeb7-52fc-ac43-e68aa400c450"}, {"type": "Feature", "properties": {"gm_gar_pk": 35831, "gm_gmw_monitoringtube.href": "https://api.pdok.nl/tno/bro-grondwatermonitoring-in-samenhang-karakteristieken/ogc/v1/collections/gm_gmw_monitoringtube/items/297bbd2e-9aef-50cf-bded-5fa39f9fac29", "gm_gmw_monitoringtube_fk": 39325, "bro_id": "GAR000000036152", "delivery_accountable_party": "30276683", "quality_regime": "IMBRO/A", "object_registration_time": "2023-01-13T22:31:03+01:00", "latest_addition_time": null, "registration_completion_time": "2023-01-13T22:31:03+01:00", "latest_correction_time": "2026-02-20T15:36:56+01:00", "under_review_time": null, "sampling_date_time": "1987-09-17T13:00:00+02:00", "imbro_xml_url": "https://publiek.broservices.nl/gm/gar/v1/objects/GAR000000036152"}, "geometry": {"type": "Point", "coordinates": [5.140667605, 52.134344122]}, "id": "1f2695bf-eaad-5023-860d-f5be91d02a1b"}, {"type": "Feature", "properties": {"gm_gar_pk": 35832, "gm_gmw_monitoringtube.href": "https://api.pdok.nl/tno/bro-grondwatermonitoring-in-samenhang-karakteristieken/ogc/v1/collections/gm_gmw_monitoringtube/items/297bbd2e-9aef-50cf-bded-5fa39f9fac29", "gm_gmw_monitoringtube_fk": 39325, "bro_id": "GAR000000036153", "delivery_accountable_party": "30276683", "quality_regime": "IMBRO/A", "object_registration_time": "2023-01-13T22:31:06+01:00", "latest_addition_time": null, "registration_completion_time": "2023-01-13T22:31:06+01:00", "latest_correction_time": null, "under_review_time": null, "sampling_date_time": "2001-08-31T13:00:00+02:00", "imbro_xml_url": "https://publiek.broservices.nl/gm/gar/v1/objects/GAR000000036153"}, "geometry": {"type": "Point", "coordinates": [5.140667605, 52.134344122]}, "id": "7298f5f8-1b56-51d6-837d-32791e82d617"}, {"type": "Feature", "properties": {"gm_gar_pk": 35833, "gm_gmw_monitoringtube.href": "https://api.pdok.nl/tno/bro-grondwatermonitoring-in-samenhang-karakteristieken/ogc/v1/collections/gm_gmw_monitoringtube/items/297bbd2e-9aef-50cf-bded-5fa39f9fac29", "gm_gmw_monitoringtube_fk": 39325, "bro_id": "GAR000000036154", "delivery_accountable_party": "30276683", "quality_regime": "IMBRO/A", "object_registration_time": "2023-01-13T22:31:22+01:00", "latest_addition_time": null, "registration_completion_time": "2023-01-13T22:31:22+01:00", "latest_correction_time": "2026-02-20T14:32:17+01:00", "under_review_time": null, "sampling_date_time": "1982-03-10T12:00:00+01:00", "imbro_xml_url": "https://publiek.broservices.nl/gm/gar/v1/objects/GAR000000036154"}, "geometry": {"type": "Point", "coordinates": [5.140667605, 52.134344122]}, "id": "b9ac2fcf-35b7-5a30-8133-2f3bc3063eb7"}, {"type": "Feature", "properties": {"gm_gar_pk": 35834, "gm_gmw_monitoringtube.href": "https://api.pdok.nl/tno/bro-grondwatermonitoring-in-samenhang-karakteristieken/ogc/v1/collections/gm_gmw_monitoringtube/items/297bbd2e-9aef-50cf-bded-5fa39f9fac29", "gm_gmw_monitoringtube_fk": 39325, "bro_id": "GAR000000036155", "delivery_accountable_party": "30276683", "quality_regime": "IMBRO/A", "object_registration_time": "2023-01-13T22:31:25+01:00", "latest_addition_time": null, "registration_completion_time": "2023-01-13T22:31:25+01:00", "latest_correction_time": "2026-02-20T14:42:30+01:00", "under_review_time": null, "sampling_date_time": "1994-04-13T13:00:00+02:00", "imbro_xml_url": "https://publiek.broservices.nl/gm/gar/v1/objects/GAR000000036155"}, "geometry": {"type": "Point", "coordinates": [5.140667605, 52.134344122]}, "id": "efcdabb0-d9b0-5f59-bc55-ee4701bb2a4c"}, {"type": "Feature", "properties": {"gm_gar_pk": 35835, "gm_gmw_monitoringtube.href": "https://api.pdok.nl/tno/bro-grondwatermonitoring-in-samenhang-karakteristieken/ogc/v1/collections/gm_gmw_monitoringtube/items/297bbd2e-9aef-50cf-bded-5fa39f9fac29", "gm_gmw_monitoringtube_fk": 39325, "bro_id": "GAR000000036156", "delivery_accountable_party": "30276683", "quality_regime": "IMBRO/A", "object_registration_time": "2023-01-13T22:31:28+01:00", "latest_addition_time": null, "registration_completion_time": "2023-01-13T22:31:28+01:00", "latest_correction_time": null, "under_review_time": null, "sampling_date_time": "1999-06-09T13:00:00+02:00", "imbro_xml_url": "https://publiek.broservices.nl/gm/gar/v1/objects/GAR000000036156"}, "geometry": {"type": "Point", "coordinates": [5.140667605, 52.134344122]}, "id": "f6584451-985e-5768-a2d0-3677093ad8a7"}, {"type": "Feature", "properties": {"gm_gar_pk": 35836, "gm_gmw_monitoringtube.href": "https://api.pdok.nl/tno/bro-grondwatermonitoring-in-samenhang-karakteristieken/ogc/v1/collections/gm_gmw_monitoringtube/items/305d51e1-8657-5085-ae8f-d79910e5c179", "gm_gmw_monitoringtube_fk": 39324, "bro_id": "GAR000000036157", "delivery_accountable_party": "30276683", "quality_regime": "IMBRO/A", "object_registration_time": "2023-01-13T22:31:31+01:00", "latest_addition_time": null, "registration_completion_time": "2023-01-13T22:31:31+01:00", "latest_correction_time": null, "under_review_time": null, "sampling_date_time": "1999-06-09T13:00:00+02:00", "imbro_xml_url": "https://publiek.broservices.nl/gm/gar/v1/objects/GAR000000036157"}, "geometry": {"type": "Point", "coordinates": [5.140667605, 52.134344122]}, "id": "96136688-f664-59b8-8a0f-fabe39fcc0e4"}, {"type": "Feature", "properties": {"gm_gar_pk": 35837, "gm_gmw_monitoringtube.href": "https://api.pdok.nl/tno/bro-grondwatermonitoring-in-samenhang-karakteristieken/ogc/v1/collections/gm_gmw_monitoringtube/items/305d51e1-8657-5085-ae8f-d79910e5c179", "gm_gmw_monitoringtube_fk": 39324, "bro_id": "GAR000000036158", "delivery_accountable_party": "30276683", "quality_regime": "IMBRO/A", "object_registration_time": "2023-01-13T22:31:34+01:00", "latest_addition_time": null, "registration_completion_time": "2023-01-13T22:31:34+01:00", "latest_correction_time": null, "under_review_time": null, "sampling_date_time": "2000-07-11T13:00:00+02:00", "imbro_xml_url": "https://publiek.broservices.nl/gm/gar/v1/objects/GAR000000036158"}, "geometry": {"type": "Point", "coordinates": [5.140667605, 52.134344122]}, "id": "06810382-ee3b-5d5a-81a6-4992b217759a"}, {"type": "Feature", "properties": {"gm_gar_pk": 35838, "gm_gmw_monitoringtube.href": "https://api.pdok.nl/tno/bro-grondwatermonitoring-in-samenhang-karakteristieken/ogc/v1/collections/gm_gmw_monitoringtube/items/305d51e1-8657-5085-ae8f-d79910e5c179", "gm_gmw_monitoringtube_fk": 39324, "bro_id": "GAR000000036159", "delivery_accountable_party": "30276683", "quality_regime": "IMBRO/A", "object_registration_time": "2023-01-13T22:31:37+01:00", "latest_addition_time": null, "registration_completion_time": "2023-01-13T22:31:37+01:00", "latest_correction_time": null, "under_review_time": null, "sampling_date_time": "2001-08-31T13:00:00+02:00", "imbro_xml_url": "https://publiek.broservices.nl/gm/gar/v1/objects/GAR000000036159"}, "geometry": {"type": "Point", "coordinates": [5.140667605, 52.134344122]}, "id": "1cd1c460-1a23-585e-87a7-0a3fc12cb187"}, {"type": "Feature", "properties": {"gm_gar_pk": 35839, "gm_gmw_monitoringtube.href": "https://api.pdok.nl/tno/bro-grondwatermonitoring-in-samenhang-karakteristieken/ogc/v1/collections/gm_gmw_monitoringtube/items/305d51e1-8657-5085-ae8f-d79910e5c179", "gm_gmw_monitoringtube_fk": 39324, "bro_id": "GAR000000036160", "delivery_accountable_party": "30276683", "quality_regime": "IMBRO/A", "object_registration_time": "2023-01-13T22:31:40+01:00", "latest_addition_time": null, "registration_completion_time": "2023-01-13T22:31:40+01:00", "latest_correction_time": null, "under_review_time": null, "sampling_date_time": "2003-05-23T13:00:00+02:00", "imbro_xml_url": "https://publiek.broservices.nl/gm/gar/v1/objects/GAR000000036160"}, "geometry": {"type": "Point", "coordinates": [5.140667605, 52.134344122]}, "id": "dbd74f20-727b-556f-9599-7c391a7adc29"}, {"type": "Feature", "properties": {"gm_gar_pk": 35840, "gm_gmw_monitoringtube.href": "https://api.pdok.nl/tno/bro-grondwatermonitoring-in-samenhang-karakteristieken/ogc/v1/collections/gm_gmw_monitoringtube/items/297bbd2e-9aef-50cf-bded-5fa39f9fac29", "gm_gmw_monitoringtube_fk": 39325, "bro_id": "GAR000000036161", "delivery_accountable_party": "30276683", "quality_regime": "IMBRO/A", "object_registration_time": "2023-01-13T22:31:44+01:00", "latest_addition_time": null, "registration_completion_time": "2023-01-13T22:31:44+01:00", "latest_correction_time": "2026-02-20T14:42:10+01:00", "under_review_time": null, "sampling_date_time": "1991-07-04T13:00:00+02:00", "imbro_xml_url": "https://publiek.broservices.nl/gm/gar/v1/objects/GAR000000036161"}, "geometry": {"type": "Point", "coordinates": [5.140667605, 52.134344122]}, "id": "be91b9cb-4ed8-544f-916a-47a43cc0d024"}, {"type": "Feature", "properties": {"gm_gar_pk": 35841, "gm_gmw_monitoringtube.href": "https://api.pdok.nl/tno/bro-grondwatermonitoring-in-samenhang-karakteristieken/ogc/v1/collections/gm_gmw_monitoringtube/items/297bbd2e-9aef-50cf-bded-5fa39f9fac29", "gm_gmw_monitoringtube_fk": 39325, "bro_id": "GAR000000036162", "delivery_accountable_party": "30276683", "quality_regime": "IMBRO/A", "object_registration_time": "2023-01-13T22:31:47+01:00", "latest_addition_time": null, "registration_completion_time": "2023-01-13T22:31:47+01:00", "latest_correction_time": null, "under_review_time": null, "sampling_date_time": "1998-06-02T13:00:00+02:00", "imbro_xml_url": "https://publiek.broservices.nl/gm/gar/v1/objects/GAR000000036162"}, "geometry": {"type": "Point", "coordinates": [5.140667605, 52.134344122]}, "id": "248898a0-1e0b-5f49-b682-9f91885d23b5"}, {"type": "Feature", "properties": {"gm_gar_pk": 35842, "gm_gmw_monitoringtube.href": "https://api.pdok.nl/tno/bro-grondwatermonitoring-in-samenhang-karakteristieken/ogc/v1/collections/gm_gmw_monitoringtube/items/297bbd2e-9aef-50cf-bded-5fa39f9fac29", "gm_gmw_monitoringtube_fk": 39325, "bro_id": "GAR000000036163", "delivery_accountable_party": "30276683", "quality_regime": "IMBRO/A", "object_registration_time": "2023-01-13T22:31:50+01:00", "latest_addition_time": null, "registration_completion_time": "2023-01-13T22:31:50+01:00", "latest_correction_time": "2026-02-20T15:36:53+01:00", "under_review_time": null, "sampling_date_time": "1983-06-13T13:00:00+02:00", "imbro_xml_url": "https://publiek.broservices.nl/gm/gar/v1/objects/GAR000000036163"}, "geometry": {"type": "Point", "coordinates": [5.140667605, 52.134344122]}, "id": "cbe46026-64cb-5345-96da-a12e101c7319"}, {"type": "Feature", "properties": {"gm_gar_pk": 35843, "gm_gmw_monitoringtube.href": "https://api.pdok.nl/tno/bro-grondwatermonitoring-in-samenhang-karakteristieken/ogc/v1/collections/gm_gmw_monitoringtube/items/297bbd2e-9aef-50cf-bded-5fa39f9fac29", "gm_gmw_monitoringtube_fk": 39325, "bro_id": "GAR000000036164", "delivery_accountable_party": "30276683", "quality_regime": "IMBRO/A", "object_registration_time": "2023-01-13T22:31:53+01:00", "latest_addition_time": null, "registration_completion_time": "2023-01-13T22:31:53+01:00", "latest_correction_time": "2026-02-20T14:32:37+01:00", "under_review_time": null, "sampling_date_time": "1985-08-28T13:00:00+02:00", "imbro_xml_url": "https://publiek.broservices.nl/gm/gar/v1/objects/GAR000000036164"}, "geometry": {"type": "Point", "coordinates": [5.140667605, 52.134344122]}, "id": "25b16b6d-3a54-5b66-b3ba-94c7db47b6b7"}, {"type": "Feature", "properties": {"gm_gar_pk": 35844, "gm_gmw_monitoringtube.href": "https://api.pdok.nl/tno/bro-grondwatermonitoring-in-samenhang-karakteristieken/ogc/v1/collections/gm_gmw_monitoringtube/items/297bbd2e-9aef-50cf-bded-5fa39f9fac29", "gm_gmw_monitoringtube_fk": 39325, "bro_id": "GAR000000036165", "delivery_accountable_party": "30276683", "quality_regime": "IMBRO/A", "object_registration_time": "2023-01-13T22:31:56+01:00", "latest_addition_time": null, "registration_completion_time": "2023-01-13T22:31:56+01:00", "latest_correction_time": "2026-02-20T14:33:07+01:00", "under_review_time": null, "sampling_date_time": "1990-08-17T13:00:00+02:00", "imbro_xml_url": "https://publiek.broservices.nl/gm/gar/v1/objects/GAR000000036165"}, "geometry": {"type": "Point", "coordinates": [5.140667605, 52.134344122]}, "id": "69eae363-1d5f-5dfd-bad8-25582e483bc3"}, {"type": "Feature", "properties": {"gm_gar_pk": 35845, "gm_gmw_monitoringtube.href": "https://api.pdok.nl/tno/bro-grondwatermonitoring-in-samenhang-karakteristieken/ogc/v1/collections/gm_gmw_monitoringtube/items/297bbd2e-9aef-50cf-bded-5fa39f9fac29", "gm_gmw_monitoringtube_fk": 39325, "bro_id": "GAR000000036166", "delivery_accountable_party": "30276683", "quality_regime": "IMBRO/A", "object_registration_time": "2023-01-13T22:32:00+01:00", "latest_addition_time": null, "registration_completion_time": "2023-01-13T22:32:00+01:00", "latest_correction_time": "2026-02-20T15:36:57+01:00", "under_review_time": null, "sampling_date_time": "1988-08-11T13:00:00+02:00", "imbro_xml_url": "https://publiek.broservices.nl/gm/gar/v1/objects/GAR000000036166"}, "geometry": {"type": "Point", "coordinates": [5.140667605, 52.134344122]}, "id": "d79d2f08-f7ee-547c-a14d-d98e96ce1bb5"}, {"type": "Feature", "properties": {"gm_gar_pk": 35846, "gm_gmw_monitoringtube.href": "https://api.pdok.nl/tno/bro-grondwatermonitoring-in-samenhang-karakteristieken/ogc/v1/collections/gm_gmw_monitoringtube/items/297bbd2e-9aef-50cf-bded-5fa39f9fac29", "gm_gmw_monitoringtube_fk": 39325, "bro_id": "GAR000000036167", "delivery_accountable_party": "30276683", "quality_regime": "IMBRO/A", "object_registration_time": "2023-01-13T22:32:03+01:00", "latest_addition_time": null, "registration_completion_time": "2023-01-13T22:32:03+01:00", "latest_correction_time": "2026-02-20T15:36:58+01:00", "under_review_time": null, "sampling_date_time": "1989-09-26T12:00:00+01:00", "imbro_xml_url": "https://publiek.broservices.nl/gm/gar/v1/objects/GAR000000036167"}, "geometry": {"type": "Point", "coordinates": [5.140667605, 52.134344122]}, "id": "534391e8-0cdc-5065-ae7e-bb98193b3b1b"}, {"type": "Feature", "properties": {"gm_gar_pk": 35847, "gm_gmw_monitoringtube.href": "https://api.pdok.nl/tno/bro-grondwatermonitoring-in-samenhang-karakteristieken/ogc/v1/collections/gm_gmw_monitoringtube/items/297bbd2e-9aef-50cf-bded-5fa39f9fac29", "gm_gmw_monitoringtube_fk": 39325, "bro_id": "GAR000000036168", "delivery_accountable_party": "30276683", "quality_regime": "IMBRO/A", "object_registration_time": "2023-01-13T22:32:06+01:00", "latest_addition_time": null, "registration_completion_time": "2023-01-13T22:32:06+01:00", "latest_correction_time": "2026-02-20T15:30:24+01:00", "under_review_time": null, "sampling_date_time": "1992-06-19T13:00:00+02:00", "imbro_xml_url": "https://publiek.broservices.nl/gm/gar/v1/objects/GAR000000036168"}, "geometry": {"type": "Point", "coordinates": [5.140667605, 52.134344122]}, "id": "c671c99e-224f-590d-abb9-c2f742abc2e2"}, {"type": "Feature", "properties": {"gm_gar_pk": 35848, "gm_gmw_monitoringtube.href": "https://api.pdok.nl/tno/bro-grondwatermonitoring-in-samenhang-karakteristieken/ogc/v1/collections/gm_gmw_monitoringtube/items/297bbd2e-9aef-50cf-bded-5fa39f9fac29", "gm_gmw_monitoringtube_fk": 39325, "bro_id": "GAR000000036169", "delivery_accountable_party": "30276683", "quality_regime": "IMBRO/A", "object_registration_time": "2023-01-13T22:32:09+01:00", "latest_addition_time": null, "registration_completion_time": "2023-01-13T22:32:09+01:00", "latest_correction_time": "2026-02-20T15:35:18+01:00", "under_review_time": null, "sampling_date_time": "1993-06-17T13:00:00+02:00", "imbro_xml_url": "https://publiek.broservices.nl/gm/gar/v1/objects/GAR000000036169"}, "geometry": {"type": "Point", "coordinates": [5.140667605, 52.134344122]}, "id": "62e29b45-a68e-5ce9-9dcf-57c373701eb3"}, {"type": "Feature", "properties": {"gm_gar_pk": 35849, "gm_gmw_monitoringtube.href": "https://api.pdok.nl/tno/bro-grondwatermonitoring-in-samenhang-karakteristieken/ogc/v1/collections/gm_gmw_monitoringtube/items/297bbd2e-9aef-50cf-bded-5fa39f9fac29", "gm_gmw_monitoringtube_fk": 39325, "bro_id": "GAR000000036170", "delivery_accountable_party": "30276683", "quality_regime": "IMBRO/A", "object_registration_time": "2023-01-13T22:32:12+01:00", "latest_addition_time": null, "registration_completion_time": "2023-01-13T22:32:12+01:00", "latest_correction_time": "2026-02-20T15:35:20+01:00", "under_review_time": null, "sampling_date_time": "1995-04-21T13:00:00+02:00", "imbro_xml_url": "https://publiek.broservices.nl/gm/gar/v1/objects/GAR000000036170"}, "geometry": {"type": "Point", "coordinates": [5.140667605, 52.134344122]}, "id": "fe34c6d8-708f-5835-8856-c4e1bc942339"}, {"type": "Feature", "properties": {"gm_gar_pk": 35850, "gm_gmw_monitoringtube.href": "https://api.pdok.nl/tno/bro-grondwatermonitoring-in-samenhang-karakteristieken/ogc/v1/collections/gm_gmw_monitoringtube/items/297bbd2e-9aef-50cf-bded-5fa39f9fac29", "gm_gmw_monitoringtube_fk": 39325, "bro_id": "GAR000000036171", "delivery_accountable_party": "30276683", "quality_regime": "IMBRO/A", "object_registration_time": "2023-01-13T22:32:16+01:00", "latest_addition_time": null, "registration_completion_time": "2023-01-13T22:32:16+01:00", "latest_correction_time": "2026-02-20T15:01:05+01:00", "under_review_time": null, "sampling_date_time": "2012-06-19T13:00:00+02:00", "imbro_xml_url": "https://publiek.broservices.nl/gm/gar/v1/objects/GAR000000036171"}, "geometry": {"type": "Point", "coordinates": [5.140667605, 52.134344122]}, "id": "27988b0e-08b4-564d-99cb-9f90810652b5"}, {"type": "Feature", "properties": {"gm_gar_pk": 35851, "gm_gmw_monitoringtube.href": "https://api.pdok.nl/tno/bro-grondwatermonitoring-in-samenhang-karakteristieken/ogc/v1/collections/gm_gmw_monitoringtube/items/297bbd2e-9aef-50cf-bded-5fa39f9fac29", "gm_gmw_monitoringtube_fk": 39325, "bro_id": "GAR000000036172", "delivery_accountable_party": "30276683", "quality_regime": "IMBRO/A", "object_registration_time": "2023-01-13T22:32:19+01:00", "latest_addition_time": null, "registration_completion_time": "2023-01-13T22:32:19+01:00", "latest_correction_time": "2026-02-20T15:01:55+01:00", "under_review_time": null, "sampling_date_time": "2016-09-08T13:00:00+02:00", "imbro_xml_url": "https://publiek.broservices.nl/gm/gar/v1/objects/GAR000000036172"}, "geometry": {"type": "Point", "coordinates": [5.140667605, 52.134344122]}, "id": "3c67688b-9bd5-5ee8-80f5-31cea45e9398"}, {"type": "Feature", "properties": {"gm_gar_pk": 35852, "gm_gmw_monitoringtube.href": "https://api.pdok.nl/tno/bro-grondwatermonitoring-in-samenhang-karakteristieken/ogc/v1/collections/gm_gmw_monitoringtube/items/297bbd2e-9aef-50cf-bded-5fa39f9fac29", "gm_gmw_monitoringtube_fk": 39325, "bro_id": "GAR000000036173", "delivery_accountable_party": "30276683", "quality_regime": "IMBRO/A", "object_registration_time": "2023-01-13T22:32:22+01:00", "latest_addition_time": null, "registration_completion_time": "2023-01-13T22:32:22+01:00", "latest_correction_time": "2026-02-20T15:30:36+01:00", "under_review_time": null, "sampling_date_time": "1996-04-16T13:00:00+02:00", "imbro_xml_url": "https://publiek.broservices.nl/gm/gar/v1/objects/GAR000000036173"}, "geometry": {"type": "Point", "coordinates": [5.140667605, 52.134344122]}, "id": "f2324a93-46af-5737-b704-4ce168f31bde"}, {"type": "Feature", "properties": {"gm_gar_pk": 35853, "gm_gmw_monitoringtube.href": "https://api.pdok.nl/tno/bro-grondwatermonitoring-in-samenhang-karakteristieken/ogc/v1/collections/gm_gmw_monitoringtube/items/297bbd2e-9aef-50cf-bded-5fa39f9fac29", "gm_gmw_monitoringtube_fk": 39325, "bro_id": "GAR000000036174", "delivery_accountable_party": "30276683", "quality_regime": "IMBRO/A", "object_registration_time": "2023-01-13T22:32:25+01:00", "latest_addition_time": null, "registration_completion_time": "2023-01-13T22:32:25+01:00", "latest_correction_time": null, "under_review_time": null, "sampling_date_time": "1997-08-15T13:00:00+02:00", "imbro_xml_url": "https://publiek.broservices.nl/gm/gar/v1/objects/GAR000000036174"}, "geometry": {"type": "Point", "coordinates": [5.140667605, 52.134344122]}, "id": "4b408d07-a369-52bc-be9a-a40b88cbc4f5"}, {"type": "Feature", "properties": {"gm_gar_pk": 35854, "gm_gmw_monitoringtube.href": "https://api.pdok.nl/tno/bro-grondwatermonitoring-in-samenhang-karakteristieken/ogc/v1/collections/gm_gmw_monitoringtube/items/297bbd2e-9aef-50cf-bded-5fa39f9fac29", "gm_gmw_monitoringtube_fk": 39325, "bro_id": "GAR000000036175", "delivery_accountable_party": "30276683", "quality_regime": "IMBRO/A", "object_registration_time": "2023-01-13T22:32:28+01:00", "latest_addition_time": null, "registration_completion_time": "2023-01-13T22:32:28+01:00", "latest_correction_time": "2026-02-20T14:42:51+01:00", "under_review_time": null, "sampling_date_time": "2000-07-11T13:00:00+02:00", "imbro_xml_url": "https://publiek.broservices.nl/gm/gar/v1/objects/GAR000000036175"}, "geometry": {"type": "Point", "coordinates": [5.140667605, 52.134344122]}, "id": "097e8538-bf15-582f-8668-95c8fc30ae11"}, {"type": "Feature", "properties": {"gm_gar_pk": 35855, "gm_gmw_monitoringtube.href": "https://api.pdok.nl/tno/bro-grondwatermonitoring-in-samenhang-karakteristieken/ogc/v1/collections/gm_gmw_monitoringtube/items/297bbd2e-9aef-50cf-bded-5fa39f9fac29", "gm_gmw_monitoringtube_fk": 39325, "bro_id": "GAR000000036176", "delivery_accountable_party": "30276683", "quality_regime": "IMBRO/A", "object_registration_time": "2023-01-13T22:32:32+01:00", "latest_addition_time": null, "registration_completion_time": "2023-01-13T22:32:32+01:00", "latest_correction_time": null, "under_review_time": null, "sampling_date_time": "2003-05-23T13:00:00+02:00", "imbro_xml_url": "https://publiek.broservices.nl/gm/gar/v1/objects/GAR000000036176"}, "geometry": {"type": "Point", "coordinates": [5.140667605, 52.134344122]}, "id": "4d8a1a47-6abb-591a-85a1-c30482ba7a25"}, {"type": "Feature", "properties": {"gm_gar_pk": 35856, "gm_gmw_monitoringtube.href": "https://api.pdok.nl/tno/bro-grondwatermonitoring-in-samenhang-karakteristieken/ogc/v1/collections/gm_gmw_monitoringtube/items/297bbd2e-9aef-50cf-bded-5fa39f9fac29", "gm_gmw_monitoringtube_fk": 39325, "bro_id": "GAR000000036177", "delivery_accountable_party": "30276683", "quality_regime": "IMBRO/A", "object_registration_time": "2023-01-13T22:32:35+01:00", "latest_addition_time": null, "registration_completion_time": "2023-01-13T22:32:35+01:00", "latest_correction_time": null, "under_review_time": null, "sampling_date_time": "2002-07-02T13:00:00+02:00", "imbro_xml_url": "https://publiek.broservices.nl/gm/gar/v1/objects/GAR000000036177"}, "geometry": {"type": "Point", "coordinates": [5.140667605, 52.134344122]}, "id": "026f13bb-d2c6-523d-9f77-f9d61fdfae20"}, {"type": "Feature", "properties": {"gm_gar_pk": 35900, "gm_gmw_monitoringtube.href": "https://api.pdok.nl/tno/bro-grondwatermonitoring-in-samenhang-karakteristieken/ogc/v1/collections/gm_gmw_monitoringtube/items/0f85d2d2-f017-5e46-9490-a418996c9848", "gm_gmw_monitoringtube_fk": 39078, "bro_id": "GAR000000036221", "delivery_accountable_party": "30276683", "quality_regime": "IMBRO/A", "object_registration_time": "2023-01-13T22:39:26+01:00", "latest_addition_time": null, "registration_completion_time": "2023-01-13T22:39:26+01:00", "latest_correction_time": "2026-02-20T15:38:26+01:00", "under_review_time": null, "sampling_date_time": "1988-08-11T13:00:00+02:00", "imbro_xml_url": "https://publiek.broservices.nl/gm/gar/v1/objects/GAR000000036221"}, "geometry": {"type": "Point", "coordinates": [5.220059644, 52.135058142]}, "id": "95a98618-f533-5c49-a6da-01046e4478ac"}, {"type": "Feature", "properties": {"gm_gar_pk": 35902, "gm_gmw_monitoringtube.href": "https://api.pdok.nl/tno/bro-grondwatermonitoring-in-samenhang-karakteristieken/ogc/v1/collections/gm_gmw_monitoringtube/items/0f85d2d2-f017-5e46-9490-a418996c9848", "gm_gmw_monitoringtube_fk": 39078, "bro_id": "GAR000000036223", "delivery_accountable_party": "30276683", "quality_regime": "IMBRO/A", "object_registration_time": "2023-01-13T22:39:37+01:00", "latest_addition_time": null, "registration_completion_time": "2023-01-13T22:39:37+01:00", "latest_correction_time": "2026-02-20T14:41:42+01:00", "under_review_time": null, "sampling_date_time": "2005-04-25T13:00:00+02:00", "imbro_xml_url": "https://publiek.broservices.nl/gm/gar/v1/objects/GAR000000036223"}, "geometry": {"type": "Point", "coordinates": [5.220059644, 52.135058142]}, "id": "9507e63b-09cc-5383-8cfd-92167ccb4742"}, {"type": "Feature", "properties": {"gm_gar_pk": 35904, "gm_gmw_monitoringtube.href": "https://api.pdok.nl/tno/bro-grondwatermonitoring-in-samenhang-karakteristieken/ogc/v1/collections/gm_gmw_monitoringtube/items/0f85d2d2-f017-5e46-9490-a418996c9848", "gm_gmw_monitoringtube_fk": 39078, "bro_id": "GAR000000036225", "delivery_accountable_party": "30276683", "quality_regime": "IMBRO/A", "object_registration_time": "2023-01-13T22:39:49+01:00", "latest_addition_time": null, "registration_completion_time": "2023-01-13T22:39:49+01:00", "latest_correction_time": "2026-02-20T15:39:08+01:00", "under_review_time": null, "sampling_date_time": "1995-04-24T13:00:00+02:00", "imbro_xml_url": "https://publiek.broservices.nl/gm/gar/v1/objects/GAR000000036225"}, "geometry": {"type": "Point", "coordinates": [5.220059644, 52.135058142]}, "id": "485a137c-87ba-56a0-b48c-a4897f700652"}, {"type": "Feature", "properties": {"gm_gar_pk": 35905, "gm_gmw_monitoringtube.href": "https://api.pdok.nl/tno/bro-grondwatermonitoring-in-samenhang-karakteristieken/ogc/v1/collections/gm_gmw_monitoringtube/items/0f85d2d2-f017-5e46-9490-a418996c9848", "gm_gmw_monitoringtube_fk": 39078, "bro_id": "GAR000000036226", "delivery_accountable_party": "30276683", "quality_regime": "IMBRO/A", "object_registration_time": "2023-01-13T22:39:55+01:00", "latest_addition_time": null, "registration_completion_time": "2023-01-13T22:39:55+01:00", "latest_correction_time": "2026-02-20T14:39:30+01:00", "under_review_time": null, "sampling_date_time": "2007-10-02T13:00:00+02:00", "imbro_xml_url": "https://publiek.broservices.nl/gm/gar/v1/objects/GAR000000036226"}, "geometry": {"type": "Point", "coordinates": [5.220059644, 52.135058142]}, "id": "ea0546b0-ef80-5cd9-b33e-c685eb326d08"}, {"type": "Feature", "properties": {"gm_gar_pk": 35908, "gm_gmw_monitoringtube.href": "https://api.pdok.nl/tno/bro-grondwatermonitoring-in-samenhang-karakteristieken/ogc/v1/collections/gm_gmw_monitoringtube/items/2fe49573-f424-5cf1-9e2f-da21694680e4", "gm_gmw_monitoringtube_fk": 39199, "bro_id": "GAR000000036229", "delivery_accountable_party": "30276683", "quality_regime": "IMBRO/A", "object_registration_time": "2023-01-13T22:40:14+01:00", "latest_addition_time": null, "registration_completion_time": "2023-01-13T22:40:14+01:00", "latest_correction_time": "2026-02-20T14:31:30+01:00", "under_review_time": null, "sampling_date_time": "1999-06-10T13:00:00+02:00", "imbro_xml_url": "https://publiek.broservices.nl/gm/gar/v1/objects/GAR000000036229"}, "geometry": {"type": "Point", "coordinates": [4.96083363, 52.06508784]}, "id": "09a9f9bb-3180-59e3-acb9-f3fe4c276422"}, {"type": "Feature", "properties": {"gm_gar_pk": 35910, "gm_gmw_monitoringtube.href": "https://api.pdok.nl/tno/bro-grondwatermonitoring-in-samenhang-karakteristieken/ogc/v1/collections/gm_gmw_monitoringtube/items/9a383ff3-8376-55cc-8903-5dbdd69119ed", "gm_gmw_monitoringtube_fk": 39504, "bro_id": "GAR000000036231", "delivery_accountable_party": "30276683", "quality_regime": "IMBRO/A", "object_registration_time": "2023-01-13T22:40:26+01:00", "latest_addition_time": null, "registration_completion_time": "2023-01-13T22:40:26+01:00", "latest_correction_time": "2026-02-20T15:15:08+01:00", "under_review_time": null, "sampling_date_time": "2005-04-25T13:00:00+02:00", "imbro_xml_url": "https://publiek.broservices.nl/gm/gar/v1/objects/GAR000000036231"}, "geometry": {"type": "Point", "coordinates": [5.02895175, 52.09430118]}, "id": "622becce-ca5b-56f4-8eba-250f41d65d6e"}, {"type": "Feature", "properties": {"gm_gar_pk": 35917, "gm_gmw_monitoringtube.href": "https://api.pdok.nl/tno/bro-grondwatermonitoring-in-samenhang-karakteristieken/ogc/v1/collections/gm_gmw_monitoringtube/items/305d51e1-8657-5085-ae8f-d79910e5c179", "gm_gmw_monitoringtube_fk": 39324, "bro_id": "GAR000000036238", "delivery_accountable_party": "30276683", "quality_regime": "IMBRO/A", "object_registration_time": "2023-01-13T22:43:05+01:00", "latest_addition_time": null, "registration_completion_time": "2023-01-13T22:43:05+01:00", "latest_correction_time": null, "under_review_time": null, "sampling_date_time": "1997-08-15T13:00:00+02:00", "imbro_xml_url": "https://publiek.broservices.nl/gm/gar/v1/objects/GAR000000036238"}, "geometry": {"type": "Point", "coordinates": [5.140667605, 52.134344122]}, "id": "2ee544cc-0b99-504f-99c7-48f2142228aa"}, {"type": "Feature", "properties": {"gm_gar_pk": 35921, "gm_gmw_monitoringtube.href": "https://api.pdok.nl/tno/bro-grondwatermonitoring-in-samenhang-karakteristieken/ogc/v1/collections/gm_gmw_monitoringtube/items/01f59b0b-1e09-5f5a-a9c6-6f7864573b50", "gm_gmw_monitoringtube_fk": 39323, "bro_id": "GAR000000036242", "delivery_accountable_party": "30276683", "quality_regime": "IMBRO/A", "object_registration_time": "2023-01-13T22:43:30+01:00", "latest_addition_time": null, "registration_completion_time": "2023-01-13T22:43:30+01:00", "latest_correction_time": "2026-02-20T15:00:38+01:00", "under_review_time": null, "sampling_date_time": "2011-01-28T12:00:00+01:00", "imbro_xml_url": "https://publiek.broservices.nl/gm/gar/v1/objects/GAR000000036242"}, "geometry": {"type": "Point", "coordinates": [5.140667605, 52.134344122]}, "id": "41d68d94-094d-5506-a396-a2fbebe3b213"}, {"type": "Feature", "properties": {"gm_gar_pk": 35962, "gm_gmw_monitoringtube.href": "https://api.pdok.nl/tno/bro-grondwatermonitoring-in-samenhang-karakteristieken/ogc/v1/collections/gm_gmw_monitoringtube/items/5c50d41a-d8f8-5758-9f6c-a022203cc594", "gm_gmw_monitoringtube_fk": 39670, "bro_id": "GAR000000036283", "delivery_accountable_party": "30276683", "quality_regime": "IMBRO/A", "object_registration_time": "2023-01-16T13:06:10+01:00", "latest_addition_time": null, "registration_completion_time": "2023-01-16T13:06:10+01:00", "latest_correction_time": "2026-02-20T14:54:59+01:00", "under_review_time": null, "sampling_date_time": "1983-06-17T13:00:00+02:00", "imbro_xml_url": "https://publiek.broservices.nl/gm/gar/v1/objects/GAR000000036283"}, "geometry": {"type": "Point", "coordinates": [5.16151633, 52.03271933]}, "id": "702e4362-c896-51e0-9839-5070da41ee8d"}, {"type": "Feature", "properties": {"gm_gar_pk": 35998, "gm_gmw_monitoringtube.href": "https://api.pdok.nl/tno/bro-grondwatermonitoring-in-samenhang-karakteristieken/ogc/v1/collections/gm_gmw_monitoringtube/items/5c50d41a-d8f8-5758-9f6c-a022203cc594", "gm_gmw_monitoringtube_fk": 39670, "bro_id": "GAR000000036319", "delivery_accountable_party": "30276683", "quality_regime": "IMBRO/A", "object_registration_time": "2023-01-16T13:07:51+01:00", "latest_addition_time": null, "registration_completion_time": "2023-01-16T13:07:51+01:00", "latest_correction_time": "2026-02-20T14:54:52+01:00", "under_review_time": null, "sampling_date_time": "1982-03-09T12:00:00+01:00", "imbro_xml_url": "https://publiek.broservices.nl/gm/gar/v1/objects/GAR000000036319"}, "geometry": {"type": "Point", "coordinates": [5.16151633, 52.03271933]}, "id": "b55cb4bd-c934-5382-b2f4-96eb35a09c2e"}, {"type": "Feature", "properties": {"gm_gar_pk": 35999, "gm_gmw_monitoringtube.href": "https://api.pdok.nl/tno/bro-grondwatermonitoring-in-samenhang-karakteristieken/ogc/v1/collections/gm_gmw_monitoringtube/items/5c50d41a-d8f8-5758-9f6c-a022203cc594", "gm_gmw_monitoringtube_fk": 39670, "bro_id": "GAR000000036320", "delivery_accountable_party": "30276683", "quality_regime": "IMBRO/A", "object_registration_time": "2023-01-16T13:07:54+01:00", "latest_addition_time": null, "registration_completion_time": "2023-01-16T13:07:54+01:00", "latest_correction_time": "2026-02-20T14:55:05+01:00", "under_review_time": null, "sampling_date_time": "1984-07-16T13:00:00+02:00", "imbro_xml_url": "https://publiek.broservices.nl/gm/gar/v1/objects/GAR000000036320"}, "geometry": {"type": "Point", "coordinates": [5.16151633, 52.03271933]}, "id": "3a1fac80-d5f2-5768-9ee9-27c2688b95e2"}, {"type": "Feature", "properties": {"gm_gar_pk": 36003, "gm_gmw_monitoringtube.href": "https://api.pdok.nl/tno/bro-grondwatermonitoring-in-samenhang-karakteristieken/ogc/v1/collections/gm_gmw_monitoringtube/items/5c50d41a-d8f8-5758-9f6c-a022203cc594", "gm_gmw_monitoringtube_fk": 39670, "bro_id": "GAR000000036324", "delivery_accountable_party": "30276683", "quality_regime": "IMBRO/A", "object_registration_time": "2023-01-16T13:08:05+01:00", "latest_addition_time": null, "registration_completion_time": "2023-01-16T13:08:05+01:00", "latest_correction_time": "2026-02-20T14:55:12+01:00", "under_review_time": null, "sampling_date_time": "1985-08-27T13:00:00+02:00", "imbro_xml_url": "https://publiek.broservices.nl/gm/gar/v1/objects/GAR000000036324"}, "geometry": {"type": "Point", "coordinates": [5.16151633, 52.03271933]}, "id": "65ee5dca-6c65-57ea-ae07-e3373c1770c3"}, {"type": "Feature", "properties": {"gm_gar_pk": 36004, "gm_gmw_monitoringtube.href": "https://api.pdok.nl/tno/bro-grondwatermonitoring-in-samenhang-karakteristieken/ogc/v1/collections/gm_gmw_monitoringtube/items/5c50d41a-d8f8-5758-9f6c-a022203cc594", "gm_gmw_monitoringtube_fk": 39670, "bro_id": "GAR000000036325", "delivery_accountable_party": "30276683", "quality_regime": "IMBRO/A", "object_registration_time": "2023-01-16T13:08:08+01:00", "latest_addition_time": null, "registration_completion_time": "2023-01-16T13:08:08+01:00", "latest_correction_time": "2026-02-20T14:55:19+01:00", "under_review_time": null, "sampling_date_time": "1986-09-09T13:00:00+02:00", "imbro_xml_url": "https://publiek.broservices.nl/gm/gar/v1/objects/GAR000000036325"}, "geometry": {"type": "Point", "coordinates": [5.16151633, 52.03271933]}, "id": "60dec334-ec38-5c14-9c27-45900cea25c8"}, {"type": "Feature", "properties": {"gm_gar_pk": 36005, "gm_gmw_monitoringtube.href": "https://api.pdok.nl/tno/bro-grondwatermonitoring-in-samenhang-karakteristieken/ogc/v1/collections/gm_gmw_monitoringtube/items/5c50d41a-d8f8-5758-9f6c-a022203cc594", "gm_gmw_monitoringtube_fk": 39670, "bro_id": "GAR000000036326", "delivery_accountable_party": "30276683", "quality_regime": "IMBRO/A", "object_registration_time": "2023-01-16T13:08:10+01:00", "latest_addition_time": null, "registration_completion_time": "2023-01-16T13:08:10+01:00", "latest_correction_time": "2026-02-20T14:55:25+01:00", "under_review_time": null, "sampling_date_time": "1987-09-22T13:00:00+02:00", "imbro_xml_url": "https://publiek.broservices.nl/gm/gar/v1/objects/GAR000000036326"}, "geometry": {"type": "Point", "coordinates": [5.16151633, 52.03271933]}, "id": "df151c41-e746-5349-afef-7c277956cc45"}, {"type": "Feature", "properties": {"gm_gar_pk": 36006, "gm_gmw_monitoringtube.href": "https://api.pdok.nl/tno/bro-grondwatermonitoring-in-samenhang-karakteristieken/ogc/v1/collections/gm_gmw_monitoringtube/items/5c50d41a-d8f8-5758-9f6c-a022203cc594", "gm_gmw_monitoringtube_fk": 39670, "bro_id": "GAR000000036327", "delivery_accountable_party": "30276683", "quality_regime": "IMBRO/A", "object_registration_time": "2023-01-16T13:08:13+01:00", "latest_addition_time": null, "registration_completion_time": "2023-01-16T13:08:13+01:00", "latest_correction_time": "2026-02-20T14:55:32+01:00", "under_review_time": null, "sampling_date_time": "1988-08-15T13:00:00+02:00", "imbro_xml_url": "https://publiek.broservices.nl/gm/gar/v1/objects/GAR000000036327"}, "geometry": {"type": "Point", "coordinates": [5.16151633, 52.03271933]}, "id": "01af6142-1d4d-58fe-ae04-ca069cce0e74"}, {"type": "Feature", "properties": {"gm_gar_pk": 36008, "gm_gmw_monitoringtube.href": "https://api.pdok.nl/tno/bro-grondwatermonitoring-in-samenhang-karakteristieken/ogc/v1/collections/gm_gmw_monitoringtube/items/5c50d41a-d8f8-5758-9f6c-a022203cc594", "gm_gmw_monitoringtube_fk": 39670, "bro_id": "GAR000000036329", "delivery_accountable_party": "30276683", "quality_regime": "IMBRO/A", "object_registration_time": "2023-01-16T13:08:18+01:00", "latest_addition_time": null, "registration_completion_time": "2023-01-16T13:08:18+01:00", "latest_correction_time": "2026-02-20T14:55:39+01:00", "under_review_time": null, "sampling_date_time": "1989-10-11T12:00:00+01:00", "imbro_xml_url": "https://publiek.broservices.nl/gm/gar/v1/objects/GAR000000036329"}, "geometry": {"type": "Point", "coordinates": [5.16151633, 52.03271933]}, "id": "efdeeaac-e0b3-5df3-a4c0-6c5919f22c4d"}, {"type": "Feature", "properties": {"gm_gar_pk": 36013, "gm_gmw_monitoringtube.href": "https://api.pdok.nl/tno/bro-grondwatermonitoring-in-samenhang-karakteristieken/ogc/v1/collections/gm_gmw_monitoringtube/items/5c50d41a-d8f8-5758-9f6c-a022203cc594", "gm_gmw_monitoringtube_fk": 39670, "bro_id": "GAR000000036334", "delivery_accountable_party": "30276683", "quality_regime": "IMBRO/A", "object_registration_time": "2023-01-16T13:08:31+01:00", "latest_addition_time": null, "registration_completion_time": "2023-01-16T13:08:31+01:00", "latest_correction_time": "2026-02-20T14:55:46+01:00", "under_review_time": null, "sampling_date_time": "1990-08-28T13:00:00+02:00", "imbro_xml_url": "https://publiek.broservices.nl/gm/gar/v1/objects/GAR000000036334"}, "geometry": {"type": "Point", "coordinates": [5.16151633, 52.03271933]}, "id": "e3ef5c7b-f94d-5e8b-bd78-9e189cd14e59"}, {"type": "Feature", "properties": {"gm_gar_pk": 36014, "gm_gmw_monitoringtube.href": "https://api.pdok.nl/tno/bro-grondwatermonitoring-in-samenhang-karakteristieken/ogc/v1/collections/gm_gmw_monitoringtube/items/5c50d41a-d8f8-5758-9f6c-a022203cc594", "gm_gmw_monitoringtube_fk": 39670, "bro_id": "GAR000000036335", "delivery_accountable_party": "30276683", "quality_regime": "IMBRO/A", "object_registration_time": "2023-01-16T13:08:34+01:00", "latest_addition_time": null, "registration_completion_time": "2023-01-16T13:08:34+01:00", "latest_correction_time": "2026-02-20T15:20:28+01:00", "under_review_time": null, "sampling_date_time": "1992-06-23T13:00:00+02:00", "imbro_xml_url": "https://publiek.broservices.nl/gm/gar/v1/objects/GAR000000036335"}, "geometry": {"type": "Point", "coordinates": [5.16151633, 52.03271933]}, "id": "38d353c6-94d7-583f-b196-6c3e8b29e931"}, {"type": "Feature", "properties": {"gm_gar_pk": 36015, "gm_gmw_monitoringtube.href": "https://api.pdok.nl/tno/bro-grondwatermonitoring-in-samenhang-karakteristieken/ogc/v1/collections/gm_gmw_monitoringtube/items/5c50d41a-d8f8-5758-9f6c-a022203cc594", "gm_gmw_monitoringtube_fk": 39670, "bro_id": "GAR000000036336", "delivery_accountable_party": "30276683", "quality_regime": "IMBRO/A", "object_registration_time": "2023-01-16T13:08:37+01:00", "latest_addition_time": null, "registration_completion_time": "2023-01-16T13:08:37+01:00", "latest_correction_time": "2026-02-20T15:20:35+01:00", "under_review_time": null, "sampling_date_time": "1993-06-14T13:00:00+02:00", "imbro_xml_url": "https://publiek.broservices.nl/gm/gar/v1/objects/GAR000000036336"}, "geometry": {"type": "Point", "coordinates": [5.16151633, 52.03271933]}, "id": "64e8ed41-8042-58c1-8baa-1075e3492806"}, {"type": "Feature", "properties": {"gm_gar_pk": 36017, "gm_gmw_monitoringtube.href": "https://api.pdok.nl/tno/bro-grondwatermonitoring-in-samenhang-karakteristieken/ogc/v1/collections/gm_gmw_monitoringtube/items/5c50d41a-d8f8-5758-9f6c-a022203cc594", "gm_gmw_monitoringtube_fk": 39670, "bro_id": "GAR000000036338", "delivery_accountable_party": "30276683", "quality_regime": "IMBRO/A", "object_registration_time": "2023-01-16T13:08:42+01:00", "latest_addition_time": null, "registration_completion_time": "2023-01-16T13:08:42+01:00", "latest_correction_time": "2026-02-20T15:20:26+01:00", "under_review_time": null, "sampling_date_time": "1991-06-27T13:00:00+02:00", "imbro_xml_url": "https://publiek.broservices.nl/gm/gar/v1/objects/GAR000000036338"}, "geometry": {"type": "Point", "coordinates": [5.16151633, 52.03271933]}, "id": "cc70b015-b1f9-5bbb-a16b-0f9bc128f831"}, {"type": "Feature", "properties": {"gm_gar_pk": 36022, "gm_gmw_monitoringtube.href": "https://api.pdok.nl/tno/bro-grondwatermonitoring-in-samenhang-karakteristieken/ogc/v1/collections/gm_gmw_monitoringtube/items/5c50d41a-d8f8-5758-9f6c-a022203cc594", "gm_gmw_monitoringtube_fk": 39670, "bro_id": "GAR000000036343", "delivery_accountable_party": "30276683", "quality_regime": "IMBRO/A", "object_registration_time": "2023-01-16T13:08:56+01:00", "latest_addition_time": null, "registration_completion_time": "2023-01-16T13:08:56+01:00", "latest_correction_time": "2026-02-20T15:35:38+01:00", "under_review_time": null, "sampling_date_time": "1994-04-12T13:00:00+02:00", "imbro_xml_url": "https://publiek.broservices.nl/gm/gar/v1/objects/GAR000000036343"}, "geometry": {"type": "Point", "coordinates": [5.16151633, 52.03271933]}, "id": "8fa330dc-2dbb-570a-bc19-2e2dadb3932b"}, {"type": "Feature", "properties": {"gm_gar_pk": 36026, "gm_gmw_monitoringtube.href": "https://api.pdok.nl/tno/bro-grondwatermonitoring-in-samenhang-karakteristieken/ogc/v1/collections/gm_gmw_monitoringtube/items/5c50d41a-d8f8-5758-9f6c-a022203cc594", "gm_gmw_monitoringtube_fk": 39670, "bro_id": "GAR000000036347", "delivery_accountable_party": "30276683", "quality_regime": "IMBRO/A", "object_registration_time": "2023-01-16T13:09:07+01:00", "latest_addition_time": null, "registration_completion_time": "2023-01-16T13:09:07+01:00", "latest_correction_time": "2026-02-20T15:13:57+01:00", "under_review_time": null, "sampling_date_time": "1995-04-05T13:00:00+02:00", "imbro_xml_url": "https://publiek.broservices.nl/gm/gar/v1/objects/GAR000000036347"}, "geometry": {"type": "Point", "coordinates": [5.16151633, 52.03271933]}, "id": "1bcfde0f-efac-56d0-9497-4120a39e45aa"}, {"type": "Feature", "properties": {"gm_gar_pk": 36027, "gm_gmw_monitoringtube.href": "https://api.pdok.nl/tno/bro-grondwatermonitoring-in-samenhang-karakteristieken/ogc/v1/collections/gm_gmw_monitoringtube/items/5c50d41a-d8f8-5758-9f6c-a022203cc594", "gm_gmw_monitoringtube_fk": 39670, "bro_id": "GAR000000036348", "delivery_accountable_party": "30276683", "quality_regime": "IMBRO/A", "object_registration_time": "2023-01-16T13:09:10+01:00", "latest_addition_time": null, "registration_completion_time": "2023-01-16T13:09:10+01:00", "latest_correction_time": "2026-02-20T15:14:04+01:00", "under_review_time": null, "sampling_date_time": "1996-04-18T13:00:00+02:00", "imbro_xml_url": "https://publiek.broservices.nl/gm/gar/v1/objects/GAR000000036348"}, "geometry": {"type": "Point", "coordinates": [5.16151633, 52.03271933]}, "id": "574608b3-242f-540c-a793-5de3c19d870d"}, {"type": "Feature", "properties": {"gm_gar_pk": 36030, "gm_gmw_monitoringtube.href": "https://api.pdok.nl/tno/bro-grondwatermonitoring-in-samenhang-karakteristieken/ogc/v1/collections/gm_gmw_monitoringtube/items/5c50d41a-d8f8-5758-9f6c-a022203cc594", "gm_gmw_monitoringtube_fk": 39670, "bro_id": "GAR000000036351", "delivery_accountable_party": "30276683", "quality_regime": "IMBRO/A", "object_registration_time": "2023-01-16T13:09:18+01:00", "latest_addition_time": null, "registration_completion_time": "2023-01-16T13:09:18+01:00", "latest_correction_time": "2026-02-20T15:14:10+01:00", "under_review_time": null, "sampling_date_time": "1997-08-20T13:00:00+02:00", "imbro_xml_url": "https://publiek.broservices.nl/gm/gar/v1/objects/GAR000000036351"}, "geometry": {"type": "Point", "coordinates": [5.16151633, 52.03271933]}, "id": "cc715315-b95f-5788-80ef-8c150010b6ff"}, {"type": "Feature", "properties": {"gm_gar_pk": 36031, "gm_gmw_monitoringtube.href": "https://api.pdok.nl/tno/bro-grondwatermonitoring-in-samenhang-karakteristieken/ogc/v1/collections/gm_gmw_monitoringtube/items/5c50d41a-d8f8-5758-9f6c-a022203cc594", "gm_gmw_monitoringtube_fk": 39670, "bro_id": "GAR000000036352", "delivery_accountable_party": "30276683", "quality_regime": "IMBRO/A", "object_registration_time": "2023-01-16T13:09:21+01:00", "latest_addition_time": null, "registration_completion_time": "2023-01-16T13:09:21+01:00", "latest_correction_time": "2026-02-20T15:01:34+01:00", "under_review_time": null, "sampling_date_time": "1999-06-10T13:00:00+02:00", "imbro_xml_url": "https://publiek.broservices.nl/gm/gar/v1/objects/GAR000000036352"}, "geometry": {"type": "Point", "coordinates": [5.16151633, 52.03271933]}, "id": "addc491b-4b20-5bec-95ee-4bd2f6d8f312"}, {"type": "Feature", "properties": {"gm_gar_pk": 36032, "gm_gmw_monitoringtube.href": "https://api.pdok.nl/tno/bro-grondwatermonitoring-in-samenhang-karakteristieken/ogc/v1/collections/gm_gmw_monitoringtube/items/5c50d41a-d8f8-5758-9f6c-a022203cc594", "gm_gmw_monitoringtube_fk": 39670, "bro_id": "GAR000000036353", "delivery_accountable_party": "30276683", "quality_regime": "IMBRO/A", "object_registration_time": "2023-01-16T13:09:24+01:00", "latest_addition_time": null, "registration_completion_time": "2023-01-16T13:09:24+01:00", "latest_correction_time": "2026-02-20T15:18:40+01:00", "under_review_time": null, "sampling_date_time": "2003-05-22T13:00:00+02:00", "imbro_xml_url": "https://publiek.broservices.nl/gm/gar/v1/objects/GAR000000036353"}, "geometry": {"type": "Point", "coordinates": [5.16151633, 52.03271933]}, "id": "b20ac319-0757-5699-8e3c-921dabd7c960"}, {"type": "Feature", "properties": {"gm_gar_pk": 36033, "gm_gmw_monitoringtube.href": "https://api.pdok.nl/tno/bro-grondwatermonitoring-in-samenhang-karakteristieken/ogc/v1/collections/gm_gmw_monitoringtube/items/5c50d41a-d8f8-5758-9f6c-a022203cc594", "gm_gmw_monitoringtube_fk": 39670, "bro_id": "GAR000000036354", "delivery_accountable_party": "30276683", "quality_regime": "IMBRO/A", "object_registration_time": "2023-01-16T13:09:27+01:00", "latest_addition_time": null, "registration_completion_time": "2023-01-16T13:09:27+01:00", "latest_correction_time": "2026-02-20T15:18:46+01:00", "under_review_time": null, "sampling_date_time": "2005-04-21T13:00:00+02:00", "imbro_xml_url": "https://publiek.broservices.nl/gm/gar/v1/objects/GAR000000036354"}, "geometry": {"type": "Point", "coordinates": [5.16151633, 52.03271933]}, "id": "d1b547f8-8b1a-5200-a30d-b09b2101302c"}, {"type": "Feature", "properties": {"gm_gar_pk": 36034, "gm_gmw_monitoringtube.href": "https://api.pdok.nl/tno/bro-grondwatermonitoring-in-samenhang-karakteristieken/ogc/v1/collections/gm_gmw_monitoringtube/items/035815f4-2cc9-5a1c-82c1-ade7437c7610", "gm_gmw_monitoringtube_fk": 39672, "bro_id": "GAR000000036355", "delivery_accountable_party": "30276683", "quality_regime": "IMBRO/A", "object_registration_time": "2023-01-16T13:09:29+01:00", "latest_addition_time": null, "registration_completion_time": "2023-01-16T13:09:29+01:00", "latest_correction_time": "2026-02-20T15:21:30+01:00", "under_review_time": null, "sampling_date_time": "2015-09-09T13:00:00+02:00", "imbro_xml_url": "https://publiek.broservices.nl/gm/gar/v1/objects/GAR000000036355"}, "geometry": {"type": "Point", "coordinates": [5.16151633, 52.03271933]}, "id": "441ff1e8-8c57-5e36-bbfb-16197dc80780"}, {"type": "Feature", "properties": {"gm_gar_pk": 36037, "gm_gmw_monitoringtube.href": "https://api.pdok.nl/tno/bro-grondwatermonitoring-in-samenhang-karakteristieken/ogc/v1/collections/gm_gmw_monitoringtube/items/5c50d41a-d8f8-5758-9f6c-a022203cc594", "gm_gmw_monitoringtube_fk": 39670, "bro_id": "GAR000000036358", "delivery_accountable_party": "30276683", "quality_regime": "IMBRO/A", "object_registration_time": "2023-01-16T13:09:37+01:00", "latest_addition_time": null, "registration_completion_time": "2023-01-16T13:09:37+01:00", "latest_correction_time": "2026-02-20T15:32:54+01:00", "under_review_time": null, "sampling_date_time": "2001-08-28T13:00:00+02:00", "imbro_xml_url": "https://publiek.broservices.nl/gm/gar/v1/objects/GAR000000036358"}, "geometry": {"type": "Point", "coordinates": [5.16151633, 52.03271933]}, "id": "621a1acb-0b80-5615-a219-76b17a3667c2"}, {"type": "Feature", "properties": {"gm_gar_pk": 36038, "gm_gmw_monitoringtube.href": "https://api.pdok.nl/tno/bro-grondwatermonitoring-in-samenhang-karakteristieken/ogc/v1/collections/gm_gmw_monitoringtube/items/035815f4-2cc9-5a1c-82c1-ade7437c7610", "gm_gmw_monitoringtube_fk": 39672, "bro_id": "GAR000000036359", "delivery_accountable_party": "30276683", "quality_regime": "IMBRO/A", "object_registration_time": "2023-01-16T13:09:40+01:00", "latest_addition_time": null, "registration_completion_time": "2023-01-16T13:09:40+01:00", "latest_correction_time": "2026-02-20T15:20:55+01:00", "under_review_time": null, "sampling_date_time": "1992-06-23T13:00:00+02:00", "imbro_xml_url": "https://publiek.broservices.nl/gm/gar/v1/objects/GAR000000036359"}, "geometry": {"type": "Point", "coordinates": [5.16151633, 52.03271933]}, "id": "17cb073c-94d8-55cd-894a-656321f9526d"}, {"type": "Feature", "properties": {"gm_gar_pk": 36039, "gm_gmw_monitoringtube.href": "https://api.pdok.nl/tno/bro-grondwatermonitoring-in-samenhang-karakteristieken/ogc/v1/collections/gm_gmw_monitoringtube/items/035815f4-2cc9-5a1c-82c1-ade7437c7610", "gm_gmw_monitoringtube_fk": 39672, "bro_id": "GAR000000036360", "delivery_accountable_party": "30276683", "quality_regime": "IMBRO/A", "object_registration_time": "2023-01-16T13:09:43+01:00", "latest_addition_time": null, "registration_completion_time": "2023-01-16T13:09:43+01:00", "latest_correction_time": "2026-02-20T15:01:46+01:00", "under_review_time": null, "sampling_date_time": "1995-04-05T13:00:00+02:00", "imbro_xml_url": "https://publiek.broservices.nl/gm/gar/v1/objects/GAR000000036360"}, "geometry": {"type": "Point", "coordinates": [5.16151633, 52.03271933]}, "id": "0532bf64-ba08-58ce-a214-46e02e50f823"}, {"type": "Feature", "properties": {"gm_gar_pk": 36041, "gm_gmw_monitoringtube.href": "https://api.pdok.nl/tno/bro-grondwatermonitoring-in-samenhang-karakteristieken/ogc/v1/collections/gm_gmw_monitoringtube/items/5c50d41a-d8f8-5758-9f6c-a022203cc594", "gm_gmw_monitoringtube_fk": 39670, "bro_id": "GAR000000036362", "delivery_accountable_party": "30276683", "quality_regime": "IMBRO/A", "object_registration_time": "2023-01-16T13:09:48+01:00", "latest_addition_time": null, "registration_completion_time": "2023-01-16T13:09:48+01:00", "latest_correction_time": "2026-02-20T15:34:05+01:00", "under_review_time": null, "sampling_date_time": "2007-10-15T13:00:00+02:00", "imbro_xml_url": "https://publiek.broservices.nl/gm/gar/v1/objects/GAR000000036362"}, "geometry": {"type": "Point", "coordinates": [5.16151633, 52.03271933]}, "id": "9d3f7da6-a176-57f4-ac69-4a068fdc3122"}, {"type": "Feature", "properties": {"gm_gar_pk": 36042, "gm_gmw_monitoringtube.href": "https://api.pdok.nl/tno/bro-grondwatermonitoring-in-samenhang-karakteristieken/ogc/v1/collections/gm_gmw_monitoringtube/items/5c50d41a-d8f8-5758-9f6c-a022203cc594", "gm_gmw_monitoringtube_fk": 39670, "bro_id": "GAR000000036363", "delivery_accountable_party": "30276683", "quality_regime": "IMBRO/A", "object_registration_time": "2023-01-16T13:09:51+01:00", "latest_addition_time": null, "registration_completion_time": "2023-01-16T13:09:51+01:00", "latest_correction_time": "2026-02-20T15:21:23+01:00", "under_review_time": null, "sampling_date_time": "2017-08-07T13:00:00+02:00", "imbro_xml_url": "https://publiek.broservices.nl/gm/gar/v1/objects/GAR000000036363"}, "geometry": {"type": "Point", "coordinates": [5.16151633, 52.03271933]}, "id": "3531a2da-5252-574f-b2d7-20efa773ac1b"}, {"type": "Feature", "properties": {"gm_gar_pk": 36043, "gm_gmw_monitoringtube.href": "https://api.pdok.nl/tno/bro-grondwatermonitoring-in-samenhang-karakteristieken/ogc/v1/collections/gm_gmw_monitoringtube/items/5c50d41a-d8f8-5758-9f6c-a022203cc594", "gm_gmw_monitoringtube_fk": 39670, "bro_id": "GAR000000036364", "delivery_accountable_party": "30276683", "quality_regime": "IMBRO/A", "object_registration_time": "2023-01-16T13:09:55+01:00", "latest_addition_time": null, "registration_completion_time": "2023-01-16T13:09:55+01:00", "latest_correction_time": "2026-02-20T15:39:58+01:00", "under_review_time": null, "sampling_date_time": "2019-07-08T13:00:00+02:00", "imbro_xml_url": "https://publiek.broservices.nl/gm/gar/v1/objects/GAR000000036364"}, "geometry": {"type": "Point", "coordinates": [5.16151633, 52.03271933]}, "id": "bf1323cb-aedf-5e46-b96c-3b71a9d730e4"}, {"type": "Feature", "properties": {"gm_gar_pk": 36044, "gm_gmw_monitoringtube.href": "https://api.pdok.nl/tno/bro-grondwatermonitoring-in-samenhang-karakteristieken/ogc/v1/collections/gm_gmw_monitoringtube/items/2152d9b2-f427-59da-b20b-8099c11596c2", "gm_gmw_monitoringtube_fk": 39671, "bro_id": "GAR000000036365", "delivery_accountable_party": "30276683", "quality_regime": "IMBRO/A", "object_registration_time": "2023-01-16T13:09:57+01:00", "latest_addition_time": null, "registration_completion_time": "2023-01-16T13:09:57+01:00", "latest_correction_time": "2026-02-20T14:55:53+01:00", "under_review_time": null, "sampling_date_time": "1982-03-09T12:00:00+01:00", "imbro_xml_url": "https://publiek.broservices.nl/gm/gar/v1/objects/GAR000000036365"}, "geometry": {"type": "Point", "coordinates": [5.16151633, 52.03271933]}, "id": "e5d80c32-9977-5aa5-b00a-d310fbf17458"}, {"type": "Feature", "properties": {"gm_gar_pk": 36045, "gm_gmw_monitoringtube.href": "https://api.pdok.nl/tno/bro-grondwatermonitoring-in-samenhang-karakteristieken/ogc/v1/collections/gm_gmw_monitoringtube/items/2152d9b2-f427-59da-b20b-8099c11596c2", "gm_gmw_monitoringtube_fk": 39671, "bro_id": "GAR000000036366", "delivery_accountable_party": "30276683", "quality_regime": "IMBRO/A", "object_registration_time": "2023-01-16T13:10:00+01:00", "latest_addition_time": null, "registration_completion_time": "2023-01-16T13:10:00+01:00", "latest_correction_time": null, "under_review_time": null, "sampling_date_time": "1990-08-28T13:00:00+02:00", "imbro_xml_url": "https://publiek.broservices.nl/gm/gar/v1/objects/GAR000000036366"}, "geometry": {"type": "Point", "coordinates": [5.16151633, 52.03271933]}, "id": "76ec54ef-0c12-5e19-86b7-e2d218039234"}, {"type": "Feature", "properties": {"gm_gar_pk": 36046, "gm_gmw_monitoringtube.href": "https://api.pdok.nl/tno/bro-grondwatermonitoring-in-samenhang-karakteristieken/ogc/v1/collections/gm_gmw_monitoringtube/items/2152d9b2-f427-59da-b20b-8099c11596c2", "gm_gmw_monitoringtube_fk": 39671, "bro_id": "GAR000000036367", "delivery_accountable_party": "30276683", "quality_regime": "IMBRO/A", "object_registration_time": "2023-01-16T13:10:03+01:00", "latest_addition_time": null, "registration_completion_time": "2023-01-16T13:10:03+01:00", "latest_correction_time": null, "under_review_time": null, "sampling_date_time": "1993-06-14T13:00:00+02:00", "imbro_xml_url": "https://publiek.broservices.nl/gm/gar/v1/objects/GAR000000036367"}, "geometry": {"type": "Point", "coordinates": [5.16151633, 52.03271933]}, "id": "689e80ff-2f92-54ff-a5b5-0d865f55e68e"}, {"type": "Feature", "properties": {"gm_gar_pk": 36047, "gm_gmw_monitoringtube.href": "https://api.pdok.nl/tno/bro-grondwatermonitoring-in-samenhang-karakteristieken/ogc/v1/collections/gm_gmw_monitoringtube/items/2152d9b2-f427-59da-b20b-8099c11596c2", "gm_gmw_monitoringtube_fk": 39671, "bro_id": "GAR000000036368", "delivery_accountable_party": "30276683", "quality_regime": "IMBRO/A", "object_registration_time": "2023-01-16T13:10:06+01:00", "latest_addition_time": null, "registration_completion_time": "2023-01-16T13:10:06+01:00", "latest_correction_time": null, "under_review_time": null, "sampling_date_time": "1994-04-12T13:00:00+02:00", "imbro_xml_url": "https://publiek.broservices.nl/gm/gar/v1/objects/GAR000000036368"}, "geometry": {"type": "Point", "coordinates": [5.16151633, 52.03271933]}, "id": "85b3530e-8c1b-5827-96b4-54398a8f2c0d"}, {"type": "Feature", "properties": {"gm_gar_pk": 36048, "gm_gmw_monitoringtube.href": "https://api.pdok.nl/tno/bro-grondwatermonitoring-in-samenhang-karakteristieken/ogc/v1/collections/gm_gmw_monitoringtube/items/2152d9b2-f427-59da-b20b-8099c11596c2", "gm_gmw_monitoringtube_fk": 39671, "bro_id": "GAR000000036369", "delivery_accountable_party": "30276683", "quality_regime": "IMBRO/A", "object_registration_time": "2023-01-16T13:10:09+01:00", "latest_addition_time": null, "registration_completion_time": "2023-01-16T13:10:09+01:00", "latest_correction_time": null, "under_review_time": null, "sampling_date_time": "1996-04-18T13:00:00+02:00", "imbro_xml_url": "https://publiek.broservices.nl/gm/gar/v1/objects/GAR000000036369"}, "geometry": {"type": "Point", "coordinates": [5.16151633, 52.03271933]}, "id": "be6ffceb-1c84-52e0-881f-0598f50799a4"}, {"type": "Feature", "properties": {"gm_gar_pk": 36049, "gm_gmw_monitoringtube.href": "https://api.pdok.nl/tno/bro-grondwatermonitoring-in-samenhang-karakteristieken/ogc/v1/collections/gm_gmw_monitoringtube/items/035815f4-2cc9-5a1c-82c1-ade7437c7610", "gm_gmw_monitoringtube_fk": 39672, "bro_id": "GAR000000036370", "delivery_accountable_party": "30276683", "quality_regime": "IMBRO/A", "object_registration_time": "2023-01-16T13:10:12+01:00", "latest_addition_time": null, "registration_completion_time": "2023-01-16T13:10:12+01:00", "latest_correction_time": "2026-02-20T15:39:58+01:00", "under_review_time": null, "sampling_date_time": "2019-07-08T13:00:00+02:00", "imbro_xml_url": "https://publiek.broservices.nl/gm/gar/v1/objects/GAR000000036370"}, "geometry": {"type": "Point", "coordinates": [5.16151633, 52.03271933]}, "id": "5289bdaa-35e5-5030-b9b2-42b7379a2f3e"}, {"type": "Feature", "properties": {"gm_gar_pk": 36050, "gm_gmw_monitoringtube.href": "https://api.pdok.nl/tno/bro-grondwatermonitoring-in-samenhang-karakteristieken/ogc/v1/collections/gm_gmw_monitoringtube/items/5c50d41a-d8f8-5758-9f6c-a022203cc594", "gm_gmw_monitoringtube_fk": 39670, "bro_id": "GAR000000036371", "delivery_accountable_party": "30276683", "quality_regime": "IMBRO/A", "object_registration_time": "2023-01-16T13:10:15+01:00", "latest_addition_time": null, "registration_completion_time": "2023-01-16T13:10:15+01:00", "latest_correction_time": "2026-02-21T06:00:28+01:00", "under_review_time": null, "sampling_date_time": "2009-06-05T13:00:00+02:00", "imbro_xml_url": "https://publiek.broservices.nl/gm/gar/v1/objects/GAR000000036371"}, "geometry": {"type": "Point", "coordinates": [5.16151633, 52.03271933]}, "id": "354f8571-7143-5594-8124-a8a563541f4a"}, {"type": "Feature", "properties": {"gm_gar_pk": 36051, "gm_gmw_monitoringtube.href": "https://api.pdok.nl/tno/bro-grondwatermonitoring-in-samenhang-karakteristieken/ogc/v1/collections/gm_gmw_monitoringtube/items/5c50d41a-d8f8-5758-9f6c-a022203cc594", "gm_gmw_monitoringtube_fk": 39670, "bro_id": "GAR000000036372", "delivery_accountable_party": "30276683", "quality_regime": "IMBRO/A", "object_registration_time": "2023-01-16T13:10:17+01:00", "latest_addition_time": null, "registration_completion_time": "2023-01-16T13:10:17+01:00", "latest_correction_time": "2026-02-20T15:38:03+01:00", "under_review_time": null, "sampling_date_time": "2011-01-01T12:00:00+01:00", "imbro_xml_url": "https://publiek.broservices.nl/gm/gar/v1/objects/GAR000000036372"}, "geometry": {"type": "Point", "coordinates": [5.16151633, 52.03271933]}, "id": "11cf8f5d-d186-5f70-ac3d-e1482ea3edfb"}, {"type": "Feature", "properties": {"gm_gar_pk": 36052, "gm_gmw_monitoringtube.href": "https://api.pdok.nl/tno/bro-grondwatermonitoring-in-samenhang-karakteristieken/ogc/v1/collections/gm_gmw_monitoringtube/items/5c50d41a-d8f8-5758-9f6c-a022203cc594", "gm_gmw_monitoringtube_fk": 39670, "bro_id": "GAR000000036373", "delivery_accountable_party": "30276683", "quality_regime": "IMBRO/A", "object_registration_time": "2023-01-16T13:10:21+01:00", "latest_addition_time": null, "registration_completion_time": "2023-01-16T13:10:21+01:00", "latest_correction_time": "2026-02-20T15:25:57+01:00", "under_review_time": null, "sampling_date_time": "2013-10-14T13:00:00+02:00", "imbro_xml_url": "https://publiek.broservices.nl/gm/gar/v1/objects/GAR000000036373"}, "geometry": {"type": "Point", "coordinates": [5.16151633, 52.03271933]}, "id": "29fd12c6-3c0d-5171-bc56-645c2849bc58"}, {"type": "Feature", "properties": {"gm_gar_pk": 36053, "gm_gmw_monitoringtube.href": "https://api.pdok.nl/tno/bro-grondwatermonitoring-in-samenhang-karakteristieken/ogc/v1/collections/gm_gmw_monitoringtube/items/2152d9b2-f427-59da-b20b-8099c11596c2", "gm_gmw_monitoringtube_fk": 39671, "bro_id": "GAR000000036374", "delivery_accountable_party": "30276683", "quality_regime": "IMBRO/A", "object_registration_time": "2023-01-16T13:10:23+01:00", "latest_addition_time": null, "registration_completion_time": "2023-01-16T13:10:23+01:00", "latest_correction_time": null, "under_review_time": null, "sampling_date_time": "1991-06-27T13:00:00+02:00", "imbro_xml_url": "https://publiek.broservices.nl/gm/gar/v1/objects/GAR000000036374"}, "geometry": {"type": "Point", "coordinates": [5.16151633, 52.03271933]}, "id": "4a0c1d4b-0902-5f31-b517-ebb63bddf3b4"}, {"type": "Feature", "properties": {"gm_gar_pk": 36054, "gm_gmw_monitoringtube.href": "https://api.pdok.nl/tno/bro-grondwatermonitoring-in-samenhang-karakteristieken/ogc/v1/collections/gm_gmw_monitoringtube/items/2152d9b2-f427-59da-b20b-8099c11596c2", "gm_gmw_monitoringtube_fk": 39671, "bro_id": "GAR000000036375", "delivery_accountable_party": "30276683", "quality_regime": "IMBRO/A", "object_registration_time": "2023-01-16T13:10:26+01:00", "latest_addition_time": null, "registration_completion_time": "2023-01-16T13:10:26+01:00", "latest_correction_time": null, "under_review_time": null, "sampling_date_time": "1992-06-23T13:00:00+02:00", "imbro_xml_url": "https://publiek.broservices.nl/gm/gar/v1/objects/GAR000000036375"}, "geometry": {"type": "Point", "coordinates": [5.16151633, 52.03271933]}, "id": "95d697e0-aba5-52b2-bc1d-17315877f184"}, {"type": "Feature", "properties": {"gm_gar_pk": 36055, "gm_gmw_monitoringtube.href": "https://api.pdok.nl/tno/bro-grondwatermonitoring-in-samenhang-karakteristieken/ogc/v1/collections/gm_gmw_monitoringtube/items/2152d9b2-f427-59da-b20b-8099c11596c2", "gm_gmw_monitoringtube_fk": 39671, "bro_id": "GAR000000036376", "delivery_accountable_party": "30276683", "quality_regime": "IMBRO/A", "object_registration_time": "2023-01-16T13:10:29+01:00", "latest_addition_time": null, "registration_completion_time": "2023-01-16T13:10:29+01:00", "latest_correction_time": null, "under_review_time": null, "sampling_date_time": "1995-04-05T13:00:00+02:00", "imbro_xml_url": "https://publiek.broservices.nl/gm/gar/v1/objects/GAR000000036376"}, "geometry": {"type": "Point", "coordinates": [5.16151633, 52.03271933]}, "id": "7f197793-52ab-584a-8b19-13432a37ffd2"}, {"type": "Feature", "properties": {"gm_gar_pk": 36056, "gm_gmw_monitoringtube.href": "https://api.pdok.nl/tno/bro-grondwatermonitoring-in-samenhang-karakteristieken/ogc/v1/collections/gm_gmw_monitoringtube/items/2152d9b2-f427-59da-b20b-8099c11596c2", "gm_gmw_monitoringtube_fk": 39671, "bro_id": "GAR000000036377", "delivery_accountable_party": "30276683", "quality_regime": "IMBRO/A", "object_registration_time": "2023-01-16T13:10:32+01:00", "latest_addition_time": null, "registration_completion_time": "2023-01-16T13:10:32+01:00", "latest_correction_time": null, "under_review_time": null, "sampling_date_time": "1997-08-20T13:00:00+02:00", "imbro_xml_url": "https://publiek.broservices.nl/gm/gar/v1/objects/GAR000000036377"}, "geometry": {"type": "Point", "coordinates": [5.16151633, 52.03271933]}, "id": "bb250e52-e80f-5848-b58b-1616deb10b6b"}, {"type": "Feature", "properties": {"gm_gar_pk": 36057, "gm_gmw_monitoringtube.href": "https://api.pdok.nl/tno/bro-grondwatermonitoring-in-samenhang-karakteristieken/ogc/v1/collections/gm_gmw_monitoringtube/items/035815f4-2cc9-5a1c-82c1-ade7437c7610", "gm_gmw_monitoringtube_fk": 39672, "bro_id": "GAR000000036378", "delivery_accountable_party": "30276683", "quality_regime": "IMBRO/A", "object_registration_time": "2023-01-16T13:10:35+01:00", "latest_addition_time": null, "registration_completion_time": "2023-01-16T13:10:35+01:00", "latest_correction_time": "2026-02-20T14:56:00+01:00", "under_review_time": null, "sampling_date_time": "1982-03-09T12:00:00+01:00", "imbro_xml_url": "https://publiek.broservices.nl/gm/gar/v1/objects/GAR000000036378"}, "geometry": {"type": "Point", "coordinates": [5.16151633, 52.03271933]}, "id": "b8b6a2a6-540c-58b0-a548-5bd4fc1b148a"}, {"type": "Feature", "properties": {"gm_gar_pk": 36058, "gm_gmw_monitoringtube.href": "https://api.pdok.nl/tno/bro-grondwatermonitoring-in-samenhang-karakteristieken/ogc/v1/collections/gm_gmw_monitoringtube/items/5c50d41a-d8f8-5758-9f6c-a022203cc594", "gm_gmw_monitoringtube_fk": 39670, "bro_id": "GAR000000036379", "delivery_accountable_party": "30276683", "quality_regime": "IMBRO/A", "object_registration_time": "2023-01-16T13:10:39+01:00", "latest_addition_time": null, "registration_completion_time": "2023-01-16T13:10:39+01:00", "latest_correction_time": "2026-02-20T15:21:16+01:00", "under_review_time": null, "sampling_date_time": "2015-09-09T13:00:00+02:00", "imbro_xml_url": "https://publiek.broservices.nl/gm/gar/v1/objects/GAR000000036379"}, "geometry": {"type": "Point", "coordinates": [5.16151633, 52.03271933]}, "id": "71575fe3-3281-5600-88ee-acac80e3016a"}, {"type": "Feature", "properties": {"gm_gar_pk": 36059, "gm_gmw_monitoringtube.href": "https://api.pdok.nl/tno/bro-grondwatermonitoring-in-samenhang-karakteristieken/ogc/v1/collections/gm_gmw_monitoringtube/items/2152d9b2-f427-59da-b20b-8099c11596c2", "gm_gmw_monitoringtube_fk": 39671, "bro_id": "GAR000000036380", "delivery_accountable_party": "30276683", "quality_regime": "IMBRO/A", "object_registration_time": "2023-01-16T13:10:43+01:00", "latest_addition_time": null, "registration_completion_time": "2023-01-16T13:10:43+01:00", "latest_correction_time": null, "under_review_time": null, "sampling_date_time": "1999-06-10T13:00:00+02:00", "imbro_xml_url": "https://publiek.broservices.nl/gm/gar/v1/objects/GAR000000036380"}, "geometry": {"type": "Point", "coordinates": [5.16151633, 52.03271933]}, "id": "6b43fa04-375d-5398-9181-16ca35561910"}, {"type": "Feature", "properties": {"gm_gar_pk": 36060, "gm_gmw_monitoringtube.href": "https://api.pdok.nl/tno/bro-grondwatermonitoring-in-samenhang-karakteristieken/ogc/v1/collections/gm_gmw_monitoringtube/items/2152d9b2-f427-59da-b20b-8099c11596c2", "gm_gmw_monitoringtube_fk": 39671, "bro_id": "GAR000000036381", "delivery_accountable_party": "30276683", "quality_regime": "IMBRO/A", "object_registration_time": "2023-01-16T13:10:47+01:00", "latest_addition_time": null, "registration_completion_time": "2023-01-16T13:10:47+01:00", "latest_correction_time": null, "under_review_time": null, "sampling_date_time": "2001-08-28T13:00:00+02:00", "imbro_xml_url": "https://publiek.broservices.nl/gm/gar/v1/objects/GAR000000036381"}, "geometry": {"type": "Point", "coordinates": [5.16151633, 52.03271933]}, "id": "59b872c7-5c89-52c4-8016-f8e738d4df76"}, {"type": "Feature", "properties": {"gm_gar_pk": 36061, "gm_gmw_monitoringtube.href": "https://api.pdok.nl/tno/bro-grondwatermonitoring-in-samenhang-karakteristieken/ogc/v1/collections/gm_gmw_monitoringtube/items/2152d9b2-f427-59da-b20b-8099c11596c2", "gm_gmw_monitoringtube_fk": 39671, "bro_id": "GAR000000036382", "delivery_accountable_party": "30276683", "quality_regime": "IMBRO/A", "object_registration_time": "2023-01-16T13:10:51+01:00", "latest_addition_time": null, "registration_completion_time": "2023-01-16T13:10:51+01:00", "latest_correction_time": null, "under_review_time": null, "sampling_date_time": "2003-05-22T13:00:00+02:00", "imbro_xml_url": "https://publiek.broservices.nl/gm/gar/v1/objects/GAR000000036382"}, "geometry": {"type": "Point", "coordinates": [5.16151633, 52.03271933]}, "id": "7e0ad217-a55d-50f5-80e5-be851209821e"}, {"type": "Feature", "properties": {"gm_gar_pk": 36062, "gm_gmw_monitoringtube.href": "https://api.pdok.nl/tno/bro-grondwatermonitoring-in-samenhang-karakteristieken/ogc/v1/collections/gm_gmw_monitoringtube/items/035815f4-2cc9-5a1c-82c1-ade7437c7610", "gm_gmw_monitoringtube_fk": 39672, "bro_id": "GAR000000036383", "delivery_accountable_party": "30276683", "quality_regime": "IMBRO/A", "object_registration_time": "2023-01-16T13:10:56+01:00", "latest_addition_time": null, "registration_completion_time": "2023-01-16T13:10:56+01:00", "latest_correction_time": null, "under_review_time": null, "sampling_date_time": "2001-08-28T13:00:00+02:00", "imbro_xml_url": "https://publiek.broservices.nl/gm/gar/v1/objects/GAR000000036383"}, "geometry": {"type": "Point", "coordinates": [5.16151633, 52.03271933]}, "id": "1d22c0e6-c74a-517b-bf73-6fe35f97825d"}, {"type": "Feature", "properties": {"gm_gar_pk": 36063, "gm_gmw_monitoringtube.href": "https://api.pdok.nl/tno/bro-grondwatermonitoring-in-samenhang-karakteristieken/ogc/v1/collections/gm_gmw_monitoringtube/items/035815f4-2cc9-5a1c-82c1-ade7437c7610", "gm_gmw_monitoringtube_fk": 39672, "bro_id": "GAR000000036384", "delivery_accountable_party": "30276683", "quality_regime": "IMBRO/A", "object_registration_time": "2023-01-16T13:11:01+01:00", "latest_addition_time": null, "registration_completion_time": "2023-01-16T13:11:01+01:00", "latest_correction_time": "2026-02-20T15:18:48+01:00", "under_review_time": null, "sampling_date_time": "2003-05-22T13:00:00+02:00", "imbro_xml_url": "https://publiek.broservices.nl/gm/gar/v1/objects/GAR000000036384"}, "geometry": {"type": "Point", "coordinates": [5.16151633, 52.03271933]}, "id": "eae75e19-1a5a-5ddb-a0f4-39682b440218"}, {"type": "Feature", "properties": {"gm_gar_pk": 36064, "gm_gmw_monitoringtube.href": "https://api.pdok.nl/tno/bro-grondwatermonitoring-in-samenhang-karakteristieken/ogc/v1/collections/gm_gmw_monitoringtube/items/035815f4-2cc9-5a1c-82c1-ade7437c7610", "gm_gmw_monitoringtube_fk": 39672, "bro_id": "GAR000000036385", "delivery_accountable_party": "30276683", "quality_regime": "IMBRO/A", "object_registration_time": "2023-01-16T13:11:07+01:00", "latest_addition_time": null, "registration_completion_time": "2023-01-16T13:11:07+01:00", "latest_correction_time": "2026-02-20T14:56:08+01:00", "under_review_time": null, "sampling_date_time": "1983-06-17T13:00:00+02:00", "imbro_xml_url": "https://publiek.broservices.nl/gm/gar/v1/objects/GAR000000036385"}, "geometry": {"type": "Point", "coordinates": [5.16151633, 52.03271933]}, "id": "3936482b-03a9-5869-92e7-08a2bef5da30"}, {"type": "Feature", "properties": {"gm_gar_pk": 36070, "gm_gmw_monitoringtube.href": "https://api.pdok.nl/tno/bro-grondwatermonitoring-in-samenhang-karakteristieken/ogc/v1/collections/gm_gmw_monitoringtube/items/035815f4-2cc9-5a1c-82c1-ade7437c7610", "gm_gmw_monitoringtube_fk": 39672, "bro_id": "GAR000000036391", "delivery_accountable_party": "30276683", "quality_regime": "IMBRO/A", "object_registration_time": "2023-01-16T13:11:29+01:00", "latest_addition_time": null, "registration_completion_time": "2023-01-16T13:11:29+01:00", "latest_correction_time": "2026-02-20T14:56:15+01:00", "under_review_time": null, "sampling_date_time": "1984-07-16T13:00:00+02:00", "imbro_xml_url": "https://publiek.broservices.nl/gm/gar/v1/objects/GAR000000036391"}, "geometry": {"type": "Point", "coordinates": [5.16151633, 52.03271933]}, "id": "b656a380-6aed-52e1-a257-22925db63dbd"}, {"type": "Feature", "properties": {"gm_gar_pk": 36071, "gm_gmw_monitoringtube.href": "https://api.pdok.nl/tno/bro-grondwatermonitoring-in-samenhang-karakteristieken/ogc/v1/collections/gm_gmw_monitoringtube/items/035815f4-2cc9-5a1c-82c1-ade7437c7610", "gm_gmw_monitoringtube_fk": 39672, "bro_id": "GAR000000036392", "delivery_accountable_party": "30276683", "quality_regime": "IMBRO/A", "object_registration_time": "2023-01-16T13:11:33+01:00", "latest_addition_time": null, "registration_completion_time": "2023-01-16T13:11:33+01:00", "latest_correction_time": "2026-02-20T14:56:29+01:00", "under_review_time": null, "sampling_date_time": "1986-09-09T13:00:00+02:00", "imbro_xml_url": "https://publiek.broservices.nl/gm/gar/v1/objects/GAR000000036392"}, "geometry": {"type": "Point", "coordinates": [5.16151633, 52.03271933]}, "id": "4c36d13f-87be-59de-a40c-44a612c5e1f1"}, {"type": "Feature", "properties": {"gm_gar_pk": 36072, "gm_gmw_monitoringtube.href": "https://api.pdok.nl/tno/bro-grondwatermonitoring-in-samenhang-karakteristieken/ogc/v1/collections/gm_gmw_monitoringtube/items/035815f4-2cc9-5a1c-82c1-ade7437c7610", "gm_gmw_monitoringtube_fk": 39672, "bro_id": "GAR000000036393", "delivery_accountable_party": "30276683", "quality_regime": "IMBRO/A", "object_registration_time": "2023-01-16T13:11:36+01:00", "latest_addition_time": null, "registration_completion_time": "2023-01-16T13:11:36+01:00", "latest_correction_time": "2026-02-20T15:21:45+01:00", "under_review_time": null, "sampling_date_time": "1987-09-22T13:00:00+02:00", "imbro_xml_url": "https://publiek.broservices.nl/gm/gar/v1/objects/GAR000000036393"}, "geometry": {"type": "Point", "coordinates": [5.16151633, 52.03271933]}, "id": "45c1da3d-2319-5171-8a61-564fce787e0e"}, {"type": "Feature", "properties": {"gm_gar_pk": 36073, "gm_gmw_monitoringtube.href": "https://api.pdok.nl/tno/bro-grondwatermonitoring-in-samenhang-karakteristieken/ogc/v1/collections/gm_gmw_monitoringtube/items/035815f4-2cc9-5a1c-82c1-ade7437c7610", "gm_gmw_monitoringtube_fk": 39672, "bro_id": "GAR000000036394", "delivery_accountable_party": "30276683", "quality_regime": "IMBRO/A", "object_registration_time": "2023-01-16T13:11:39+01:00", "latest_addition_time": null, "registration_completion_time": "2023-01-16T13:11:39+01:00", "latest_correction_time": "2026-02-20T14:56:38+01:00", "under_review_time": null, "sampling_date_time": "1988-08-15T13:00:00+02:00", "imbro_xml_url": "https://publiek.broservices.nl/gm/gar/v1/objects/GAR000000036394"}, "geometry": {"type": "Point", "coordinates": [5.16151633, 52.03271933]}, "id": "2de42e77-ce55-5809-9770-53eb45e12d67"}, {"type": "Feature", "properties": {"gm_gar_pk": 36074, "gm_gmw_monitoringtube.href": "https://api.pdok.nl/tno/bro-grondwatermonitoring-in-samenhang-karakteristieken/ogc/v1/collections/gm_gmw_monitoringtube/items/035815f4-2cc9-5a1c-82c1-ade7437c7610", "gm_gmw_monitoringtube_fk": 39672, "bro_id": "GAR000000036395", "delivery_accountable_party": "30276683", "quality_regime": "IMBRO/A", "object_registration_time": "2023-01-16T13:11:43+01:00", "latest_addition_time": null, "registration_completion_time": "2023-01-16T13:11:43+01:00", "latest_correction_time": "2026-02-20T14:56:22+01:00", "under_review_time": null, "sampling_date_time": "1985-08-27T13:00:00+02:00", "imbro_xml_url": "https://publiek.broservices.nl/gm/gar/v1/objects/GAR000000036395"}, "geometry": {"type": "Point", "coordinates": [5.16151633, 52.03271933]}, "id": "e9f8c0ed-3a45-55d9-8d0f-1660e4e57e29"}, {"type": "Feature", "properties": {"gm_gar_pk": 36075, "gm_gmw_monitoringtube.href": "https://api.pdok.nl/tno/bro-grondwatermonitoring-in-samenhang-karakteristieken/ogc/v1/collections/gm_gmw_monitoringtube/items/035815f4-2cc9-5a1c-82c1-ade7437c7610", "gm_gmw_monitoringtube_fk": 39672, "bro_id": "GAR000000036396", "delivery_accountable_party": "30276683", "quality_regime": "IMBRO/A", "object_registration_time": "2023-01-16T13:11:46+01:00", "latest_addition_time": null, "registration_completion_time": "2023-01-16T13:11:46+01:00", "latest_correction_time": "2026-02-20T14:56:57+01:00", "under_review_time": null, "sampling_date_time": "1990-08-28T13:00:00+02:00", "imbro_xml_url": "https://publiek.broservices.nl/gm/gar/v1/objects/GAR000000036396"}, "geometry": {"type": "Point", "coordinates": [5.16151633, 52.03271933]}, "id": "fccb3ce2-3097-51c4-b1b3-e187d62144f5"}, {"type": "Feature", "properties": {"gm_gar_pk": 36078, "gm_gmw_monitoringtube.href": "https://api.pdok.nl/tno/bro-grondwatermonitoring-in-samenhang-karakteristieken/ogc/v1/collections/gm_gmw_monitoringtube/items/035815f4-2cc9-5a1c-82c1-ade7437c7610", "gm_gmw_monitoringtube_fk": 39672, "bro_id": "GAR000000036399", "delivery_accountable_party": "30276683", "quality_regime": "IMBRO/A", "object_registration_time": "2023-01-16T13:11:57+01:00", "latest_addition_time": null, "registration_completion_time": "2023-01-16T13:11:57+01:00", "latest_correction_time": "2026-02-20T14:56:49+01:00", "under_review_time": null, "sampling_date_time": "1989-10-11T12:00:00+01:00", "imbro_xml_url": "https://publiek.broservices.nl/gm/gar/v1/objects/GAR000000036399"}, "geometry": {"type": "Point", "coordinates": [5.16151633, 52.03271933]}, "id": "bab3babf-b56a-53e6-9807-5794bbf875ae"}, {"type": "Feature", "properties": {"gm_gar_pk": 36083, "gm_gmw_monitoringtube.href": "https://api.pdok.nl/tno/bro-grondwatermonitoring-in-samenhang-karakteristieken/ogc/v1/collections/gm_gmw_monitoringtube/items/035815f4-2cc9-5a1c-82c1-ade7437c7610", "gm_gmw_monitoringtube_fk": 39672, "bro_id": "GAR000000036404", "delivery_accountable_party": "30276683", "quality_regime": "IMBRO/A", "object_registration_time": "2023-01-16T13:12:14+01:00", "latest_addition_time": null, "registration_completion_time": "2023-01-16T13:12:14+01:00", "latest_correction_time": "2026-02-20T15:22:19+01:00", "under_review_time": null, "sampling_date_time": "1991-06-27T13:00:00+02:00", "imbro_xml_url": "https://publiek.broservices.nl/gm/gar/v1/objects/GAR000000036404"}, "geometry": {"type": "Point", "coordinates": [5.16151633, 52.03271933]}, "id": "96b0dcf5-5fb6-5af1-bd61-8e4fed44b2a0"}, {"type": "Feature", "properties": {"gm_gar_pk": 36084, "gm_gmw_monitoringtube.href": "https://api.pdok.nl/tno/bro-grondwatermonitoring-in-samenhang-karakteristieken/ogc/v1/collections/gm_gmw_monitoringtube/items/035815f4-2cc9-5a1c-82c1-ade7437c7610", "gm_gmw_monitoringtube_fk": 39672, "bro_id": "GAR000000036405", "delivery_accountable_party": "30276683", "quality_regime": "IMBRO/A", "object_registration_time": "2023-01-16T13:12:17+01:00", "latest_addition_time": null, "registration_completion_time": "2023-01-16T13:12:17+01:00", "latest_correction_time": "2026-02-20T15:21:06+01:00", "under_review_time": null, "sampling_date_time": "1993-06-14T13:00:00+02:00", "imbro_xml_url": "https://publiek.broservices.nl/gm/gar/v1/objects/GAR000000036405"}, "geometry": {"type": "Point", "coordinates": [5.16151633, 52.03271933]}, "id": "1f2a221b-fd1b-56ae-bdde-fe27d7b797cd"}, {"type": "Feature", "properties": {"gm_gar_pk": 36085, "gm_gmw_monitoringtube.href": "https://api.pdok.nl/tno/bro-grondwatermonitoring-in-samenhang-karakteristieken/ogc/v1/collections/gm_gmw_monitoringtube/items/035815f4-2cc9-5a1c-82c1-ade7437c7610", "gm_gmw_monitoringtube_fk": 39672, "bro_id": "GAR000000036406", "delivery_accountable_party": "30276683", "quality_regime": "IMBRO/A", "object_registration_time": "2023-01-16T13:12:21+01:00", "latest_addition_time": null, "registration_completion_time": "2023-01-16T13:12:21+01:00", "latest_correction_time": "2026-02-20T15:21:07+01:00", "under_review_time": null, "sampling_date_time": "1994-04-12T13:00:00+02:00", "imbro_xml_url": "https://publiek.broservices.nl/gm/gar/v1/objects/GAR000000036406"}, "geometry": {"type": "Point", "coordinates": [5.16151633, 52.03271933]}, "id": "c40b67aa-2363-5663-a3a0-015d9fd5cdf3"}, {"type": "Feature", "properties": {"gm_gar_pk": 36086, "gm_gmw_monitoringtube.href": "https://api.pdok.nl/tno/bro-grondwatermonitoring-in-samenhang-karakteristieken/ogc/v1/collections/gm_gmw_monitoringtube/items/035815f4-2cc9-5a1c-82c1-ade7437c7610", "gm_gmw_monitoringtube_fk": 39672, "bro_id": "GAR000000036407", "delivery_accountable_party": "30276683", "quality_regime": "IMBRO/A", "object_registration_time": "2023-01-16T13:12:24+01:00", "latest_addition_time": null, "registration_completion_time": "2023-01-16T13:12:24+01:00", "latest_correction_time": "2026-02-20T15:38:17+01:00", "under_review_time": null, "sampling_date_time": "1996-04-18T13:00:00+02:00", "imbro_xml_url": "https://publiek.broservices.nl/gm/gar/v1/objects/GAR000000036407"}, "geometry": {"type": "Point", "coordinates": [5.16151633, 52.03271933]}, "id": "95ff70ed-c27f-5a65-8f28-63f263f2f459"}, {"type": "Feature", "properties": {"gm_gar_pk": 36087, "gm_gmw_monitoringtube.href": "https://api.pdok.nl/tno/bro-grondwatermonitoring-in-samenhang-karakteristieken/ogc/v1/collections/gm_gmw_monitoringtube/items/035815f4-2cc9-5a1c-82c1-ade7437c7610", "gm_gmw_monitoringtube_fk": 39672, "bro_id": "GAR000000036408", "delivery_accountable_party": "30276683", "quality_regime": "IMBRO/A", "object_registration_time": "2023-01-16T13:12:28+01:00", "latest_addition_time": null, "registration_completion_time": "2023-01-16T13:12:28+01:00", "latest_correction_time": null, "under_review_time": null, "sampling_date_time": "1997-08-20T13:00:00+02:00", "imbro_xml_url": "https://publiek.broservices.nl/gm/gar/v1/objects/GAR000000036408"}, "geometry": {"type": "Point", "coordinates": [5.16151633, 52.03271933]}, "id": "8290fd0b-57c9-5e7a-9386-7078d1eb329d"}, {"type": "Feature", "properties": {"gm_gar_pk": 36088, "gm_gmw_monitoringtube.href": "https://api.pdok.nl/tno/bro-grondwatermonitoring-in-samenhang-karakteristieken/ogc/v1/collections/gm_gmw_monitoringtube/items/035815f4-2cc9-5a1c-82c1-ade7437c7610", "gm_gmw_monitoringtube_fk": 39672, "bro_id": "GAR000000036409", "delivery_accountable_party": "30276683", "quality_regime": "IMBRO/A", "object_registration_time": "2023-01-16T13:12:31+01:00", "latest_addition_time": null, "registration_completion_time": "2023-01-16T13:12:31+01:00", "latest_correction_time": "2026-02-20T15:02:00+01:00", "under_review_time": null, "sampling_date_time": "1999-06-10T13:00:00+02:00", "imbro_xml_url": "https://publiek.broservices.nl/gm/gar/v1/objects/GAR000000036409"}, "geometry": {"type": "Point", "coordinates": [5.16151633, 52.03271933]}, "id": "2e45790e-4489-5e9e-b7f5-9f021754bf18"}, {"type": "Feature", "properties": {"gm_gar_pk": 36089, "gm_gmw_monitoringtube.href": "https://api.pdok.nl/tno/bro-grondwatermonitoring-in-samenhang-karakteristieken/ogc/v1/collections/gm_gmw_monitoringtube/items/035815f4-2cc9-5a1c-82c1-ade7437c7610", "gm_gmw_monitoringtube_fk": 39672, "bro_id": "GAR000000036410", "delivery_accountable_party": "30276683", "quality_regime": "IMBRO/A", "object_registration_time": "2023-01-16T13:12:35+01:00", "latest_addition_time": null, "registration_completion_time": "2023-01-16T13:12:35+01:00", "latest_correction_time": "2026-02-20T15:39:22+01:00", "under_review_time": null, "sampling_date_time": "2007-10-15T13:00:00+02:00", "imbro_xml_url": "https://publiek.broservices.nl/gm/gar/v1/objects/GAR000000036410"}, "geometry": {"type": "Point", "coordinates": [5.16151633, 52.03271933]}, "id": "d5b14ce4-ee4d-538e-8132-71e790e5b317"}, {"type": "Feature", "properties": {"gm_gar_pk": 36090, "gm_gmw_monitoringtube.href": "https://api.pdok.nl/tno/bro-grondwatermonitoring-in-samenhang-karakteristieken/ogc/v1/collections/gm_gmw_monitoringtube/items/035815f4-2cc9-5a1c-82c1-ade7437c7610", "gm_gmw_monitoringtube_fk": 39672, "bro_id": "GAR000000036411", "delivery_accountable_party": "30276683", "quality_regime": "IMBRO/A", "object_registration_time": "2023-01-16T13:12:38+01:00", "latest_addition_time": null, "registration_completion_time": "2023-01-16T13:12:38+01:00", "latest_correction_time": "2026-02-20T15:38:04+01:00", "under_review_time": null, "sampling_date_time": "2011-01-01T12:00:00+01:00", "imbro_xml_url": "https://publiek.broservices.nl/gm/gar/v1/objects/GAR000000036411"}, "geometry": {"type": "Point", "coordinates": [5.16151633, 52.03271933]}, "id": "01692691-fefc-5f5e-b0db-e1180a9f9ff2"}, {"type": "Feature", "properties": {"gm_gar_pk": 40151, "gm_gmw_monitoringtube.href": "https://api.pdok.nl/tno/bro-grondwatermonitoring-in-samenhang-karakteristieken/ogc/v1/collections/gm_gmw_monitoringtube/items/bd37d2cb-f672-582d-8065-4368226ee5c7", "gm_gmw_monitoringtube_fk": 39214, "bro_id": "GAR000000040473", "delivery_accountable_party": "30276683", "quality_regime": "IMBRO/A", "object_registration_time": "2023-01-16T17:27:44+01:00", "latest_addition_time": null, "registration_completion_time": "2023-01-16T17:27:44+01:00", "latest_correction_time": "2026-02-20T14:18:09+01:00", "under_review_time": null, "sampling_date_time": "1982-03-09T12:00:00+01:00", "imbro_xml_url": "https://publiek.broservices.nl/gm/gar/v1/objects/GAR000000040473"}, "geometry": {"type": "Point", "coordinates": [5.18767327, 52.052827187]}, "id": "ff37af43-9ba8-5940-85fa-dcfc1cbde7d8"}, {"type": "Feature", "properties": {"gm_gar_pk": 40152, "gm_gmw_monitoringtube.href": "https://api.pdok.nl/tno/bro-grondwatermonitoring-in-samenhang-karakteristieken/ogc/v1/collections/gm_gmw_monitoringtube/items/bd37d2cb-f672-582d-8065-4368226ee5c7", "gm_gmw_monitoringtube_fk": 39214, "bro_id": "GAR000000040474", "delivery_accountable_party": "30276683", "quality_regime": "IMBRO/A", "object_registration_time": "2023-01-16T17:27:46+01:00", "latest_addition_time": null, "registration_completion_time": "2023-01-16T17:27:46+01:00", "latest_correction_time": "2026-02-20T14:18:10+01:00", "under_review_time": null, "sampling_date_time": "1983-06-17T13:00:00+02:00", "imbro_xml_url": "https://publiek.broservices.nl/gm/gar/v1/objects/GAR000000040474"}, "geometry": {"type": "Point", "coordinates": [5.18767327, 52.052827187]}, "id": "75a759e9-b661-5851-9116-a2dfdd534c8d"}, {"type": "Feature", "properties": {"gm_gar_pk": 40153, "gm_gmw_monitoringtube.href": "https://api.pdok.nl/tno/bro-grondwatermonitoring-in-samenhang-karakteristieken/ogc/v1/collections/gm_gmw_monitoringtube/items/bd37d2cb-f672-582d-8065-4368226ee5c7", "gm_gmw_monitoringtube_fk": 39214, "bro_id": "GAR000000040475", "delivery_accountable_party": "30276683", "quality_regime": "IMBRO/A", "object_registration_time": "2023-01-16T17:27:49+01:00", "latest_addition_time": null, "registration_completion_time": "2023-01-16T17:27:49+01:00", "latest_correction_time": "2026-02-20T14:18:12+01:00", "under_review_time": null, "sampling_date_time": "1984-07-16T13:00:00+02:00", "imbro_xml_url": "https://publiek.broservices.nl/gm/gar/v1/objects/GAR000000040475"}, "geometry": {"type": "Point", "coordinates": [5.18767327, 52.052827187]}, "id": "274dc105-41a7-50f1-ba4b-2790694cb04d"}, {"type": "Feature", "properties": {"gm_gar_pk": 40154, "gm_gmw_monitoringtube.href": "https://api.pdok.nl/tno/bro-grondwatermonitoring-in-samenhang-karakteristieken/ogc/v1/collections/gm_gmw_monitoringtube/items/bd37d2cb-f672-582d-8065-4368226ee5c7", "gm_gmw_monitoringtube_fk": 39214, "bro_id": "GAR000000040476", "delivery_accountable_party": "30276683", "quality_regime": "IMBRO/A", "object_registration_time": "2023-01-16T17:27:52+01:00", "latest_addition_time": null, "registration_completion_time": "2023-01-16T17:27:52+01:00", "latest_correction_time": "2026-02-20T14:43:35+01:00", "under_review_time": null, "sampling_date_time": "1991-06-28T13:00:00+02:00", "imbro_xml_url": "https://publiek.broservices.nl/gm/gar/v1/objects/GAR000000040476"}, "geometry": {"type": "Point", "coordinates": [5.18767327, 52.052827187]}, "id": "9330223e-20c5-571f-9dcd-921d0d7883ee"}, {"type": "Feature", "properties": {"gm_gar_pk": 40163, "gm_gmw_monitoringtube.href": "https://api.pdok.nl/tno/bro-grondwatermonitoring-in-samenhang-karakteristieken/ogc/v1/collections/gm_gmw_monitoringtube/items/bd37d2cb-f672-582d-8065-4368226ee5c7", "gm_gmw_monitoringtube_fk": 39214, "bro_id": "GAR000000040485", "delivery_accountable_party": "30276683", "quality_regime": "IMBRO/A", "object_registration_time": "2023-01-16T17:28:16+01:00", "latest_addition_time": null, "registration_completion_time": "2023-01-16T17:28:16+01:00", "latest_correction_time": "2026-02-20T14:18:13+01:00", "under_review_time": null, "sampling_date_time": "1985-08-23T13:00:00+02:00", "imbro_xml_url": "https://publiek.broservices.nl/gm/gar/v1/objects/GAR000000040485"}, "geometry": {"type": "Point", "coordinates": [5.18767327, 52.052827187]}, "id": "2384daea-556e-5585-99bc-3e792eb66f93"}, {"type": "Feature", "properties": {"gm_gar_pk": 40164, "gm_gmw_monitoringtube.href": "https://api.pdok.nl/tno/bro-grondwatermonitoring-in-samenhang-karakteristieken/ogc/v1/collections/gm_gmw_monitoringtube/items/bd37d2cb-f672-582d-8065-4368226ee5c7", "gm_gmw_monitoringtube_fk": 39214, "bro_id": "GAR000000040486", "delivery_accountable_party": "30276683", "quality_regime": "IMBRO/A", "object_registration_time": "2023-01-16T17:28:18+01:00", "latest_addition_time": null, "registration_completion_time": "2023-01-16T17:28:18+01:00", "latest_correction_time": "2026-02-20T14:18:14+01:00", "under_review_time": null, "sampling_date_time": "1986-09-09T13:00:00+02:00", "imbro_xml_url": "https://publiek.broservices.nl/gm/gar/v1/objects/GAR000000040486"}, "geometry": {"type": "Point", "coordinates": [5.18767327, 52.052827187]}, "id": "60d3dba9-6b28-5744-99dc-11258a060b74"}, {"type": "Feature", "properties": {"gm_gar_pk": 40165, "gm_gmw_monitoringtube.href": "https://api.pdok.nl/tno/bro-grondwatermonitoring-in-samenhang-karakteristieken/ogc/v1/collections/gm_gmw_monitoringtube/items/bd37d2cb-f672-582d-8065-4368226ee5c7", "gm_gmw_monitoringtube_fk": 39214, "bro_id": "GAR000000040487", "delivery_accountable_party": "30276683", "quality_regime": "IMBRO/A", "object_registration_time": "2023-01-16T17:28:21+01:00", "latest_addition_time": null, "registration_completion_time": "2023-01-16T17:28:21+01:00", "latest_correction_time": "2026-02-20T14:18:15+01:00", "under_review_time": null, "sampling_date_time": "1987-09-22T13:00:00+02:00", "imbro_xml_url": "https://publiek.broservices.nl/gm/gar/v1/objects/GAR000000040487"}, "geometry": {"type": "Point", "coordinates": [5.18767327, 52.052827187]}, "id": "d0998aae-9a2e-562b-96c4-fa371a59b16f"}, {"type": "Feature", "properties": {"gm_gar_pk": 40166, "gm_gmw_monitoringtube.href": "https://api.pdok.nl/tno/bro-grondwatermonitoring-in-samenhang-karakteristieken/ogc/v1/collections/gm_gmw_monitoringtube/items/bd37d2cb-f672-582d-8065-4368226ee5c7", "gm_gmw_monitoringtube_fk": 39214, "bro_id": "GAR000000040488", "delivery_accountable_party": "30276683", "quality_regime": "IMBRO/A", "object_registration_time": "2023-01-16T17:28:24+01:00", "latest_addition_time": null, "registration_completion_time": "2023-01-16T17:28:24+01:00", "latest_correction_time": "2026-02-20T14:43:42+01:00", "under_review_time": null, "sampling_date_time": "1992-06-25T13:00:00+02:00", "imbro_xml_url": "https://publiek.broservices.nl/gm/gar/v1/objects/GAR000000040488"}, "geometry": {"type": "Point", "coordinates": [5.18767327, 52.052827187]}, "id": "d22ce1f7-1492-55b0-927d-30898150c0f1"}, {"type": "Feature", "properties": {"gm_gar_pk": 40171, "gm_gmw_monitoringtube.href": "https://api.pdok.nl/tno/bro-grondwatermonitoring-in-samenhang-karakteristieken/ogc/v1/collections/gm_gmw_monitoringtube/items/bd37d2cb-f672-582d-8065-4368226ee5c7", "gm_gmw_monitoringtube_fk": 39214, "bro_id": "GAR000000040493", "delivery_accountable_party": "30276683", "quality_regime": "IMBRO/A", "object_registration_time": "2023-01-16T17:28:37+01:00", "latest_addition_time": null, "registration_completion_time": "2023-01-16T17:28:37+01:00", "latest_correction_time": "2026-02-20T15:36:20+01:00", "under_review_time": null, "sampling_date_time": "1988-08-12T13:00:00+02:00", "imbro_xml_url": "https://publiek.broservices.nl/gm/gar/v1/objects/GAR000000040493"}, "geometry": {"type": "Point", "coordinates": [5.18767327, 52.052827187]}, "id": "1d41eda1-9cad-5c06-a915-472681f44035"}, {"type": "Feature", "properties": {"gm_gar_pk": 40172, "gm_gmw_monitoringtube.href": "https://api.pdok.nl/tno/bro-grondwatermonitoring-in-samenhang-karakteristieken/ogc/v1/collections/gm_gmw_monitoringtube/items/bd37d2cb-f672-582d-8065-4368226ee5c7", "gm_gmw_monitoringtube_fk": 39214, "bro_id": "GAR000000040494", "delivery_accountable_party": "30276683", "quality_regime": "IMBRO/A", "object_registration_time": "2023-01-16T17:28:39+01:00", "latest_addition_time": null, "registration_completion_time": "2023-01-16T17:28:39+01:00", "latest_correction_time": "2026-02-20T15:36:21+01:00", "under_review_time": null, "sampling_date_time": "1989-10-11T12:00:00+01:00", "imbro_xml_url": "https://publiek.broservices.nl/gm/gar/v1/objects/GAR000000040494"}, "geometry": {"type": "Point", "coordinates": [5.18767327, 52.052827187]}, "id": "33f56eec-e8fc-508d-82d9-de9b9f00806d"}, {"type": "Feature", "properties": {"gm_gar_pk": 40173, "gm_gmw_monitoringtube.href": "https://api.pdok.nl/tno/bro-grondwatermonitoring-in-samenhang-karakteristieken/ogc/v1/collections/gm_gmw_monitoringtube/items/bd37d2cb-f672-582d-8065-4368226ee5c7", "gm_gmw_monitoringtube_fk": 39214, "bro_id": "GAR000000040495", "delivery_accountable_party": "30276683", "quality_regime": "IMBRO/A", "object_registration_time": "2023-01-16T17:28:42+01:00", "latest_addition_time": null, "registration_completion_time": "2023-01-16T17:28:42+01:00", "latest_correction_time": "2026-02-20T15:36:24+01:00", "under_review_time": null, "sampling_date_time": "1990-08-27T13:00:00+02:00", "imbro_xml_url": "https://publiek.broservices.nl/gm/gar/v1/objects/GAR000000040495"}, "geometry": {"type": "Point", "coordinates": [5.18767327, 52.052827187]}, "id": "a0eb80ed-c5e5-5ae6-b4e6-f1f0552b8c0f"}, {"type": "Feature", "properties": {"gm_gar_pk": 40174, "gm_gmw_monitoringtube.href": "https://api.pdok.nl/tno/bro-grondwatermonitoring-in-samenhang-karakteristieken/ogc/v1/collections/gm_gmw_monitoringtube/items/bd37d2cb-f672-582d-8065-4368226ee5c7", "gm_gmw_monitoringtube_fk": 39214, "bro_id": "GAR000000040496", "delivery_accountable_party": "30276683", "quality_regime": "IMBRO/A", "object_registration_time": "2023-01-16T17:28:45+01:00", "latest_addition_time": null, "registration_completion_time": "2023-01-16T17:28:45+01:00", "latest_correction_time": "2026-02-20T15:39:16+01:00", "under_review_time": null, "sampling_date_time": "1993-06-16T13:00:00+02:00", "imbro_xml_url": "https://publiek.broservices.nl/gm/gar/v1/objects/GAR000000040496"}, "geometry": {"type": "Point", "coordinates": [5.18767327, 52.052827187]}, "id": "10536254-f86c-50ba-97da-f11228375497"}, {"type": "Feature", "properties": {"gm_gar_pk": 40176, "gm_gmw_monitoringtube.href": "https://api.pdok.nl/tno/bro-grondwatermonitoring-in-samenhang-karakteristieken/ogc/v1/collections/gm_gmw_monitoringtube/items/bd37d2cb-f672-582d-8065-4368226ee5c7", "gm_gmw_monitoringtube_fk": 39214, "bro_id": "GAR000000040498", "delivery_accountable_party": "30276683", "quality_regime": "IMBRO/A", "object_registration_time": "2023-01-16T17:28:50+01:00", "latest_addition_time": null, "registration_completion_time": "2023-01-16T17:28:50+01:00", "latest_correction_time": "2026-02-20T14:43:55+01:00", "under_review_time": null, "sampling_date_time": "1994-04-12T13:00:00+02:00", "imbro_xml_url": "https://publiek.broservices.nl/gm/gar/v1/objects/GAR000000040498"}, "geometry": {"type": "Point", "coordinates": [5.18767327, 52.052827187]}, "id": "375e53d1-0693-5b7f-afb8-4d00f173a7bb"}, {"type": "Feature", "properties": {"gm_gar_pk": 40181, "gm_gmw_monitoringtube.href": "https://api.pdok.nl/tno/bro-grondwatermonitoring-in-samenhang-karakteristieken/ogc/v1/collections/gm_gmw_monitoringtube/items/bd37d2cb-f672-582d-8065-4368226ee5c7", "gm_gmw_monitoringtube_fk": 39214, "bro_id": "GAR000000040503", "delivery_accountable_party": "30276683", "quality_regime": "IMBRO/A", "object_registration_time": "2023-01-16T17:29:03+01:00", "latest_addition_time": null, "registration_completion_time": "2023-01-16T17:29:03+01:00", "latest_correction_time": "2026-02-20T15:34:59+01:00", "under_review_time": null, "sampling_date_time": "1995-04-12T13:00:00+02:00", "imbro_xml_url": "https://publiek.broservices.nl/gm/gar/v1/objects/GAR000000040503"}, "geometry": {"type": "Point", "coordinates": [5.18767327, 52.052827187]}, "id": "7555e968-e200-5148-a360-17e76f1dc4b8"}, {"type": "Feature", "properties": {"gm_gar_pk": 40182, "gm_gmw_monitoringtube.href": "https://api.pdok.nl/tno/bro-grondwatermonitoring-in-samenhang-karakteristieken/ogc/v1/collections/gm_gmw_monitoringtube/items/bd37d2cb-f672-582d-8065-4368226ee5c7", "gm_gmw_monitoringtube_fk": 39214, "bro_id": "GAR000000040504", "delivery_accountable_party": "30276683", "quality_regime": "IMBRO/A", "object_registration_time": "2023-01-16T17:29:06+01:00", "latest_addition_time": null, "registration_completion_time": "2023-01-16T17:29:06+01:00", "latest_correction_time": "2026-02-20T14:31:03+01:00", "under_review_time": null, "sampling_date_time": "1996-04-18T13:00:00+02:00", "imbro_xml_url": "https://publiek.broservices.nl/gm/gar/v1/objects/GAR000000040504"}, "geometry": {"type": "Point", "coordinates": [5.18767327, 52.052827187]}, "id": "eabfc344-da2b-5fc8-a6ca-4cb2ee367ae5"}, {"type": "Feature", "properties": {"gm_gar_pk": 40183, "gm_gmw_monitoringtube.href": "https://api.pdok.nl/tno/bro-grondwatermonitoring-in-samenhang-karakteristieken/ogc/v1/collections/gm_gmw_monitoringtube/items/bd37d2cb-f672-582d-8065-4368226ee5c7", "gm_gmw_monitoringtube_fk": 39214, "bro_id": "GAR000000040505", "delivery_accountable_party": "30276683", "quality_regime": "IMBRO/A", "object_registration_time": "2023-01-16T17:29:08+01:00", "latest_addition_time": null, "registration_completion_time": "2023-01-16T17:29:08+01:00", "latest_correction_time": "2026-02-20T14:31:11+01:00", "under_review_time": null, "sampling_date_time": "1997-08-19T13:00:00+02:00", "imbro_xml_url": "https://publiek.broservices.nl/gm/gar/v1/objects/GAR000000040505"}, "geometry": {"type": "Point", "coordinates": [5.18767327, 52.052827187]}, "id": "1b10c0ae-c9df-52d9-be03-567c68c2b1a1"}, {"type": "Feature", "properties": {"gm_gar_pk": 40184, "gm_gmw_monitoringtube.href": "https://api.pdok.nl/tno/bro-grondwatermonitoring-in-samenhang-karakteristieken/ogc/v1/collections/gm_gmw_monitoringtube/items/bd37d2cb-f672-582d-8065-4368226ee5c7", "gm_gmw_monitoringtube_fk": 39214, "bro_id": "GAR000000040506", "delivery_accountable_party": "30276683", "quality_regime": "IMBRO/A", "object_registration_time": "2023-01-16T17:29:11+01:00", "latest_addition_time": null, "registration_completion_time": "2023-01-16T17:29:11+01:00", "latest_correction_time": "2026-02-20T15:28:26+01:00", "under_review_time": null, "sampling_date_time": "2001-08-28T13:00:00+02:00", "imbro_xml_url": "https://publiek.broservices.nl/gm/gar/v1/objects/GAR000000040506"}, "geometry": {"type": "Point", "coordinates": [5.18767327, 52.052827187]}, "id": "8fc0572a-4f47-5e2c-999a-45869e601221"}, {"type": "Feature", "properties": {"gm_gar_pk": 40194, "gm_gmw_monitoringtube.href": "https://api.pdok.nl/tno/bro-grondwatermonitoring-in-samenhang-karakteristieken/ogc/v1/collections/gm_gmw_monitoringtube/items/bd37d2cb-f672-582d-8065-4368226ee5c7", "gm_gmw_monitoringtube_fk": 39214, "bro_id": "GAR000000040516", "delivery_accountable_party": "30276683", "quality_regime": "IMBRO/A", "object_registration_time": "2023-01-16T17:29:37+01:00", "latest_addition_time": null, "registration_completion_time": "2023-01-16T17:29:37+01:00", "latest_correction_time": "2026-02-20T14:31:22+01:00", "under_review_time": null, "sampling_date_time": "1999-06-11T13:00:00+02:00", "imbro_xml_url": "https://publiek.broservices.nl/gm/gar/v1/objects/GAR000000040516"}, "geometry": {"type": "Point", "coordinates": [5.18767327, 52.052827187]}, "id": "6390163c-d6ae-5afb-8b34-53d02282aded"}, {"type": "Feature", "properties": {"gm_gar_pk": 40199, "gm_gmw_monitoringtube.href": "https://api.pdok.nl/tno/bro-grondwatermonitoring-in-samenhang-karakteristieken/ogc/v1/collections/gm_gmw_monitoringtube/items/bd37d2cb-f672-582d-8065-4368226ee5c7", "gm_gmw_monitoringtube_fk": 39214, "bro_id": "GAR000000040521", "delivery_accountable_party": "30276683", "quality_regime": "IMBRO/A", "object_registration_time": "2023-01-16T17:29:50+01:00", "latest_addition_time": null, "registration_completion_time": "2023-01-16T17:29:50+01:00", "latest_correction_time": "2026-02-20T14:46:47+01:00", "under_review_time": null, "sampling_date_time": "2003-05-22T13:00:00+02:00", "imbro_xml_url": "https://publiek.broservices.nl/gm/gar/v1/objects/GAR000000040521"}, "geometry": {"type": "Point", "coordinates": [5.18767327, 52.052827187]}, "id": "c1087219-d072-5282-9aee-b211180a0f77"}, {"type": "Feature", "properties": {"gm_gar_pk": 40200, "gm_gmw_monitoringtube.href": "https://api.pdok.nl/tno/bro-grondwatermonitoring-in-samenhang-karakteristieken/ogc/v1/collections/gm_gmw_monitoringtube/items/bd37d2cb-f672-582d-8065-4368226ee5c7", "gm_gmw_monitoringtube_fk": 39214, "bro_id": "GAR000000040522", "delivery_accountable_party": "30276683", "quality_regime": "IMBRO/A", "object_registration_time": "2023-01-16T17:29:52+01:00", "latest_addition_time": null, "registration_completion_time": "2023-01-16T17:29:52+01:00", "latest_correction_time": "2026-02-20T14:46:59+01:00", "under_review_time": null, "sampling_date_time": "2005-04-21T13:00:00+02:00", "imbro_xml_url": "https://publiek.broservices.nl/gm/gar/v1/objects/GAR000000040522"}, "geometry": {"type": "Point", "coordinates": [5.18767327, 52.052827187]}, "id": "f90fea7b-58cf-5839-852b-5a017421d1c5"}, {"type": "Feature", "properties": {"gm_gar_pk": 40201, "gm_gmw_monitoringtube.href": "https://api.pdok.nl/tno/bro-grondwatermonitoring-in-samenhang-karakteristieken/ogc/v1/collections/gm_gmw_monitoringtube/items/bd37d2cb-f672-582d-8065-4368226ee5c7", "gm_gmw_monitoringtube_fk": 39214, "bro_id": "GAR000000040523", "delivery_accountable_party": "30276683", "quality_regime": "IMBRO/A", "object_registration_time": "2023-01-16T17:29:55+01:00", "latest_addition_time": null, "registration_completion_time": "2023-01-16T17:29:55+01:00", "latest_correction_time": "2026-02-20T14:50:10+01:00", "under_review_time": null, "sampling_date_time": "2007-10-15T13:00:00+02:00", "imbro_xml_url": "https://publiek.broservices.nl/gm/gar/v1/objects/GAR000000040523"}, "geometry": {"type": "Point", "coordinates": [5.18767327, 52.052827187]}, "id": "0402b612-4e2a-535e-8f6e-0714cba5a344"}, {"type": "Feature", "properties": {"gm_gar_pk": 40206, "gm_gmw_monitoringtube.href": "https://api.pdok.nl/tno/bro-grondwatermonitoring-in-samenhang-karakteristieken/ogc/v1/collections/gm_gmw_monitoringtube/items/bd37d2cb-f672-582d-8065-4368226ee5c7", "gm_gmw_monitoringtube_fk": 39214, "bro_id": "GAR000000040528", "delivery_accountable_party": "30276683", "quality_regime": "IMBRO/A", "object_registration_time": "2023-01-16T17:30:09+01:00", "latest_addition_time": null, "registration_completion_time": "2023-01-16T17:30:09+01:00", "latest_correction_time": "2026-02-20T14:50:17+01:00", "under_review_time": null, "sampling_date_time": "2009-06-05T13:00:00+02:00", "imbro_xml_url": "https://publiek.broservices.nl/gm/gar/v1/objects/GAR000000040528"}, "geometry": {"type": "Point", "coordinates": [5.18767327, 52.052827187]}, "id": "3fcffe74-9c08-51ed-9d21-6bf3dd6de124"}, {"type": "Feature", "properties": {"gm_gar_pk": 40207, "gm_gmw_monitoringtube.href": "https://api.pdok.nl/tno/bro-grondwatermonitoring-in-samenhang-karakteristieken/ogc/v1/collections/gm_gmw_monitoringtube/items/bd37d2cb-f672-582d-8065-4368226ee5c7", "gm_gmw_monitoringtube_fk": 39214, "bro_id": "GAR000000040529", "delivery_accountable_party": "30276683", "quality_regime": "IMBRO/A", "object_registration_time": "2023-01-16T17:30:11+01:00", "latest_addition_time": null, "registration_completion_time": "2023-01-16T17:30:11+01:00", "latest_correction_time": "2026-02-20T15:38:22+01:00", "under_review_time": null, "sampling_date_time": "2011-01-01T12:00:00+01:00", "imbro_xml_url": "https://publiek.broservices.nl/gm/gar/v1/objects/GAR000000040529"}, "geometry": {"type": "Point", "coordinates": [5.18767327, 52.052827187]}, "id": "b6b724a9-5422-59af-8841-6a677e745ef5"}, {"type": "Feature", "properties": {"gm_gar_pk": 40208, "gm_gmw_monitoringtube.href": "https://api.pdok.nl/tno/bro-grondwatermonitoring-in-samenhang-karakteristieken/ogc/v1/collections/gm_gmw_monitoringtube/items/bd37d2cb-f672-582d-8065-4368226ee5c7", "gm_gmw_monitoringtube_fk": 39214, "bro_id": "GAR000000040530", "delivery_accountable_party": "30276683", "quality_regime": "IMBRO/A", "object_registration_time": "2023-01-16T17:30:14+01:00", "latest_addition_time": null, "registration_completion_time": "2023-01-16T17:30:14+01:00", "latest_correction_time": "2026-02-20T14:50:24+01:00", "under_review_time": null, "sampling_date_time": "2015-09-02T13:00:00+02:00", "imbro_xml_url": "https://publiek.broservices.nl/gm/gar/v1/objects/GAR000000040530"}, "geometry": {"type": "Point", "coordinates": [5.18767327, 52.052827187]}, "id": "f42f14e0-dafd-5038-8a19-e61c0630ce43"}, {"type": "Feature", "properties": {"gm_gar_pk": 40209, "gm_gmw_monitoringtube.href": "https://api.pdok.nl/tno/bro-grondwatermonitoring-in-samenhang-karakteristieken/ogc/v1/collections/gm_gmw_monitoringtube/items/bd37d2cb-f672-582d-8065-4368226ee5c7", "gm_gmw_monitoringtube_fk": 39214, "bro_id": "GAR000000040531", "delivery_accountable_party": "30276683", "quality_regime": "IMBRO/A", "object_registration_time": "2023-01-16T17:30:17+01:00", "latest_addition_time": null, "registration_completion_time": "2023-01-16T17:30:17+01:00", "latest_correction_time": "2026-02-20T14:50:38+01:00", "under_review_time": null, "sampling_date_time": "2019-07-09T13:00:00+02:00", "imbro_xml_url": "https://publiek.broservices.nl/gm/gar/v1/objects/GAR000000040531"}, "geometry": {"type": "Point", "coordinates": [5.18767327, 52.052827187]}, "id": "55c596f6-1aa0-54cb-88df-ee81d701c2e9"}, {"type": "Feature", "properties": {"gm_gar_pk": 40210, "gm_gmw_monitoringtube.href": "https://api.pdok.nl/tno/bro-grondwatermonitoring-in-samenhang-karakteristieken/ogc/v1/collections/gm_gmw_monitoringtube/items/03a34adc-f067-52d3-83a7-66ed6c446e82", "gm_gmw_monitoringtube_fk": 39215, "bro_id": "GAR000000040532", "delivery_accountable_party": "30276683", "quality_regime": "IMBRO/A", "object_registration_time": "2023-01-16T17:30:20+01:00", "latest_addition_time": null, "registration_completion_time": "2023-01-16T17:30:20+01:00", "latest_correction_time": null, "under_review_time": null, "sampling_date_time": "1990-08-27T13:00:00+02:00", "imbro_xml_url": "https://publiek.broservices.nl/gm/gar/v1/objects/GAR000000040532"}, "geometry": {"type": "Point", "coordinates": [5.18767327, 52.052827187]}, "id": "789476f9-dfe9-5c19-8e35-9ba141c68fc8"}, {"type": "Feature", "properties": {"gm_gar_pk": 40211, "gm_gmw_monitoringtube.href": "https://api.pdok.nl/tno/bro-grondwatermonitoring-in-samenhang-karakteristieken/ogc/v1/collections/gm_gmw_monitoringtube/items/03a34adc-f067-52d3-83a7-66ed6c446e82", "gm_gmw_monitoringtube_fk": 39215, "bro_id": "GAR000000040533", "delivery_accountable_party": "30276683", "quality_regime": "IMBRO/A", "object_registration_time": "2023-01-16T17:30:23+01:00", "latest_addition_time": null, "registration_completion_time": "2023-01-16T17:30:23+01:00", "latest_correction_time": null, "under_review_time": null, "sampling_date_time": "1999-06-11T13:00:00+02:00", "imbro_xml_url": "https://publiek.broservices.nl/gm/gar/v1/objects/GAR000000040533"}, "geometry": {"type": "Point", "coordinates": [5.18767327, 52.052827187]}, "id": "2ef5fc3f-5b37-5291-8ec2-d35a31ce71f8"}, {"type": "Feature", "properties": {"gm_gar_pk": 40212, "gm_gmw_monitoringtube.href": "https://api.pdok.nl/tno/bro-grondwatermonitoring-in-samenhang-karakteristieken/ogc/v1/collections/gm_gmw_monitoringtube/items/03a34adc-f067-52d3-83a7-66ed6c446e82", "gm_gmw_monitoringtube_fk": 39215, "bro_id": "GAR000000040534", "delivery_accountable_party": "30276683", "quality_regime": "IMBRO/A", "object_registration_time": "2023-01-16T17:30:25+01:00", "latest_addition_time": null, "registration_completion_time": "2023-01-16T17:30:25+01:00", "latest_correction_time": null, "under_review_time": null, "sampling_date_time": "2001-08-28T13:00:00+02:00", "imbro_xml_url": "https://publiek.broservices.nl/gm/gar/v1/objects/GAR000000040534"}, "geometry": {"type": "Point", "coordinates": [5.18767327, 52.052827187]}, "id": "5ae434b2-8035-5eb9-a198-47ef702a9dda"}, {"type": "Feature", "properties": {"gm_gar_pk": 40215, "gm_gmw_monitoringtube.href": "https://api.pdok.nl/tno/bro-grondwatermonitoring-in-samenhang-karakteristieken/ogc/v1/collections/gm_gmw_monitoringtube/items/bd37d2cb-f672-582d-8065-4368226ee5c7", "gm_gmw_monitoringtube_fk": 39214, "bro_id": "GAR000000040537", "delivery_accountable_party": "30276683", "quality_regime": "IMBRO/A", "object_registration_time": "2023-01-16T17:30:33+01:00", "latest_addition_time": null, "registration_completion_time": "2023-01-16T17:30:33+01:00", "latest_correction_time": "2026-02-20T14:53:11+01:00", "under_review_time": null, "sampling_date_time": "2013-10-14T13:00:00+02:00", "imbro_xml_url": "https://publiek.broservices.nl/gm/gar/v1/objects/GAR000000040537"}, "geometry": {"type": "Point", "coordinates": [5.18767327, 52.052827187]}, "id": "56c8a128-d46d-5f7e-a12a-2f55d3138411"}, {"type": "Feature", "properties": {"gm_gar_pk": 40216, "gm_gmw_monitoringtube.href": "https://api.pdok.nl/tno/bro-grondwatermonitoring-in-samenhang-karakteristieken/ogc/v1/collections/gm_gmw_monitoringtube/items/bd37d2cb-f672-582d-8065-4368226ee5c7", "gm_gmw_monitoringtube_fk": 39214, "bro_id": "GAR000000040538", "delivery_accountable_party": "30276683", "quality_regime": "IMBRO/A", "object_registration_time": "2023-01-16T17:30:36+01:00", "latest_addition_time": null, "registration_completion_time": "2023-01-16T17:30:36+01:00", "latest_correction_time": "2026-02-20T14:50:31+01:00", "under_review_time": null, "sampling_date_time": "2017-08-08T13:00:00+02:00", "imbro_xml_url": "https://publiek.broservices.nl/gm/gar/v1/objects/GAR000000040538"}, "geometry": {"type": "Point", "coordinates": [5.18767327, 52.052827187]}, "id": "097aff28-574e-5689-bcc6-df596112e8f7"}, {"type": "Feature", "properties": {"gm_gar_pk": 40217, "gm_gmw_monitoringtube.href": "https://api.pdok.nl/tno/bro-grondwatermonitoring-in-samenhang-karakteristieken/ogc/v1/collections/gm_gmw_monitoringtube/items/03a34adc-f067-52d3-83a7-66ed6c446e82", "gm_gmw_monitoringtube_fk": 39215, "bro_id": "GAR000000040539", "delivery_accountable_party": "30276683", "quality_regime": "IMBRO/A", "object_registration_time": "2023-01-16T17:30:39+01:00", "latest_addition_time": null, "registration_completion_time": "2023-01-16T17:30:39+01:00", "latest_correction_time": "2026-02-20T14:18:16+01:00", "under_review_time": null, "sampling_date_time": "1982-03-09T12:00:00+01:00", "imbro_xml_url": "https://publiek.broservices.nl/gm/gar/v1/objects/GAR000000040539"}, "geometry": {"type": "Point", "coordinates": [5.18767327, 52.052827187]}, "id": "394e1204-d4f3-58f8-a29d-507c538d345a"}, {"type": "Feature", "properties": {"gm_gar_pk": 40218, "gm_gmw_monitoringtube.href": "https://api.pdok.nl/tno/bro-grondwatermonitoring-in-samenhang-karakteristieken/ogc/v1/collections/gm_gmw_monitoringtube/items/03a34adc-f067-52d3-83a7-66ed6c446e82", "gm_gmw_monitoringtube_fk": 39215, "bro_id": "GAR000000040540", "delivery_accountable_party": "30276683", "quality_regime": "IMBRO/A", "object_registration_time": "2023-01-16T17:30:41+01:00", "latest_addition_time": null, "registration_completion_time": "2023-01-16T17:30:41+01:00", "latest_correction_time": null, "under_review_time": null, "sampling_date_time": "1991-06-28T13:00:00+02:00", "imbro_xml_url": "https://publiek.broservices.nl/gm/gar/v1/objects/GAR000000040540"}, "geometry": {"type": "Point", "coordinates": [5.18767327, 52.052827187]}, "id": "66ddd559-4a21-5801-a1c4-62f1ff70b9b2"}, {"type": "Feature", "properties": {"gm_gar_pk": 40219, "gm_gmw_monitoringtube.href": "https://api.pdok.nl/tno/bro-grondwatermonitoring-in-samenhang-karakteristieken/ogc/v1/collections/gm_gmw_monitoringtube/items/03a34adc-f067-52d3-83a7-66ed6c446e82", "gm_gmw_monitoringtube_fk": 39215, "bro_id": "GAR000000040541", "delivery_accountable_party": "30276683", "quality_regime": "IMBRO/A", "object_registration_time": "2023-01-16T17:30:44+01:00", "latest_addition_time": null, "registration_completion_time": "2023-01-16T17:30:44+01:00", "latest_correction_time": null, "under_review_time": null, "sampling_date_time": "1992-06-25T13:00:00+02:00", "imbro_xml_url": "https://publiek.broservices.nl/gm/gar/v1/objects/GAR000000040541"}, "geometry": {"type": "Point", "coordinates": [5.18767327, 52.052827187]}, "id": "bbdeec8e-c5c4-5fd2-b265-8dabfac6998b"}, {"type": "Feature", "properties": {"gm_gar_pk": 40220, "gm_gmw_monitoringtube.href": "https://api.pdok.nl/tno/bro-grondwatermonitoring-in-samenhang-karakteristieken/ogc/v1/collections/gm_gmw_monitoringtube/items/03a34adc-f067-52d3-83a7-66ed6c446e82", "gm_gmw_monitoringtube_fk": 39215, "bro_id": "GAR000000040542", "delivery_accountable_party": "30276683", "quality_regime": "IMBRO/A", "object_registration_time": "2023-01-16T17:30:47+01:00", "latest_addition_time": null, "registration_completion_time": "2023-01-16T17:30:47+01:00", "latest_correction_time": null, "under_review_time": null, "sampling_date_time": "1993-06-16T13:00:00+02:00", "imbro_xml_url": "https://publiek.broservices.nl/gm/gar/v1/objects/GAR000000040542"}, "geometry": {"type": "Point", "coordinates": [5.18767327, 52.052827187]}, "id": "b55a70c8-3690-5b92-8628-6c5b5e53a93b"}, {"type": "Feature", "properties": {"gm_gar_pk": 40221, "gm_gmw_monitoringtube.href": "https://api.pdok.nl/tno/bro-grondwatermonitoring-in-samenhang-karakteristieken/ogc/v1/collections/gm_gmw_monitoringtube/items/03a34adc-f067-52d3-83a7-66ed6c446e82", "gm_gmw_monitoringtube_fk": 39215, "bro_id": "GAR000000040543", "delivery_accountable_party": "30276683", "quality_regime": "IMBRO/A", "object_registration_time": "2023-01-16T17:30:50+01:00", "latest_addition_time": null, "registration_completion_time": "2023-01-16T17:30:50+01:00", "latest_correction_time": null, "under_review_time": null, "sampling_date_time": "1994-04-12T13:00:00+02:00", "imbro_xml_url": "https://publiek.broservices.nl/gm/gar/v1/objects/GAR000000040543"}, "geometry": {"type": "Point", "coordinates": [5.18767327, 52.052827187]}, "id": "ce0ed948-8db3-5eb9-9ff3-3c0b0741fc07"}, {"type": "Feature", "properties": {"gm_gar_pk": 40222, "gm_gmw_monitoringtube.href": "https://api.pdok.nl/tno/bro-grondwatermonitoring-in-samenhang-karakteristieken/ogc/v1/collections/gm_gmw_monitoringtube/items/03a34adc-f067-52d3-83a7-66ed6c446e82", "gm_gmw_monitoringtube_fk": 39215, "bro_id": "GAR000000040544", "delivery_accountable_party": "30276683", "quality_regime": "IMBRO/A", "object_registration_time": "2023-01-16T17:30:52+01:00", "latest_addition_time": null, "registration_completion_time": "2023-01-16T17:30:52+01:00", "latest_correction_time": null, "under_review_time": null, "sampling_date_time": "1995-04-12T13:00:00+02:00", "imbro_xml_url": "https://publiek.broservices.nl/gm/gar/v1/objects/GAR000000040544"}, "geometry": {"type": "Point", "coordinates": [5.18767327, 52.052827187]}, "id": "8e3293fd-4667-5629-86c0-d8f80acff707"}, {"type": "Feature", "properties": {"gm_gar_pk": 40228, "gm_gmw_monitoringtube.href": "https://api.pdok.nl/tno/bro-grondwatermonitoring-in-samenhang-karakteristieken/ogc/v1/collections/gm_gmw_monitoringtube/items/03a34adc-f067-52d3-83a7-66ed6c446e82", "gm_gmw_monitoringtube_fk": 39215, "bro_id": "GAR000000040550", "delivery_accountable_party": "30276683", "quality_regime": "IMBRO/A", "object_registration_time": "2023-01-16T17:31:08+01:00", "latest_addition_time": null, "registration_completion_time": "2023-01-16T17:31:08+01:00", "latest_correction_time": null, "under_review_time": null, "sampling_date_time": "1996-04-18T13:00:00+02:00", "imbro_xml_url": "https://publiek.broservices.nl/gm/gar/v1/objects/GAR000000040550"}, "geometry": {"type": "Point", "coordinates": [5.18767327, 52.052827187]}, "id": "5266c03c-3050-5616-84a8-a131c2fc80e6"}, {"type": "Feature", "properties": {"gm_gar_pk": 40229, "gm_gmw_monitoringtube.href": "https://api.pdok.nl/tno/bro-grondwatermonitoring-in-samenhang-karakteristieken/ogc/v1/collections/gm_gmw_monitoringtube/items/03a34adc-f067-52d3-83a7-66ed6c446e82", "gm_gmw_monitoringtube_fk": 39215, "bro_id": "GAR000000040551", "delivery_accountable_party": "30276683", "quality_regime": "IMBRO/A", "object_registration_time": "2023-01-16T17:31:10+01:00", "latest_addition_time": null, "registration_completion_time": "2023-01-16T17:31:10+01:00", "latest_correction_time": null, "under_review_time": null, "sampling_date_time": "1997-08-19T13:00:00+02:00", "imbro_xml_url": "https://publiek.broservices.nl/gm/gar/v1/objects/GAR000000040551"}, "geometry": {"type": "Point", "coordinates": [5.18767327, 52.052827187]}, "id": "4bc5035e-d696-5df9-8224-bef5ac5eccbc"}, {"type": "Feature", "properties": {"gm_gar_pk": 40230, "gm_gmw_monitoringtube.href": "https://api.pdok.nl/tno/bro-grondwatermonitoring-in-samenhang-karakteristieken/ogc/v1/collections/gm_gmw_monitoringtube/items/03a34adc-f067-52d3-83a7-66ed6c446e82", "gm_gmw_monitoringtube_fk": 39215, "bro_id": "GAR000000040552", "delivery_accountable_party": "30276683", "quality_regime": "IMBRO/A", "object_registration_time": "2023-01-16T17:31:13+01:00", "latest_addition_time": null, "registration_completion_time": "2023-01-16T17:31:13+01:00", "latest_correction_time": null, "under_review_time": null, "sampling_date_time": "2003-05-22T13:00:00+02:00", "imbro_xml_url": "https://publiek.broservices.nl/gm/gar/v1/objects/GAR000000040552"}, "geometry": {"type": "Point", "coordinates": [5.18767327, 52.052827187]}, "id": "dffdf0a7-75e6-558a-a085-d4729369fcf1"}, {"type": "Feature", "properties": {"gm_gar_pk": 40231, "gm_gmw_monitoringtube.href": "https://api.pdok.nl/tno/bro-grondwatermonitoring-in-samenhang-karakteristieken/ogc/v1/collections/gm_gmw_monitoringtube/items/32e57e79-8382-5990-b5ac-a589a9e97ec5", "gm_gmw_monitoringtube_fk": 39216, "bro_id": "GAR000000040553", "delivery_accountable_party": "30276683", "quality_regime": "IMBRO/A", "object_registration_time": "2023-01-16T17:31:16+01:00", "latest_addition_time": null, "registration_completion_time": "2023-01-16T17:31:16+01:00", "latest_correction_time": "2026-02-20T14:18:19+01:00", "under_review_time": null, "sampling_date_time": "1984-07-16T13:00:00+02:00", "imbro_xml_url": "https://publiek.broservices.nl/gm/gar/v1/objects/GAR000000040553"}, "geometry": {"type": "Point", "coordinates": [5.18767327, 52.052827187]}, "id": "990f3a1d-4dc1-5844-9c8f-c90a54948813"}, {"type": "Feature", "properties": {"gm_gar_pk": 40232, "gm_gmw_monitoringtube.href": "https://api.pdok.nl/tno/bro-grondwatermonitoring-in-samenhang-karakteristieken/ogc/v1/collections/gm_gmw_monitoringtube/items/32e57e79-8382-5990-b5ac-a589a9e97ec5", "gm_gmw_monitoringtube_fk": 39216, "bro_id": "GAR000000040554", "delivery_accountable_party": "30276683", "quality_regime": "IMBRO/A", "object_registration_time": "2023-01-16T17:31:18+01:00", "latest_addition_time": null, "registration_completion_time": "2023-01-16T17:31:18+01:00", "latest_correction_time": "2026-02-20T14:18:20+01:00", "under_review_time": null, "sampling_date_time": "1985-08-23T13:00:00+02:00", "imbro_xml_url": "https://publiek.broservices.nl/gm/gar/v1/objects/GAR000000040554"}, "geometry": {"type": "Point", "coordinates": [5.18767327, 52.052827187]}, "id": "33ef1a5e-dfcc-5e40-9ea6-f7ba7a7ead1d"}, {"type": "Feature", "properties": {"gm_gar_pk": 40233, "gm_gmw_monitoringtube.href": "https://api.pdok.nl/tno/bro-grondwatermonitoring-in-samenhang-karakteristieken/ogc/v1/collections/gm_gmw_monitoringtube/items/32e57e79-8382-5990-b5ac-a589a9e97ec5", "gm_gmw_monitoringtube_fk": 39216, "bro_id": "GAR000000040555", "delivery_accountable_party": "30276683", "quality_regime": "IMBRO/A", "object_registration_time": "2023-01-16T17:31:21+01:00", "latest_addition_time": null, "registration_completion_time": "2023-01-16T17:31:21+01:00", "latest_correction_time": "2026-02-20T14:18:17+01:00", "under_review_time": null, "sampling_date_time": "1982-03-09T12:00:00+01:00", "imbro_xml_url": "https://publiek.broservices.nl/gm/gar/v1/objects/GAR000000040555"}, "geometry": {"type": "Point", "coordinates": [5.18767327, 52.052827187]}, "id": "6bd6331b-7cf3-53fe-9a67-ad252b185774"}, {"type": "Feature", "properties": {"gm_gar_pk": 40234, "gm_gmw_monitoringtube.href": "https://api.pdok.nl/tno/bro-grondwatermonitoring-in-samenhang-karakteristieken/ogc/v1/collections/gm_gmw_monitoringtube/items/32e57e79-8382-5990-b5ac-a589a9e97ec5", "gm_gmw_monitoringtube_fk": 39216, "bro_id": "GAR000000040556", "delivery_accountable_party": "30276683", "quality_regime": "IMBRO/A", "object_registration_time": "2023-01-16T17:31:24+01:00", "latest_addition_time": null, "registration_completion_time": "2023-01-16T17:31:24+01:00", "latest_correction_time": "2026-02-20T14:18:18+01:00", "under_review_time": null, "sampling_date_time": "1983-06-17T13:00:00+02:00", "imbro_xml_url": "https://publiek.broservices.nl/gm/gar/v1/objects/GAR000000040556"}, "geometry": {"type": "Point", "coordinates": [5.18767327, 52.052827187]}, "id": "946fc2b6-9473-5640-b352-1bcec05ea541"}, {"type": "Feature", "properties": {"gm_gar_pk": 40235, "gm_gmw_monitoringtube.href": "https://api.pdok.nl/tno/bro-grondwatermonitoring-in-samenhang-karakteristieken/ogc/v1/collections/gm_gmw_monitoringtube/items/32e57e79-8382-5990-b5ac-a589a9e97ec5", "gm_gmw_monitoringtube_fk": 39216, "bro_id": "GAR000000040557", "delivery_accountable_party": "30276683", "quality_regime": "IMBRO/A", "object_registration_time": "2023-01-16T17:31:26+01:00", "latest_addition_time": null, "registration_completion_time": "2023-01-16T17:31:26+01:00", "latest_correction_time": "2026-02-20T14:18:22+01:00", "under_review_time": null, "sampling_date_time": "1987-09-22T13:00:00+02:00", "imbro_xml_url": "https://publiek.broservices.nl/gm/gar/v1/objects/GAR000000040557"}, "geometry": {"type": "Point", "coordinates": [5.18767327, 52.052827187]}, "id": "d6d9f8ca-fd69-5b2e-83d4-b5781f1298e1"}, {"type": "Feature", "properties": {"gm_gar_pk": 40236, "gm_gmw_monitoringtube.href": "https://api.pdok.nl/tno/bro-grondwatermonitoring-in-samenhang-karakteristieken/ogc/v1/collections/gm_gmw_monitoringtube/items/32e57e79-8382-5990-b5ac-a589a9e97ec5", "gm_gmw_monitoringtube_fk": 39216, "bro_id": "GAR000000040558", "delivery_accountable_party": "30276683", "quality_regime": "IMBRO/A", "object_registration_time": "2023-01-16T17:31:29+01:00", "latest_addition_time": null, "registration_completion_time": "2023-01-16T17:31:29+01:00", "latest_correction_time": "2026-02-20T14:18:23+01:00", "under_review_time": null, "sampling_date_time": "1988-08-12T13:00:00+02:00", "imbro_xml_url": "https://publiek.broservices.nl/gm/gar/v1/objects/GAR000000040558"}, "geometry": {"type": "Point", "coordinates": [5.18767327, 52.052827187]}, "id": "95e3dbef-574f-5b72-8ccf-573647826ffb"}, {"type": "Feature", "properties": {"gm_gar_pk": 40237, "gm_gmw_monitoringtube.href": "https://api.pdok.nl/tno/bro-grondwatermonitoring-in-samenhang-karakteristieken/ogc/v1/collections/gm_gmw_monitoringtube/items/32e57e79-8382-5990-b5ac-a589a9e97ec5", "gm_gmw_monitoringtube_fk": 39216, "bro_id": "GAR000000040559", "delivery_accountable_party": "30276683", "quality_regime": "IMBRO/A", "object_registration_time": "2023-01-16T17:31:32+01:00", "latest_addition_time": null, "registration_completion_time": "2023-01-16T17:31:32+01:00", "latest_correction_time": "2026-02-20T14:18:21+01:00", "under_review_time": null, "sampling_date_time": "1986-09-09T13:00:00+02:00", "imbro_xml_url": "https://publiek.broservices.nl/gm/gar/v1/objects/GAR000000040559"}, "geometry": {"type": "Point", "coordinates": [5.18767327, 52.052827187]}, "id": "f9503428-de51-5151-9877-ba459fa7e9e3"}, {"type": "Feature", "properties": {"gm_gar_pk": 40242, "gm_gmw_monitoringtube.href": "https://api.pdok.nl/tno/bro-grondwatermonitoring-in-samenhang-karakteristieken/ogc/v1/collections/gm_gmw_monitoringtube/items/32e57e79-8382-5990-b5ac-a589a9e97ec5", "gm_gmw_monitoringtube_fk": 39216, "bro_id": "GAR000000040564", "delivery_accountable_party": "30276683", "quality_regime": "IMBRO/A", "object_registration_time": "2023-01-16T17:31:45+01:00", "latest_addition_time": null, "registration_completion_time": "2023-01-16T17:31:45+01:00", "latest_correction_time": "2026-02-20T14:18:24+01:00", "under_review_time": null, "sampling_date_time": "1989-10-11T12:00:00+01:00", "imbro_xml_url": "https://publiek.broservices.nl/gm/gar/v1/objects/GAR000000040564"}, "geometry": {"type": "Point", "coordinates": [5.18767327, 52.052827187]}, "id": "afd297f9-6f7d-5195-a0c2-204c9d730555"}, {"type": "Feature", "properties": {"gm_gar_pk": 40243, "gm_gmw_monitoringtube.href": "https://api.pdok.nl/tno/bro-grondwatermonitoring-in-samenhang-karakteristieken/ogc/v1/collections/gm_gmw_monitoringtube/items/32e57e79-8382-5990-b5ac-a589a9e97ec5", "gm_gmw_monitoringtube_fk": 39216, "bro_id": "GAR000000040565", "delivery_accountable_party": "30276683", "quality_regime": "IMBRO/A", "object_registration_time": "2023-01-16T17:31:48+01:00", "latest_addition_time": null, "registration_completion_time": "2023-01-16T17:31:48+01:00", "latest_correction_time": "2026-02-20T14:18:25+01:00", "under_review_time": null, "sampling_date_time": "1990-08-27T13:00:00+02:00", "imbro_xml_url": "https://publiek.broservices.nl/gm/gar/v1/objects/GAR000000040565"}, "geometry": {"type": "Point", "coordinates": [5.18767327, 52.052827187]}, "id": "c40075ca-38ee-5607-abed-6d74212682b7"}, {"type": "Feature", "properties": {"gm_gar_pk": 40244, "gm_gmw_monitoringtube.href": "https://api.pdok.nl/tno/bro-grondwatermonitoring-in-samenhang-karakteristieken/ogc/v1/collections/gm_gmw_monitoringtube/items/32e57e79-8382-5990-b5ac-a589a9e97ec5", "gm_gmw_monitoringtube_fk": 39216, "bro_id": "GAR000000040566", "delivery_accountable_party": "30276683", "quality_regime": "IMBRO/A", "object_registration_time": "2023-01-16T17:31:51+01:00", "latest_addition_time": null, "registration_completion_time": "2023-01-16T17:31:51+01:00", "latest_correction_time": "2026-02-20T15:35:05+01:00", "under_review_time": null, "sampling_date_time": "1995-04-12T13:00:00+02:00", "imbro_xml_url": "https://publiek.broservices.nl/gm/gar/v1/objects/GAR000000040566"}, "geometry": {"type": "Point", "coordinates": [5.18767327, 52.052827187]}, "id": "c7222f80-cd14-54d9-aa5f-a679c3a9e415"}, {"type": "Feature", "properties": {"gm_gar_pk": 40246, "gm_gmw_monitoringtube.href": "https://api.pdok.nl/tno/bro-grondwatermonitoring-in-samenhang-karakteristieken/ogc/v1/collections/gm_gmw_monitoringtube/items/32e57e79-8382-5990-b5ac-a589a9e97ec5", "gm_gmw_monitoringtube_fk": 39216, "bro_id": "GAR000000040568", "delivery_accountable_party": "30276683", "quality_regime": "IMBRO/A", "object_registration_time": "2023-01-16T17:31:56+01:00", "latest_addition_time": null, "registration_completion_time": "2023-01-16T17:31:56+01:00", "latest_correction_time": "2026-02-20T14:44:07+01:00", "under_review_time": null, "sampling_date_time": "1991-06-28T13:00:00+02:00", "imbro_xml_url": "https://publiek.broservices.nl/gm/gar/v1/objects/GAR000000040568"}, "geometry": {"type": "Point", "coordinates": [5.18767327, 52.052827187]}, "id": "2970df05-1b4f-562e-9ea5-7a5e93f17da1"}, {"type": "Feature", "properties": {"gm_gar_pk": 40247, "gm_gmw_monitoringtube.href": "https://api.pdok.nl/tno/bro-grondwatermonitoring-in-samenhang-karakteristieken/ogc/v1/collections/gm_gmw_monitoringtube/items/32e57e79-8382-5990-b5ac-a589a9e97ec5", "gm_gmw_monitoringtube_fk": 39216, "bro_id": "GAR000000040569", "delivery_accountable_party": "30276683", "quality_regime": "IMBRO/A", "object_registration_time": "2023-01-16T17:31:59+01:00", "latest_addition_time": null, "registration_completion_time": "2023-01-16T17:31:59+01:00", "latest_correction_time": "2026-02-20T15:11:00+01:00", "under_review_time": null, "sampling_date_time": "1992-06-25T13:00:00+02:00", "imbro_xml_url": "https://publiek.broservices.nl/gm/gar/v1/objects/GAR000000040569"}, "geometry": {"type": "Point", "coordinates": [5.18767327, 52.052827187]}, "id": "5df21e36-fce6-5da5-a10a-3f1128451510"}, {"type": "Feature", "properties": {"gm_gar_pk": 40248, "gm_gmw_monitoringtube.href": "https://api.pdok.nl/tno/bro-grondwatermonitoring-in-samenhang-karakteristieken/ogc/v1/collections/gm_gmw_monitoringtube/items/32e57e79-8382-5990-b5ac-a589a9e97ec5", "gm_gmw_monitoringtube_fk": 39216, "bro_id": "GAR000000040570", "delivery_accountable_party": "30276683", "quality_regime": "IMBRO/A", "object_registration_time": "2023-01-16T17:32:02+01:00", "latest_addition_time": null, "registration_completion_time": "2023-01-16T17:32:02+01:00", "latest_correction_time": "2026-02-20T15:36:25+01:00", "under_review_time": null, "sampling_date_time": "1993-06-16T13:00:00+02:00", "imbro_xml_url": "https://publiek.broservices.nl/gm/gar/v1/objects/GAR000000040570"}, "geometry": {"type": "Point", "coordinates": [5.18767327, 52.052827187]}, "id": "e1467730-7168-5216-b227-014465971c46"}, {"type": "Feature", "properties": {"gm_gar_pk": 40249, "gm_gmw_monitoringtube.href": "https://api.pdok.nl/tno/bro-grondwatermonitoring-in-samenhang-karakteristieken/ogc/v1/collections/gm_gmw_monitoringtube/items/32e57e79-8382-5990-b5ac-a589a9e97ec5", "gm_gmw_monitoringtube_fk": 39216, "bro_id": "GAR000000040571", "delivery_accountable_party": "30276683", "quality_regime": "IMBRO/A", "object_registration_time": "2023-01-16T17:32:05+01:00", "latest_addition_time": null, "registration_completion_time": "2023-01-16T17:32:05+01:00", "latest_correction_time": "2026-02-20T14:44:21+01:00", "under_review_time": null, "sampling_date_time": "1994-04-12T13:00:00+02:00", "imbro_xml_url": "https://publiek.broservices.nl/gm/gar/v1/objects/GAR000000040571"}, "geometry": {"type": "Point", "coordinates": [5.18767327, 52.052827187]}, "id": "cc10dd03-5718-59f3-bc76-07b12473c16c"}, {"type": "Feature", "properties": {"gm_gar_pk": 40250, "gm_gmw_monitoringtube.href": "https://api.pdok.nl/tno/bro-grondwatermonitoring-in-samenhang-karakteristieken/ogc/v1/collections/gm_gmw_monitoringtube/items/32e57e79-8382-5990-b5ac-a589a9e97ec5", "gm_gmw_monitoringtube_fk": 39216, "bro_id": "GAR000000040572", "delivery_accountable_party": "30276683", "quality_regime": "IMBRO/A", "object_registration_time": "2023-01-16T17:32:07+01:00", "latest_addition_time": null, "registration_completion_time": "2023-01-16T17:32:07+01:00", "latest_correction_time": "2026-02-20T14:31:30+01:00", "under_review_time": null, "sampling_date_time": "1996-04-18T13:00:00+02:00", "imbro_xml_url": "https://publiek.broservices.nl/gm/gar/v1/objects/GAR000000040572"}, "geometry": {"type": "Point", "coordinates": [5.18767327, 52.052827187]}, "id": "d74d3b9a-6ff6-5442-be82-ac27ad11c0bc"}, {"type": "Feature", "properties": {"gm_gar_pk": 40251, "gm_gmw_monitoringtube.href": "https://api.pdok.nl/tno/bro-grondwatermonitoring-in-samenhang-karakteristieken/ogc/v1/collections/gm_gmw_monitoringtube/items/32e57e79-8382-5990-b5ac-a589a9e97ec5", "gm_gmw_monitoringtube_fk": 39216, "bro_id": "GAR000000040573", "delivery_accountable_party": "30276683", "quality_regime": "IMBRO/A", "object_registration_time": "2023-01-16T17:32:10+01:00", "latest_addition_time": null, "registration_completion_time": "2023-01-16T17:32:10+01:00", "latest_correction_time": null, "under_review_time": null, "sampling_date_time": "1997-08-19T13:00:00+02:00", "imbro_xml_url": "https://publiek.broservices.nl/gm/gar/v1/objects/GAR000000040573"}, "geometry": {"type": "Point", "coordinates": [5.18767327, 52.052827187]}, "id": "d4c367eb-0984-58be-aa52-ae13072e6343"}, {"type": "Feature", "properties": {"gm_gar_pk": 40252, "gm_gmw_monitoringtube.href": "https://api.pdok.nl/tno/bro-grondwatermonitoring-in-samenhang-karakteristieken/ogc/v1/collections/gm_gmw_monitoringtube/items/32e57e79-8382-5990-b5ac-a589a9e97ec5", "gm_gmw_monitoringtube_fk": 39216, "bro_id": "GAR000000040574", "delivery_accountable_party": "30276683", "quality_regime": "IMBRO/A", "object_registration_time": "2023-01-16T17:32:13+01:00", "latest_addition_time": null, "registration_completion_time": "2023-01-16T17:32:13+01:00", "latest_correction_time": "2026-02-20T14:31:38+01:00", "under_review_time": null, "sampling_date_time": "1999-06-11T13:00:00+02:00", "imbro_xml_url": "https://publiek.broservices.nl/gm/gar/v1/objects/GAR000000040574"}, "geometry": {"type": "Point", "coordinates": [5.18767327, 52.052827187]}, "id": "3240dd4c-68f3-54da-9727-2f8271055f79"}, {"type": "Feature", "properties": {"gm_gar_pk": 40255, "gm_gmw_monitoringtube.href": "https://api.pdok.nl/tno/bro-grondwatermonitoring-in-samenhang-karakteristieken/ogc/v1/collections/gm_gmw_monitoringtube/items/32e57e79-8382-5990-b5ac-a589a9e97ec5", "gm_gmw_monitoringtube_fk": 39216, "bro_id": "GAR000000040577", "delivery_accountable_party": "30276683", "quality_regime": "IMBRO/A", "object_registration_time": "2023-01-16T17:32:21+01:00", "latest_addition_time": null, "registration_completion_time": "2023-01-16T17:32:21+01:00", "latest_correction_time": null, "under_review_time": null, "sampling_date_time": "2001-08-28T13:00:00+02:00", "imbro_xml_url": "https://publiek.broservices.nl/gm/gar/v1/objects/GAR000000040577"}, "geometry": {"type": "Point", "coordinates": [5.18767327, 52.052827187]}, "id": "a704ad72-9e6c-55ef-b3f4-e27bb333ade2"}, {"type": "Feature", "properties": {"gm_gar_pk": 40256, "gm_gmw_monitoringtube.href": "https://api.pdok.nl/tno/bro-grondwatermonitoring-in-samenhang-karakteristieken/ogc/v1/collections/gm_gmw_monitoringtube/items/32e57e79-8382-5990-b5ac-a589a9e97ec5", "gm_gmw_monitoringtube_fk": 39216, "bro_id": "GAR000000040578", "delivery_accountable_party": "30276683", "quality_regime": "IMBRO/A", "object_registration_time": "2023-01-16T17:32:23+01:00", "latest_addition_time": null, "registration_completion_time": "2023-01-16T17:32:23+01:00", "latest_correction_time": "2026-02-20T15:39:19+01:00", "under_review_time": null, "sampling_date_time": "2003-05-22T13:00:00+02:00", "imbro_xml_url": "https://publiek.broservices.nl/gm/gar/v1/objects/GAR000000040578"}, "geometry": {"type": "Point", "coordinates": [5.18767327, 52.052827187]}, "id": "97a6e850-8c83-52e7-9d64-06c120eb8b5f"}, {"type": "Feature", "properties": {"gm_gar_pk": 40257, "gm_gmw_monitoringtube.href": "https://api.pdok.nl/tno/bro-grondwatermonitoring-in-samenhang-karakteristieken/ogc/v1/collections/gm_gmw_monitoringtube/items/32e57e79-8382-5990-b5ac-a589a9e97ec5", "gm_gmw_monitoringtube_fk": 39216, "bro_id": "GAR000000040579", "delivery_accountable_party": "30276683", "quality_regime": "IMBRO/A", "object_registration_time": "2023-01-16T17:32:26+01:00", "latest_addition_time": null, "registration_completion_time": "2023-01-16T17:32:26+01:00", "latest_correction_time": "2026-02-20T15:38:04+01:00", "under_review_time": null, "sampling_date_time": "2007-10-15T13:00:00+02:00", "imbro_xml_url": "https://publiek.broservices.nl/gm/gar/v1/objects/GAR000000040579"}, "geometry": {"type": "Point", "coordinates": [5.18767327, 52.052827187]}, "id": "826d5778-b7d5-53b6-ada4-9a52d943eb37"}, {"type": "Feature", "properties": {"gm_gar_pk": 40260, "gm_gmw_monitoringtube.href": "https://api.pdok.nl/tno/bro-grondwatermonitoring-in-samenhang-karakteristieken/ogc/v1/collections/gm_gmw_monitoringtube/items/32e57e79-8382-5990-b5ac-a589a9e97ec5", "gm_gmw_monitoringtube_fk": 39216, "bro_id": "GAR000000040582", "delivery_accountable_party": "30276683", "quality_regime": "IMBRO/A", "object_registration_time": "2023-01-16T17:32:34+01:00", "latest_addition_time": null, "registration_completion_time": "2023-01-16T17:32:34+01:00", "latest_correction_time": "2026-02-20T14:53:13+01:00", "under_review_time": null, "sampling_date_time": "2011-01-01T12:00:00+01:00", "imbro_xml_url": "https://publiek.broservices.nl/gm/gar/v1/objects/GAR000000040582"}, "geometry": {"type": "Point", "coordinates": [5.18767327, 52.052827187]}, "id": "28b0be4a-3ffa-5316-bc0e-68f54f68c6d6"}, {"type": "Feature", "properties": {"gm_gar_pk": 40266, "gm_gmw_monitoringtube.href": "https://api.pdok.nl/tno/bro-grondwatermonitoring-in-samenhang-karakteristieken/ogc/v1/collections/gm_gmw_monitoringtube/items/32e57e79-8382-5990-b5ac-a589a9e97ec5", "gm_gmw_monitoringtube_fk": 39216, "bro_id": "GAR000000040588", "delivery_accountable_party": "30276683", "quality_regime": "IMBRO/A", "object_registration_time": "2023-01-16T17:32:50+01:00", "latest_addition_time": null, "registration_completion_time": "2023-01-16T17:32:50+01:00", "latest_correction_time": "2026-02-20T15:38:02+01:00", "under_review_time": null, "sampling_date_time": "2015-09-02T13:00:00+02:00", "imbro_xml_url": "https://publiek.broservices.nl/gm/gar/v1/objects/GAR000000040588"}, "geometry": {"type": "Point", "coordinates": [5.18767327, 52.052827187]}, "id": "eedaedb2-9798-5c6e-8e3c-3cdf9a39ae79"}, {"type": "Feature", "properties": {"gm_gar_pk": 40267, "gm_gmw_monitoringtube.href": "https://api.pdok.nl/tno/bro-grondwatermonitoring-in-samenhang-karakteristieken/ogc/v1/collections/gm_gmw_monitoringtube/items/32e57e79-8382-5990-b5ac-a589a9e97ec5", "gm_gmw_monitoringtube_fk": 39216, "bro_id": "GAR000000040589", "delivery_accountable_party": "30276683", "quality_regime": "IMBRO/A", "object_registration_time": "2023-01-16T17:32:52+01:00", "latest_addition_time": null, "registration_completion_time": "2023-01-16T17:32:52+01:00", "latest_correction_time": "2026-02-20T14:50:45+01:00", "under_review_time": null, "sampling_date_time": "2019-07-09T13:00:00+02:00", "imbro_xml_url": "https://publiek.broservices.nl/gm/gar/v1/objects/GAR000000040589"}, "geometry": {"type": "Point", "coordinates": [5.18767327, 52.052827187]}, "id": "17427682-3b52-54e5-a55b-f0a683f272da"}, {"type": "Feature", "properties": {"gm_gar_pk": 42633, "gm_gmw_monitoringtube.href": "https://api.pdok.nl/tno/bro-grondwatermonitoring-in-samenhang-karakteristieken/ogc/v1/collections/gm_gmw_monitoringtube/items/9a383ff3-8376-55cc-8903-5dbdd69119ed", "gm_gmw_monitoringtube_fk": 39504, "bro_id": "GAR000000043283", "delivery_accountable_party": "30276683", "quality_regime": "IMBRO", "object_registration_time": "2024-07-02T11:30:20+02:00", "latest_addition_time": null, "registration_completion_time": "2024-07-02T11:30:20+02:00", "latest_correction_time": "2026-02-20T14:16:48+01:00", "under_review_time": null, "sampling_date_time": "2021-03-17T12:00:00+01:00", "imbro_xml_url": "https://publiek.broservices.nl/gm/gar/v1/objects/GAR000000043283"}, "geometry": {"type": "Point", "coordinates": [5.02895175, 52.09430118]}, "id": "26924439-a5f9-593b-8e82-ad59a1290d83"}, {"type": "Feature", "properties": {"gm_gar_pk": 42644, "gm_gmw_monitoringtube.href": "https://api.pdok.nl/tno/bro-grondwatermonitoring-in-samenhang-karakteristieken/ogc/v1/collections/gm_gmw_monitoringtube/items/0f85d2d2-f017-5e46-9490-a418996c9848", "gm_gmw_monitoringtube_fk": 39078, "bro_id": "GAR000000043294", "delivery_accountable_party": "30276683", "quality_regime": "IMBRO", "object_registration_time": "2024-07-02T11:30:47+02:00", "latest_addition_time": null, "registration_completion_time": "2024-07-02T11:30:47+02:00", "latest_correction_time": "2026-02-20T14:20:05+01:00", "under_review_time": null, "sampling_date_time": "2021-03-18T12:00:00+01:00", "imbro_xml_url": "https://publiek.broservices.nl/gm/gar/v1/objects/GAR000000043294"}, "geometry": {"type": "Point", "coordinates": [5.220059644, 52.135058142]}, "id": "16f3d8dd-c4f7-566e-89a8-892c74f252bc"}, {"type": "Feature", "properties": {"gm_gar_pk": 42696, "gm_gmw_monitoringtube.href": "https://api.pdok.nl/tno/bro-grondwatermonitoring-in-samenhang-karakteristieken/ogc/v1/collections/gm_gmw_monitoringtube/items/bd37d2cb-f672-582d-8065-4368226ee5c7", "gm_gmw_monitoringtube_fk": 39214, "bro_id": "GAR000000043346", "delivery_accountable_party": "30276683", "quality_regime": "IMBRO", "object_registration_time": "2024-07-02T11:32:50+02:00", "latest_addition_time": null, "registration_completion_time": "2024-07-02T11:32:50+02:00", "latest_correction_time": "2026-02-20T14:16:12+01:00", "under_review_time": null, "sampling_date_time": "2021-03-22T12:00:00+01:00", "imbro_xml_url": "https://publiek.broservices.nl/gm/gar/v1/objects/GAR000000043346"}, "geometry": {"type": "Point", "coordinates": [5.18767327, 52.052827187]}, "id": "1e09e034-a38e-5127-9dce-e7e363592e31"}, {"type": "Feature", "properties": {"gm_gar_pk": 42728, "gm_gmw_monitoringtube.href": "https://api.pdok.nl/tno/bro-grondwatermonitoring-in-samenhang-karakteristieken/ogc/v1/collections/gm_gmw_monitoringtube/items/2fe49573-f424-5cf1-9e2f-da21694680e4", "gm_gmw_monitoringtube_fk": 39199, "bro_id": "GAR000000043378", "delivery_accountable_party": "30276683", "quality_regime": "IMBRO", "object_registration_time": "2024-07-02T11:34:35+02:00", "latest_addition_time": null, "registration_completion_time": "2024-07-02T11:34:35+02:00", "latest_correction_time": "2026-02-20T14:16:10+01:00", "under_review_time": null, "sampling_date_time": "2021-03-17T12:00:00+01:00", "imbro_xml_url": "https://publiek.broservices.nl/gm/gar/v1/objects/GAR000000043378"}, "geometry": {"type": "Point", "coordinates": [4.96083363, 52.06508784]}, "id": "76500ea3-fd12-59e8-98d2-c9596539cf9a"}, {"type": "Feature", "properties": {"gm_gar_pk": 42794, "gm_gmw_monitoringtube.href": "https://api.pdok.nl/tno/bro-grondwatermonitoring-in-samenhang-karakteristieken/ogc/v1/collections/gm_gmw_monitoringtube/items/01f59b0b-1e09-5f5a-a9c6-6f7864573b50", "gm_gmw_monitoringtube_fk": 39323, "bro_id": "GAR000000043444", "delivery_accountable_party": "30276683", "quality_regime": "IMBRO", "object_registration_time": "2024-07-02T11:37:29+02:00", "latest_addition_time": null, "registration_completion_time": "2024-07-02T11:37:29+02:00", "latest_correction_time": "2026-02-20T14:23:06+01:00", "under_review_time": null, "sampling_date_time": "2021-03-18T12:00:00+01:00", "imbro_xml_url": "https://publiek.broservices.nl/gm/gar/v1/objects/GAR000000043444"}, "geometry": {"type": "Point", "coordinates": [5.140667605, 52.134344122]}, "id": "70f302d5-2b8c-54e4-85fd-33c1781b75b8"}, {"type": "Feature", "properties": {"gm_gar_pk": 42824, "gm_gmw_monitoringtube.href": "https://api.pdok.nl/tno/bro-grondwatermonitoring-in-samenhang-karakteristieken/ogc/v1/collections/gm_gmw_monitoringtube/items/5c50d41a-d8f8-5758-9f6c-a022203cc594", "gm_gmw_monitoringtube_fk": 39670, "bro_id": "GAR000000043474", "delivery_accountable_party": "30276683", "quality_regime": "IMBRO", "object_registration_time": "2024-07-02T11:38:50+02:00", "latest_addition_time": null, "registration_completion_time": "2024-07-02T11:38:50+02:00", "latest_correction_time": "2026-02-20T14:27:54+01:00", "under_review_time": null, "sampling_date_time": "2021-03-17T12:00:00+01:00", "imbro_xml_url": "https://publiek.broservices.nl/gm/gar/v1/objects/GAR000000043474"}, "geometry": {"type": "Point", "coordinates": [5.16151633, 52.03271933]}, "id": "72f63926-599c-59d5-8f07-de7ed9f6db81"}, {"type": "Feature", "properties": {"gm_gar_pk": 42876, "gm_gmw_monitoringtube.href": "https://api.pdok.nl/tno/bro-grondwatermonitoring-in-samenhang-karakteristieken/ogc/v1/collections/gm_gmw_monitoringtube/items/01f59b0b-1e09-5f5a-a9c6-6f7864573b50", "gm_gmw_monitoringtube_fk": 39323, "bro_id": "GAR000000043526", "delivery_accountable_party": "30276683", "quality_regime": "IMBRO", "object_registration_time": "2024-07-02T11:41:12+02:00", "latest_addition_time": null, "registration_completion_time": "2024-07-02T11:41:12+02:00", "latest_correction_time": "2026-02-20T14:16:51+01:00", "under_review_time": null, "sampling_date_time": "2022-08-15T13:00:00+02:00", "imbro_xml_url": "https://publiek.broservices.nl/gm/gar/v1/objects/GAR000000043526"}, "geometry": {"type": "Point", "coordinates": [5.140667605, 52.134344122]}, "id": "08366c9b-29ce-550d-af12-cd94f6ce6f4e"}, {"type": "Feature", "properties": {"gm_gar_pk": 42939, "gm_gmw_monitoringtube.href": "https://api.pdok.nl/tno/bro-grondwatermonitoring-in-samenhang-karakteristieken/ogc/v1/collections/gm_gmw_monitoringtube/items/0f85d2d2-f017-5e46-9490-a418996c9848", "gm_gmw_monitoringtube_fk": 39078, "bro_id": "GAR000000043589", "delivery_accountable_party": "30276683", "quality_regime": "IMBRO", "object_registration_time": "2024-07-02T11:43:32+02:00", "latest_addition_time": null, "registration_completion_time": "2024-07-02T11:43:32+02:00", "latest_correction_time": "2026-02-20T14:16:13+01:00", "under_review_time": null, "sampling_date_time": "2022-08-11T13:00:00+02:00", "imbro_xml_url": "https://publiek.broservices.nl/gm/gar/v1/objects/GAR000000043589"}, "geometry": {"type": "Point", "coordinates": [5.220059644, 52.135058142]}, "id": "d160a0c4-8699-5eff-9a03-df09736585a1"}, {"type": "Feature", "properties": {"gm_gar_pk": 43222, "gm_gmw_monitoringtube.href": "https://api.pdok.nl/tno/bro-grondwatermonitoring-in-samenhang-karakteristieken/ogc/v1/collections/gm_gmw_monitoringtube/items/01f59b0b-1e09-5f5a-a9c6-6f7864573b50", "gm_gmw_monitoringtube_fk": 39323, "bro_id": "GAR000000043872", "delivery_accountable_party": "30276683", "quality_regime": "IMBRO", "object_registration_time": "2024-07-02T11:59:16+02:00", "latest_addition_time": null, "registration_completion_time": "2024-07-02T11:59:16+02:00", "latest_correction_time": "2026-02-20T14:45:05+01:00", "under_review_time": null, "sampling_date_time": "2023-08-02T13:00:00+02:00", "imbro_xml_url": "https://publiek.broservices.nl/gm/gar/v1/objects/GAR000000043872"}, "geometry": {"type": "Point", "coordinates": [5.140667605, 52.134344122]}, "id": "beb6862b-c278-5b3b-92c6-3cbf634b6dfd"}, {"type": "Feature", "properties": {"gm_gar_pk": 43267, "gm_gmw_monitoringtube.href": "https://api.pdok.nl/tno/bro-grondwatermonitoring-in-samenhang-karakteristieken/ogc/v1/collections/gm_gmw_monitoringtube/items/2fe49573-f424-5cf1-9e2f-da21694680e4", "gm_gmw_monitoringtube_fk": 39199, "bro_id": "GAR000000043917", "delivery_accountable_party": "30276683", "quality_regime": "IMBRO", "object_registration_time": "2024-07-02T12:01:21+02:00", "latest_addition_time": null, "registration_completion_time": "2024-07-02T12:01:21+02:00", "latest_correction_time": "2026-02-20T14:16:13+01:00", "under_review_time": null, "sampling_date_time": "2023-08-08T13:00:00+02:00", "imbro_xml_url": "https://publiek.broservices.nl/gm/gar/v1/objects/GAR000000043917"}, "geometry": {"type": "Point", "coordinates": [4.96083363, 52.06508784]}, "id": "3e43ff73-82d0-59b7-90fb-41222099a393"}, {"type": "Feature", "properties": {"gm_gar_pk": 43275, "gm_gmw_monitoringtube.href": "https://api.pdok.nl/tno/bro-grondwatermonitoring-in-samenhang-karakteristieken/ogc/v1/collections/gm_gmw_monitoringtube/items/9a383ff3-8376-55cc-8903-5dbdd69119ed", "gm_gmw_monitoringtube_fk": 39504, "bro_id": "GAR000000043925", "delivery_accountable_party": "30276683", "quality_regime": "IMBRO", "object_registration_time": "2024-07-02T12:01:42+02:00", "latest_addition_time": null, "registration_completion_time": "2024-07-02T12:01:42+02:00", "latest_correction_time": "2026-02-20T14:16:53+01:00", "under_review_time": null, "sampling_date_time": "2023-08-02T13:00:00+02:00", "imbro_xml_url": "https://publiek.broservices.nl/gm/gar/v1/objects/GAR000000043925"}, "geometry": {"type": "Point", "coordinates": [5.02895175, 52.09430118]}, "id": "d7c555b2-8a8c-5d54-9453-7fcb48883456"}, {"type": "Feature", "properties": {"gm_gar_pk": 43290, "gm_gmw_monitoringtube.href": "https://api.pdok.nl/tno/bro-grondwatermonitoring-in-samenhang-karakteristieken/ogc/v1/collections/gm_gmw_monitoringtube/items/2fe49573-f424-5cf1-9e2f-da21694680e4", "gm_gmw_monitoringtube_fk": 39199, "bro_id": "GAR000000043940", "delivery_accountable_party": "30276683", "quality_regime": "IMBRO", "object_registration_time": "2024-07-02T12:02:21+02:00", "latest_addition_time": null, "registration_completion_time": "2024-07-02T12:02:21+02:00", "latest_correction_time": "2026-02-20T14:16:13+01:00", "under_review_time": null, "sampling_date_time": "2023-08-08T13:00:00+02:00", "imbro_xml_url": "https://publiek.broservices.nl/gm/gar/v1/objects/GAR000000043940"}, "geometry": {"type": "Point", "coordinates": [4.96083363, 52.06508784]}, "id": "bdf04968-e86a-5e4c-9227-6ddc596c7759"}, {"type": "Feature", "properties": {"gm_gar_pk": 43296, "gm_gmw_monitoringtube.href": "https://api.pdok.nl/tno/bro-grondwatermonitoring-in-samenhang-karakteristieken/ogc/v1/collections/gm_gmw_monitoringtube/items/5c50d41a-d8f8-5758-9f6c-a022203cc594", "gm_gmw_monitoringtube_fk": 39670, "bro_id": "GAR000000043946", "delivery_accountable_party": "30276683", "quality_regime": "IMBRO", "object_registration_time": "2024-07-02T12:02:35+02:00", "latest_addition_time": null, "registration_completion_time": "2024-07-02T12:02:35+02:00", "latest_correction_time": "2026-02-20T14:17:08+01:00", "under_review_time": null, "sampling_date_time": "2023-08-01T13:00:00+02:00", "imbro_xml_url": "https://publiek.broservices.nl/gm/gar/v1/objects/GAR000000043946"}, "geometry": {"type": "Point", "coordinates": [5.16151633, 52.03271933]}, "id": "049f1212-1e76-5a4a-97e0-3a473fb0eb5f"}, {"type": "Feature", "properties": {"gm_gar_pk": 43347, "gm_gmw_monitoringtube.href": "https://api.pdok.nl/tno/bro-grondwatermonitoring-in-samenhang-karakteristieken/ogc/v1/collections/gm_gmw_monitoringtube/items/ba4f1a93-432f-5077-bfe7-66823f1510e9", "gm_gmw_monitoringtube_fk": 39506, "bro_id": "GAR000000043997", "delivery_accountable_party": "30276683", "quality_regime": "IMBRO", "object_registration_time": "2024-07-02T12:04:31+02:00", "latest_addition_time": null, "registration_completion_time": "2024-07-02T12:04:31+02:00", "latest_correction_time": "2026-02-20T14:16:54+01:00", "under_review_time": null, "sampling_date_time": "2023-08-02T13:00:00+02:00", "imbro_xml_url": "https://publiek.broservices.nl/gm/gar/v1/objects/GAR000000043997"}, "geometry": {"type": "Point", "coordinates": [5.02895175, 52.09430118]}, "id": "19cb7af7-cd28-5004-9a8d-5b8732ae3cde"}, {"type": "Feature", "properties": {"gm_gar_pk": 43391, "gm_gmw_monitoringtube.href": "https://api.pdok.nl/tno/bro-grondwatermonitoring-in-samenhang-karakteristieken/ogc/v1/collections/gm_gmw_monitoringtube/items/0f85d2d2-f017-5e46-9490-a418996c9848", "gm_gmw_monitoringtube_fk": 39078, "bro_id": "GAR000000044041", "delivery_accountable_party": "30276683", "quality_regime": "IMBRO", "object_registration_time": "2024-07-02T12:06:23+02:00", "latest_addition_time": null, "registration_completion_time": "2024-07-02T12:06:23+02:00", "latest_correction_time": "2026-02-20T14:31:09+01:00", "under_review_time": null, "sampling_date_time": "2023-08-01T13:00:00+02:00", "imbro_xml_url": "https://publiek.broservices.nl/gm/gar/v1/objects/GAR000000044041"}, "geometry": {"type": "Point", "coordinates": [5.220059644, 52.135058142]}, "id": "25587e68-7b5c-59f1-86e5-8f069c390cfa"}, {"type": "Feature", "properties": {"gm_gar_pk": 43443, "gm_gmw_monitoringtube.href": "https://api.pdok.nl/tno/bro-grondwatermonitoring-in-samenhang-karakteristieken/ogc/v1/collections/gm_gmw_monitoringtube/items/32e57e79-8382-5990-b5ac-a589a9e97ec5", "gm_gmw_monitoringtube_fk": 39216, "bro_id": "GAR000000044093", "delivery_accountable_party": "30276683", "quality_regime": "IMBRO", "object_registration_time": "2024-07-02T12:08:43+02:00", "latest_addition_time": null, "registration_completion_time": "2024-07-02T12:08:43+02:00", "latest_correction_time": "2026-02-20T14:16:18+01:00", "under_review_time": null, "sampling_date_time": "2023-07-25T13:00:00+02:00", "imbro_xml_url": "https://publiek.broservices.nl/gm/gar/v1/objects/GAR000000044093"}, "geometry": {"type": "Point", "coordinates": [5.18767327, 52.052827187]}, "id": "84b0d933-bf9f-5023-b57c-01f08e81f356"}, {"type": "Feature", "properties": {"gm_gar_pk": 43451, "gm_gmw_monitoringtube.href": "https://api.pdok.nl/tno/bro-grondwatermonitoring-in-samenhang-karakteristieken/ogc/v1/collections/gm_gmw_monitoringtube/items/035815f4-2cc9-5a1c-82c1-ade7437c7610", "gm_gmw_monitoringtube_fk": 39672, "bro_id": "GAR000000044101", "delivery_accountable_party": "30276683", "quality_regime": "IMBRO", "object_registration_time": "2024-07-02T12:09:03+02:00", "latest_addition_time": null, "registration_completion_time": "2024-07-02T12:09:03+02:00", "latest_correction_time": "2026-02-20T14:17:09+01:00", "under_review_time": null, "sampling_date_time": "2023-08-01T13:00:00+02:00", "imbro_xml_url": "https://publiek.broservices.nl/gm/gar/v1/objects/GAR000000044101"}, "geometry": {"type": "Point", "coordinates": [5.16151633, 52.03271933]}, "id": "c17882e8-f750-549e-ac90-c92d7cda8e80"}, {"type": "Feature", "properties": {"gm_gar_pk": 43481, "gm_gmw_monitoringtube.href": "https://api.pdok.nl/tno/bro-grondwatermonitoring-in-samenhang-karakteristieken/ogc/v1/collections/gm_gmw_monitoringtube/items/bd37d2cb-f672-582d-8065-4368226ee5c7", "gm_gmw_monitoringtube_fk": 39214, "bro_id": "GAR000000044131", "delivery_accountable_party": "30276683", "quality_regime": "IMBRO", "object_registration_time": "2024-07-02T12:10:18+02:00", "latest_addition_time": null, "registration_completion_time": "2024-07-02T12:10:18+02:00", "latest_correction_time": "2026-02-20T14:16:17+01:00", "under_review_time": null, "sampling_date_time": "2023-07-25T13:00:00+02:00", "imbro_xml_url": "https://publiek.broservices.nl/gm/gar/v1/objects/GAR000000044131"}, "geometry": {"type": "Point", "coordinates": [5.18767327, 52.052827187]}, "id": "f7815884-7775-5df1-8c0f-c462973a21aa"}, {"type": "Feature", "properties": {"gm_gar_pk": 43501, "gm_gmw_monitoringtube.href": "https://api.pdok.nl/tno/bro-grondwatermonitoring-in-samenhang-karakteristieken/ogc/v1/collections/gm_gmw_monitoringtube/items/32e57e79-8382-5990-b5ac-a589a9e97ec5", "gm_gmw_monitoringtube_fk": 39216, "bro_id": "GAR000000044151", "delivery_accountable_party": "30276683", "quality_regime": "IMBRO", "object_registration_time": "2024-07-02T12:11:09+02:00", "latest_addition_time": null, "registration_completion_time": "2024-07-02T12:11:09+02:00", "latest_correction_time": "2026-02-20T14:16:18+01:00", "under_review_time": null, "sampling_date_time": "2023-07-25T13:00:00+02:00", "imbro_xml_url": "https://publiek.broservices.nl/gm/gar/v1/objects/GAR000000044151"}, "geometry": {"type": "Point", "coordinates": [5.18767327, 52.052827187]}, "id": "7e109e35-9dde-586d-b1e9-f9d83a44ed40"}, {"type": "Feature", "properties": {"gm_gar_pk": 43528, "gm_gmw_monitoringtube.href": "https://api.pdok.nl/tno/bro-grondwatermonitoring-in-samenhang-karakteristieken/ogc/v1/collections/gm_gmw_monitoringtube/items/3750a65c-f8da-5149-9430-7f63b5c6191c", "gm_gmw_monitoringtube_fk": 39201, "bro_id": "GAR000000044178", "delivery_accountable_party": "30276683", "quality_regime": "IMBRO", "object_registration_time": "2024-07-02T12:12:17+02:00", "latest_addition_time": null, "registration_completion_time": "2024-07-02T12:12:17+02:00", "latest_correction_time": "2026-02-20T14:16:14+01:00", "under_review_time": null, "sampling_date_time": "2023-08-08T13:00:00+02:00", "imbro_xml_url": "https://publiek.broservices.nl/gm/gar/v1/objects/GAR000000044178"}, "geometry": {"type": "Point", "coordinates": [4.96083363, 52.06508784]}, "id": "b3fbb1e3-f945-500d-8155-d35fc1457a58"}, {"type": "Feature", "properties": {"gm_gar_pk": 44100, "gm_gmw_monitoringtube.href": "https://api.pdok.nl/tno/bro-grondwatermonitoring-in-samenhang-karakteristieken/ogc/v1/collections/gm_gmw_monitoringtube/items/32e57e79-8382-5990-b5ac-a589a9e97ec5", "gm_gmw_monitoringtube_fk": 39216, "bro_id": "GAR000000050802", "delivery_accountable_party": "30277172", "quality_regime": "IMBRO/A", "object_registration_time": "2025-03-18T10:03:41+01:00", "latest_addition_time": null, "registration_completion_time": "2025-03-18T10:03:41+01:00", "latest_correction_time": "2026-06-24T14:05:22+02:00", "under_review_time": null, "sampling_date_time": "2021-04-15T12:00:00+02:00", "imbro_xml_url": "https://publiek.broservices.nl/gm/gar/v1/objects/GAR000000050802"}, "geometry": {"type": "Point", "coordinates": [5.18767327, 52.052827187]}, "id": "488289cf-a59b-5267-9d63-217f3b35e22b"}, {"type": "Feature", "properties": {"gm_gar_pk": 44102, "gm_gmw_monitoringtube.href": "https://api.pdok.nl/tno/bro-grondwatermonitoring-in-samenhang-karakteristieken/ogc/v1/collections/gm_gmw_monitoringtube/items/668610ef-4cc5-5862-b5ff-0df023b05402", "gm_gmw_monitoringtube_fk": 39080, "bro_id": "GAR000000050804", "delivery_accountable_party": "30277172", "quality_regime": "IMBRO/A", "object_registration_time": "2025-03-18T10:03:46+01:00", "latest_addition_time": null, "registration_completion_time": "2025-03-18T10:03:46+01:00", "latest_correction_time": "2026-06-24T14:05:20+02:00", "under_review_time": null, "sampling_date_time": "2021-04-28T12:00:00+02:00", "imbro_xml_url": "https://publiek.broservices.nl/gm/gar/v1/objects/GAR000000050804"}, "geometry": {"type": "Point", "coordinates": [5.220059644, 52.135058142]}, "id": "aeaad393-7e7b-541b-8dc6-7406173af253"}, {"type": "Feature", "properties": {"gm_gar_pk": 44105, "gm_gmw_monitoringtube.href": "https://api.pdok.nl/tno/bro-grondwatermonitoring-in-samenhang-karakteristieken/ogc/v1/collections/gm_gmw_monitoringtube/items/857ba047-8ad4-5d7d-98be-65bb9fdecd75", "gm_gmw_monitoringtube_fk": 39639, "bro_id": "GAR000000050807", "delivery_accountable_party": "30277172", "quality_regime": "IMBRO/A", "object_registration_time": "2025-03-18T10:03:52+01:00", "latest_addition_time": null, "registration_completion_time": "2025-03-18T10:03:52+01:00", "latest_correction_time": "2026-06-24T14:05:01+02:00", "under_review_time": null, "sampling_date_time": "2021-04-12T12:00:00+02:00", "imbro_xml_url": "https://publiek.broservices.nl/gm/gar/v1/objects/GAR000000050807"}, "geometry": {"type": "Point", "coordinates": [5.03223015, 52.14093228]}, "id": "84515a0c-f3a7-533c-9a00-902d2bfd17b6"}, {"type": "Feature", "properties": {"gm_gar_pk": 44106, "gm_gmw_monitoringtube.href": "https://api.pdok.nl/tno/bro-grondwatermonitoring-in-samenhang-karakteristieken/ogc/v1/collections/gm_gmw_monitoringtube/items/0f85d2d2-f017-5e46-9490-a418996c9848", "gm_gmw_monitoringtube_fk": 39078, "bro_id": "GAR000000050808", "delivery_accountable_party": "30277172", "quality_regime": "IMBRO/A", "object_registration_time": "2025-03-18T10:03:54+01:00", "latest_addition_time": null, "registration_completion_time": "2025-03-18T10:03:54+01:00", "latest_correction_time": "2026-06-24T14:05:19+02:00", "under_review_time": null, "sampling_date_time": "2021-04-28T12:00:00+02:00", "imbro_xml_url": "https://publiek.broservices.nl/gm/gar/v1/objects/GAR000000050808"}, "geometry": {"type": "Point", "coordinates": [5.220059644, 52.135058142]}, "id": "302af86b-a176-5f10-9dff-bdae8f25a217"}, {"type": "Feature", "properties": {"gm_gar_pk": 44107, "gm_gmw_monitoringtube.href": "https://api.pdok.nl/tno/bro-grondwatermonitoring-in-samenhang-karakteristieken/ogc/v1/collections/gm_gmw_monitoringtube/items/4fdc2aaa-92fe-5334-a2e5-14e692b33fc1", "gm_gmw_monitoringtube_fk": 39641, "bro_id": "GAR000000050809", "delivery_accountable_party": "30277172", "quality_regime": "IMBRO/A", "object_registration_time": "2025-03-18T10:03:56+01:00", "latest_addition_time": null, "registration_completion_time": "2025-03-18T10:03:56+01:00", "latest_correction_time": "2026-06-24T14:05:02+02:00", "under_review_time": null, "sampling_date_time": "2021-04-09T12:00:00+02:00", "imbro_xml_url": "https://publiek.broservices.nl/gm/gar/v1/objects/GAR000000050809"}, "geometry": {"type": "Point", "coordinates": [5.03223015, 52.14093228]}, "id": "db5a0f68-d37f-5e96-935c-693d9a8b61dd"}, {"type": "Feature", "properties": {"gm_gar_pk": 44119, "gm_gmw_monitoringtube.href": "https://api.pdok.nl/tno/bro-grondwatermonitoring-in-samenhang-karakteristieken/ogc/v1/collections/gm_gmw_monitoringtube/items/035815f4-2cc9-5a1c-82c1-ade7437c7610", "gm_gmw_monitoringtube_fk": 39672, "bro_id": "GAR000000050821", "delivery_accountable_party": "30277172", "quality_regime": "IMBRO/A", "object_registration_time": "2025-03-18T10:04:20+01:00", "latest_addition_time": null, "registration_completion_time": "2025-03-18T10:04:20+01:00", "latest_correction_time": "2026-06-24T14:05:38+02:00", "under_review_time": null, "sampling_date_time": "2021-04-09T12:00:00+02:00", "imbro_xml_url": "https://publiek.broservices.nl/gm/gar/v1/objects/GAR000000050821"}, "geometry": {"type": "Point", "coordinates": [5.16151633, 52.03271933]}, "id": "d3a468ff-78ac-55a4-b3ec-acedf58cef01"}, {"type": "Feature", "properties": {"gm_gar_pk": 44121, "gm_gmw_monitoringtube.href": "https://api.pdok.nl/tno/bro-grondwatermonitoring-in-samenhang-karakteristieken/ogc/v1/collections/gm_gmw_monitoringtube/items/01f59b0b-1e09-5f5a-a9c6-6f7864573b50", "gm_gmw_monitoringtube_fk": 39323, "bro_id": "GAR000000050823", "delivery_accountable_party": "30277172", "quality_regime": "IMBRO/A", "object_registration_time": "2025-03-18T10:04:24+01:00", "latest_addition_time": null, "registration_completion_time": "2025-03-18T10:04:24+01:00", "latest_correction_time": "2026-06-24T14:05:59+02:00", "under_review_time": null, "sampling_date_time": "2021-05-12T12:00:00+02:00", "imbro_xml_url": "https://publiek.broservices.nl/gm/gar/v1/objects/GAR000000050823"}, "geometry": {"type": "Point", "coordinates": [5.140667605, 52.134344122]}, "id": "7bae7f15-79e7-539d-a065-357d79cb7147"}, {"type": "Feature", "properties": {"gm_gar_pk": 44130, "gm_gmw_monitoringtube.href": "https://api.pdok.nl/tno/bro-grondwatermonitoring-in-samenhang-karakteristieken/ogc/v1/collections/gm_gmw_monitoringtube/items/85106deb-1a9a-5820-ab5d-014c9f352886", "gm_gmw_monitoringtube_fk": 20830, "bro_id": "GAR000000050832", "delivery_accountable_party": "30277172", "quality_regime": "IMBRO/A", "object_registration_time": "2025-03-18T10:04:42+01:00", "latest_addition_time": null, "registration_completion_time": "2025-03-18T10:04:42+01:00", "latest_correction_time": "2026-06-24T14:05:06+02:00", "under_review_time": null, "sampling_date_time": "2021-05-12T12:00:00+02:00", "imbro_xml_url": "https://publiek.broservices.nl/gm/gar/v1/objects/GAR000000050832"}, "geometry": {"type": "Point", "coordinates": [5.03513998, 52.0496848]}, "id": "53042ce2-8b33-59d5-8622-e4a14350be0a"}, {"type": "Feature", "properties": {"gm_gar_pk": 44132, "gm_gmw_monitoringtube.href": "https://api.pdok.nl/tno/bro-grondwatermonitoring-in-samenhang-karakteristieken/ogc/v1/collections/gm_gmw_monitoringtube/items/a7416df0-f3dd-51c8-b175-47f492f05a08", "gm_gmw_monitoringtube_fk": 20828, "bro_id": "GAR000000050834", "delivery_accountable_party": "30277172", "quality_regime": "IMBRO/A", "object_registration_time": "2025-03-18T10:04:46+01:00", "latest_addition_time": null, "registration_completion_time": "2025-03-18T10:04:46+01:00", "latest_correction_time": "2026-06-24T14:05:05+02:00", "under_review_time": null, "sampling_date_time": "2021-05-03T12:00:00+02:00", "imbro_xml_url": "https://publiek.broservices.nl/gm/gar/v1/objects/GAR000000050834"}, "geometry": {"type": "Point", "coordinates": [5.03513998, 52.0496848]}, "id": "3182e3b7-e996-52cb-a6b0-66c078f0d67e"}, {"type": "Feature", "properties": {"gm_gar_pk": 44134, "gm_gmw_monitoringtube.href": "https://api.pdok.nl/tno/bro-grondwatermonitoring-in-samenhang-karakteristieken/ogc/v1/collections/gm_gmw_monitoringtube/items/297bbd2e-9aef-50cf-bded-5fa39f9fac29", "gm_gmw_monitoringtube_fk": 39325, "bro_id": "GAR000000050836", "delivery_accountable_party": "30277172", "quality_regime": "IMBRO/A", "object_registration_time": "2025-03-18T10:04:50+01:00", "latest_addition_time": null, "registration_completion_time": "2025-03-18T10:04:50+01:00", "latest_correction_time": "2026-06-24T14:05:03+02:00", "under_review_time": null, "sampling_date_time": "2021-05-05T12:00:00+02:00", "imbro_xml_url": "https://publiek.broservices.nl/gm/gar/v1/objects/GAR000000050836"}, "geometry": {"type": "Point", "coordinates": [5.140667605, 52.134344122]}, "id": "6e676e77-971b-519f-ba5e-f10baef61d63"}, {"type": "Feature", "properties": {"gm_gar_pk": 44138, "gm_gmw_monitoringtube.href": "https://api.pdok.nl/tno/bro-grondwatermonitoring-in-samenhang-karakteristieken/ogc/v1/collections/gm_gmw_monitoringtube/items/5c50d41a-d8f8-5758-9f6c-a022203cc594", "gm_gmw_monitoringtube_fk": 39670, "bro_id": "GAR000000050840", "delivery_accountable_party": "30277172", "quality_regime": "IMBRO/A", "object_registration_time": "2025-03-18T10:04:58+01:00", "latest_addition_time": null, "registration_completion_time": "2025-03-18T10:04:58+01:00", "latest_correction_time": "2026-06-24T14:05:38+02:00", "under_review_time": null, "sampling_date_time": "2021-04-15T12:00:00+02:00", "imbro_xml_url": "https://publiek.broservices.nl/gm/gar/v1/objects/GAR000000050840"}, "geometry": {"type": "Point", "coordinates": [5.16151633, 52.03271933]}, "id": "f94c54bc-7720-5bfe-a0c3-4a69eed3af00"}, {"type": "Feature", "properties": {"gm_gar_pk": 44141, "gm_gmw_monitoringtube.href": "https://api.pdok.nl/tno/bro-grondwatermonitoring-in-samenhang-karakteristieken/ogc/v1/collections/gm_gmw_monitoringtube/items/80bf4efc-9f36-5d43-abe2-d61ca8542529", "gm_gmw_monitoringtube_fk": 23011, "bro_id": "GAR000000050843", "delivery_accountable_party": "30277172", "quality_regime": "IMBRO/A", "object_registration_time": "2025-03-18T10:05:05+01:00", "latest_addition_time": null, "registration_completion_time": "2025-03-18T10:05:05+01:00", "latest_correction_time": "2026-06-24T14:05:17+02:00", "under_review_time": null, "sampling_date_time": "2021-04-15T12:00:00+02:00", "imbro_xml_url": "https://publiek.broservices.nl/gm/gar/v1/objects/GAR000000050843"}, "geometry": {"type": "Point", "coordinates": [5.20928087, 52.08230461]}, "id": "141a844c-fa64-57ac-acbb-d670a3811444"}, {"type": "Feature", "properties": {"gm_gar_pk": 44150, "gm_gmw_monitoringtube.href": "https://api.pdok.nl/tno/bro-grondwatermonitoring-in-samenhang-karakteristieken/ogc/v1/collections/gm_gmw_monitoringtube/items/5ad98288-762b-51d5-9add-781c8f5db950", "gm_gmw_monitoringtube_fk": 24005, "bro_id": "GAR000000050852", "delivery_accountable_party": "30277172", "quality_regime": "IMBRO/A", "object_registration_time": "2025-03-18T10:05:24+01:00", "latest_addition_time": null, "registration_completion_time": "2025-03-18T10:05:24+01:00", "latest_correction_time": "2026-06-24T14:05:00+02:00", "under_review_time": null, "sampling_date_time": "2021-05-05T12:00:00+02:00", "imbro_xml_url": "https://publiek.broservices.nl/gm/gar/v1/objects/GAR000000050852"}, "geometry": {"type": "Point", "coordinates": [5.13025872, 52.11798536]}, "id": "772ee436-9276-5440-aeca-566c96ceeedf"}, {"type": "Feature", "properties": {"gm_gar_pk": 44152, "gm_gmw_monitoringtube.href": "https://api.pdok.nl/tno/bro-grondwatermonitoring-in-samenhang-karakteristieken/ogc/v1/collections/gm_gmw_monitoringtube/items/ba4f1a93-432f-5077-bfe7-66823f1510e9", "gm_gmw_monitoringtube_fk": 39506, "bro_id": "GAR000000050854", "delivery_accountable_party": "30277172", "quality_regime": "IMBRO/A", "object_registration_time": "2025-03-18T10:05:28+01:00", "latest_addition_time": null, "registration_completion_time": "2025-03-18T10:05:28+01:00", "latest_correction_time": "2026-06-24T14:05:04+02:00", "under_review_time": null, "sampling_date_time": "2021-04-14T12:00:00+02:00", "imbro_xml_url": "https://publiek.broservices.nl/gm/gar/v1/objects/GAR000000050854"}, "geometry": {"type": "Point", "coordinates": [5.02895175, 52.09430118]}, "id": "5f5d7413-be2b-55ff-9a5e-7112ec7cb9fb"}, {"type": "Feature", "properties": {"gm_gar_pk": 44154, "gm_gmw_monitoringtube.href": "https://api.pdok.nl/tno/bro-grondwatermonitoring-in-samenhang-karakteristieken/ogc/v1/collections/gm_gmw_monitoringtube/items/3750a65c-f8da-5149-9430-7f63b5c6191c", "gm_gmw_monitoringtube_fk": 39201, "bro_id": "GAR000000050856", "delivery_accountable_party": "30277172", "quality_regime": "IMBRO/A", "object_registration_time": "2025-03-18T10:05:33+01:00", "latest_addition_time": null, "registration_completion_time": "2025-03-18T10:05:33+01:00", "latest_correction_time": "2026-06-24T14:04:59+02:00", "under_review_time": null, "sampling_date_time": "2021-04-20T12:00:00+02:00", "imbro_xml_url": "https://publiek.broservices.nl/gm/gar/v1/objects/GAR000000050856"}, "geometry": {"type": "Point", "coordinates": [4.96083363, 52.06508784]}, "id": "02f1a9e3-b8c1-51e1-ab00-a08b03b60f8e"}, {"type": "Feature", "properties": {"gm_gar_pk": 44158, "gm_gmw_monitoringtube.href": "https://api.pdok.nl/tno/bro-grondwatermonitoring-in-samenhang-karakteristieken/ogc/v1/collections/gm_gmw_monitoringtube/items/9a383ff3-8376-55cc-8903-5dbdd69119ed", "gm_gmw_monitoringtube_fk": 39504, "bro_id": "GAR000000050860", "delivery_accountable_party": "30277172", "quality_regime": "IMBRO/A", "object_registration_time": "2025-03-18T10:05:41+01:00", "latest_addition_time": null, "registration_completion_time": "2025-03-18T10:05:41+01:00", "latest_correction_time": "2026-06-24T14:05:03+02:00", "under_review_time": null, "sampling_date_time": "2021-04-16T12:00:00+02:00", "imbro_xml_url": "https://publiek.broservices.nl/gm/gar/v1/objects/GAR000000050860"}, "geometry": {"type": "Point", "coordinates": [5.02895175, 52.09430118]}, "id": "8f4d4890-ed48-5a92-81f2-a993a3d0a559"}, {"type": "Feature", "properties": {"gm_gar_pk": 44161, "gm_gmw_monitoringtube.href": "https://api.pdok.nl/tno/bro-grondwatermonitoring-in-samenhang-karakteristieken/ogc/v1/collections/gm_gmw_monitoringtube/items/ccfca340-cb5a-527d-bbba-6bf3616ace9f", "gm_gmw_monitoringtube_fk": 24041, "bro_id": "GAR000000050863", "delivery_accountable_party": "30277172", "quality_regime": "IMBRO/A", "object_registration_time": "2025-03-18T10:05:47+01:00", "latest_addition_time": null, "registration_completion_time": "2025-03-18T10:05:47+01:00", "latest_correction_time": "2026-06-24T14:05:25+02:00", "under_review_time": null, "sampling_date_time": "2021-05-12T12:00:00+02:00", "imbro_xml_url": "https://publiek.broservices.nl/gm/gar/v1/objects/GAR000000050863"}, "geometry": {"type": "Point", "coordinates": [5.18913737, 52.10719899]}, "id": "09a9623e-0c6a-5a8b-85fd-cf03c8a64e24"}, {"type": "Feature", "properties": {"gm_gar_pk": 44169, "gm_gmw_monitoringtube.href": "https://api.pdok.nl/tno/bro-grondwatermonitoring-in-samenhang-karakteristieken/ogc/v1/collections/gm_gmw_monitoringtube/items/2923fffb-05fe-58bf-9b82-23d593eb627e", "gm_gmw_monitoringtube_fk": 24166, "bro_id": "GAR000000050871", "delivery_accountable_party": "30277172", "quality_regime": "IMBRO/A", "object_registration_time": "2025-03-18T10:06:05+01:00", "latest_addition_time": null, "registration_completion_time": "2025-03-18T10:06:05+01:00", "latest_correction_time": "2026-06-24T14:05:25+02:00", "under_review_time": null, "sampling_date_time": "2021-05-12T12:00:00+02:00", "imbro_xml_url": "https://publiek.broservices.nl/gm/gar/v1/objects/GAR000000050871"}, "geometry": {"type": "Point", "coordinates": [5.22118631, 52.11667705]}, "id": "2aef9b27-c258-5c2e-8cd6-4651cf125e02"}, {"type": "Feature", "properties": {"gm_gar_pk": 44171, "gm_gmw_monitoringtube.href": "https://api.pdok.nl/tno/bro-grondwatermonitoring-in-samenhang-karakteristieken/ogc/v1/collections/gm_gmw_monitoringtube/items/2fe49573-f424-5cf1-9e2f-da21694680e4", "gm_gmw_monitoringtube_fk": 39199, "bro_id": "GAR000000050873", "delivery_accountable_party": "30277172", "quality_regime": "IMBRO/A", "object_registration_time": "2025-03-18T10:06:09+01:00", "latest_addition_time": null, "registration_completion_time": "2025-03-18T10:06:09+01:00", "latest_correction_time": "2026-06-24T14:04:59+02:00", "under_review_time": null, "sampling_date_time": "2021-04-20T12:00:00+02:00", "imbro_xml_url": "https://publiek.broservices.nl/gm/gar/v1/objects/GAR000000050873"}, "geometry": {"type": "Point", "coordinates": [4.96083363, 52.06508784]}, "id": "1de93ffc-93bb-53ad-b869-e8933b85b976"}, {"type": "Feature", "properties": {"gm_gar_pk": 44177, "gm_gmw_monitoringtube.href": "https://api.pdok.nl/tno/bro-grondwatermonitoring-in-samenhang-karakteristieken/ogc/v1/collections/gm_gmw_monitoringtube/items/bd37d2cb-f672-582d-8065-4368226ee5c7", "gm_gmw_monitoringtube_fk": 39214, "bro_id": "GAR000000050879", "delivery_accountable_party": "30277172", "quality_regime": "IMBRO/A", "object_registration_time": "2025-03-18T10:06:24+01:00", "latest_addition_time": null, "registration_completion_time": "2025-03-18T10:06:24+01:00", "latest_correction_time": "2026-06-24T14:05:21+02:00", "under_review_time": null, "sampling_date_time": "2021-04-15T12:00:00+02:00", "imbro_xml_url": "https://publiek.broservices.nl/gm/gar/v1/objects/GAR000000050879"}, "geometry": {"type": "Point", "coordinates": [5.18767327, 52.052827187]}, "id": "0323b029-dcdb-5486-9d85-38ea8e76803c"}, {"type": "Feature", "properties": {"gm_gar_pk": 44190, "gm_gmw_monitoringtube.href": "https://api.pdok.nl/tno/bro-grondwatermonitoring-in-samenhang-karakteristieken/ogc/v1/collections/gm_gmw_monitoringtube/items/5bf41cae-aa72-5e77-9594-678799ecd11b", "gm_gmw_monitoringtube_fk": 23333, "bro_id": "GAR000000050892", "delivery_accountable_party": "30277172", "quality_regime": "IMBRO/A", "object_registration_time": "2025-03-18T10:06:53+01:00", "latest_addition_time": null, "registration_completion_time": "2025-03-18T10:06:53+01:00", "latest_correction_time": "2026-06-24T14:05:24+02:00", "under_review_time": null, "sampling_date_time": "2021-05-06T12:00:00+02:00", "imbro_xml_url": "https://publiek.broservices.nl/gm/gar/v1/objects/GAR000000050892"}, "geometry": {"type": "Point", "coordinates": [5.20671754, 52.11308747]}, "id": "355139aa-8dbc-52f1-bcd7-273edf026ce4"}, {"type": "Feature", "properties": {"gm_gar_pk": 57057, "gm_gmw_monitoringtube.href": "https://api.pdok.nl/tno/bro-grondwatermonitoring-in-samenhang-karakteristieken/ogc/v1/collections/gm_gmw_monitoringtube/items/01f59b0b-1e09-5f5a-a9c6-6f7864573b50", "gm_gmw_monitoringtube_fk": 39323, "bro_id": "GAR000000063876", "delivery_accountable_party": "30276683", "quality_regime": "IMBRO", "object_registration_time": "2025-10-28T14:23:51+01:00", "latest_addition_time": null, "registration_completion_time": "2025-10-28T14:23:51+01:00", "latest_correction_time": "2026-02-20T14:40:40+01:00", "under_review_time": null, "sampling_date_time": "2024-06-06T13:00:00+02:00", "imbro_xml_url": "https://publiek.broservices.nl/gm/gar/v1/objects/GAR000000063876"}, "geometry": {"type": "Point", "coordinates": [5.140667605, 52.134344122]}, "id": "15f134ca-6eaf-5c94-8aa8-627069fd871d"}, {"type": "Feature", "properties": {"gm_gar_pk": 57184, "gm_gmw_monitoringtube.href": "https://api.pdok.nl/tno/bro-grondwatermonitoring-in-samenhang-karakteristieken/ogc/v1/collections/gm_gmw_monitoringtube/items/0f85d2d2-f017-5e46-9490-a418996c9848", "gm_gmw_monitoringtube_fk": 39078, "bro_id": "GAR000000064003", "delivery_accountable_party": "30276683", "quality_regime": "IMBRO", "object_registration_time": "2025-10-28T14:24:59+01:00", "latest_addition_time": null, "registration_completion_time": "2025-10-28T14:24:59+01:00", "latest_correction_time": "2026-02-20T14:16:32+01:00", "under_review_time": null, "sampling_date_time": "2024-06-06T13:00:00+02:00", "imbro_xml_url": "https://publiek.broservices.nl/gm/gar/v1/objects/GAR000000064003"}, "geometry": {"type": "Point", "coordinates": [5.220059644, 52.135058142]}, "id": "a81f1580-1356-5cc7-b6d0-2e13a0b44f51"}, {"type": "Feature", "properties": {"gm_gar_pk": 57186, "gm_gmw_monitoringtube.href": "https://api.pdok.nl/tno/bro-grondwatermonitoring-in-samenhang-karakteristieken/ogc/v1/collections/gm_gmw_monitoringtube/items/668610ef-4cc5-5862-b5ff-0df023b05402", "gm_gmw_monitoringtube_fk": 39080, "bro_id": "GAR000000064005", "delivery_accountable_party": "30276683", "quality_regime": "IMBRO", "object_registration_time": "2025-10-28T14:25:00+01:00", "latest_addition_time": null, "registration_completion_time": "2025-10-28T14:25:00+01:00", "latest_correction_time": "2026-02-20T14:16:33+01:00", "under_review_time": null, "sampling_date_time": "2024-06-06T13:00:00+02:00", "imbro_xml_url": "https://publiek.broservices.nl/gm/gar/v1/objects/GAR000000064005"}, "geometry": {"type": "Point", "coordinates": [5.220059644, 52.135058142]}, "id": "9dd7f746-6b9a-5c87-bc30-a3140fec984a"}, {"type": "Feature", "properties": {"gm_gar_pk": 57249, "gm_gmw_monitoringtube.href": "https://api.pdok.nl/tno/bro-grondwatermonitoring-in-samenhang-karakteristieken/ogc/v1/collections/gm_gmw_monitoringtube/items/297bbd2e-9aef-50cf-bded-5fa39f9fac29", "gm_gmw_monitoringtube_fk": 39325, "bro_id": "GAR000000064068", "delivery_accountable_party": "30276683", "quality_regime": "IMBRO", "object_registration_time": "2025-10-28T14:25:34+01:00", "latest_addition_time": null, "registration_completion_time": "2025-10-28T14:25:34+01:00", "latest_correction_time": "2026-02-20T14:40:47+01:00", "under_review_time": null, "sampling_date_time": "2024-06-06T13:00:00+02:00", "imbro_xml_url": "https://publiek.broservices.nl/gm/gar/v1/objects/GAR000000064068"}, "geometry": {"type": "Point", "coordinates": [5.140667605, 52.134344122]}, "id": "232b20dc-ebba-5528-8c54-7884f3bf5bfc"}, {"type": "Feature", "properties": {"gm_gar_pk": 57647, "gm_gmw_monitoringtube.href": "https://api.pdok.nl/tno/bro-grondwatermonitoring-in-samenhang-karakteristieken/ogc/v1/collections/gm_gmw_monitoringtube/items/0f85d2d2-f017-5e46-9490-a418996c9848", "gm_gmw_monitoringtube_fk": 39078, "bro_id": "GAR000000064502", "delivery_accountable_party": "30277172", "quality_regime": "IMBRO/A", "object_registration_time": "2025-12-10T13:47:25+01:00", "latest_addition_time": null, "registration_completion_time": "2025-12-10T13:47:25+01:00", "latest_correction_time": null, "under_review_time": null, "sampling_date_time": "2024-04-11T12:00:00+02:00", "imbro_xml_url": "https://publiek.broservices.nl/gm/gar/v1/objects/GAR000000064502"}, "geometry": {"type": "Point", "coordinates": [5.220059644, 52.135058142]}, "id": "0e7f3c52-3c88-5c68-808a-58a803e65e50"}, {"type": "Feature", "properties": {"gm_gar_pk": 57648, "gm_gmw_monitoringtube.href": "https://api.pdok.nl/tno/bro-grondwatermonitoring-in-samenhang-karakteristieken/ogc/v1/collections/gm_gmw_monitoringtube/items/668610ef-4cc5-5862-b5ff-0df023b05402", "gm_gmw_monitoringtube_fk": 39080, "bro_id": "GAR000000064503", "delivery_accountable_party": "30277172", "quality_regime": "IMBRO/A", "object_registration_time": "2025-12-10T13:47:28+01:00", "latest_addition_time": null, "registration_completion_time": "2025-12-10T13:47:28+01:00", "latest_correction_time": null, "under_review_time": null, "sampling_date_time": "2024-04-11T12:00:00+02:00", "imbro_xml_url": "https://publiek.broservices.nl/gm/gar/v1/objects/GAR000000064503"}, "geometry": {"type": "Point", "coordinates": [5.220059644, 52.135058142]}, "id": "160c4734-9705-558c-8958-d952b5c14048"}, {"type": "Feature", "properties": {"gm_gar_pk": 57649, "gm_gmw_monitoringtube.href": "https://api.pdok.nl/tno/bro-grondwatermonitoring-in-samenhang-karakteristieken/ogc/v1/collections/gm_gmw_monitoringtube/items/bd37d2cb-f672-582d-8065-4368226ee5c7", "gm_gmw_monitoringtube_fk": 39214, "bro_id": "GAR000000064504", "delivery_accountable_party": "30277172", "quality_regime": "IMBRO/A", "object_registration_time": "2025-12-10T13:47:29+01:00", "latest_addition_time": null, "registration_completion_time": "2025-12-10T13:47:29+01:00", "latest_correction_time": null, "under_review_time": null, "sampling_date_time": "2024-04-04T12:00:00+02:00", "imbro_xml_url": "https://publiek.broservices.nl/gm/gar/v1/objects/GAR000000064504"}, "geometry": {"type": "Point", "coordinates": [5.18767327, 52.052827187]}, "id": "098f397e-1500-5c45-869e-6f0993de5e61"}, {"type": "Feature", "properties": {"gm_gar_pk": 57650, "gm_gmw_monitoringtube.href": "https://api.pdok.nl/tno/bro-grondwatermonitoring-in-samenhang-karakteristieken/ogc/v1/collections/gm_gmw_monitoringtube/items/32e57e79-8382-5990-b5ac-a589a9e97ec5", "gm_gmw_monitoringtube_fk": 39216, "bro_id": "GAR000000064505", "delivery_accountable_party": "30277172", "quality_regime": "IMBRO/A", "object_registration_time": "2025-12-10T13:47:30+01:00", "latest_addition_time": null, "registration_completion_time": "2025-12-10T13:47:30+01:00", "latest_correction_time": null, "under_review_time": null, "sampling_date_time": "2024-04-04T12:00:00+02:00", "imbro_xml_url": "https://publiek.broservices.nl/gm/gar/v1/objects/GAR000000064505"}, "geometry": {"type": "Point", "coordinates": [5.18767327, 52.052827187]}, "id": "0d7cabb6-5c8a-5442-9611-5820540c030a"}, {"type": "Feature", "properties": {"gm_gar_pk": 57654, "gm_gmw_monitoringtube.href": "https://api.pdok.nl/tno/bro-grondwatermonitoring-in-samenhang-karakteristieken/ogc/v1/collections/gm_gmw_monitoringtube/items/5bf41cae-aa72-5e77-9594-678799ecd11b", "gm_gmw_monitoringtube_fk": 23333, "bro_id": "GAR000000064509", "delivery_accountable_party": "30277172", "quality_regime": "IMBRO/A", "object_registration_time": "2025-12-10T13:47:33+01:00", "latest_addition_time": null, "registration_completion_time": "2025-12-10T13:47:33+01:00", "latest_correction_time": null, "under_review_time": null, "sampling_date_time": "2024-04-23T12:00:00+02:00", "imbro_xml_url": "https://publiek.broservices.nl/gm/gar/v1/objects/GAR000000064509"}, "geometry": {"type": "Point", "coordinates": [5.20671754, 52.11308747]}, "id": "74536feb-e2f8-5da0-94e4-b5489a1fdbc6"}, {"type": "Feature", "properties": {"gm_gar_pk": 57655, "gm_gmw_monitoringtube.href": "https://api.pdok.nl/tno/bro-grondwatermonitoring-in-samenhang-karakteristieken/ogc/v1/collections/gm_gmw_monitoringtube/items/2923fffb-05fe-58bf-9b82-23d593eb627e", "gm_gmw_monitoringtube_fk": 24166, "bro_id": "GAR000000064510", "delivery_accountable_party": "30277172", "quality_regime": "IMBRO/A", "object_registration_time": "2025-12-10T13:47:34+01:00", "latest_addition_time": null, "registration_completion_time": "2025-12-10T13:47:34+01:00", "latest_correction_time": null, "under_review_time": null, "sampling_date_time": "2024-04-25T12:00:00+02:00", "imbro_xml_url": "https://publiek.broservices.nl/gm/gar/v1/objects/GAR000000064510"}, "geometry": {"type": "Point", "coordinates": [5.22118631, 52.11667705]}, "id": "fefe92af-514a-5f64-8075-f303c7827b43"}, {"type": "Feature", "properties": {"gm_gar_pk": 57656, "gm_gmw_monitoringtube.href": "https://api.pdok.nl/tno/bro-grondwatermonitoring-in-samenhang-karakteristieken/ogc/v1/collections/gm_gmw_monitoringtube/items/ccfca340-cb5a-527d-bbba-6bf3616ace9f", "gm_gmw_monitoringtube_fk": 24041, "bro_id": "GAR000000064511", "delivery_accountable_party": "30277172", "quality_regime": "IMBRO/A", "object_registration_time": "2025-12-10T13:47:34+01:00", "latest_addition_time": null, "registration_completion_time": "2025-12-10T13:47:34+01:00", "latest_correction_time": null, "under_review_time": null, "sampling_date_time": "2024-04-24T12:00:00+02:00", "imbro_xml_url": "https://publiek.broservices.nl/gm/gar/v1/objects/GAR000000064511"}, "geometry": {"type": "Point", "coordinates": [5.18913737, 52.10719899]}, "id": "5feb8dd9-c764-563d-8b8e-70a95881180c"}, {"type": "Feature", "properties": {"gm_gar_pk": 57660, "gm_gmw_monitoringtube.href": "https://api.pdok.nl/tno/bro-grondwatermonitoring-in-samenhang-karakteristieken/ogc/v1/collections/gm_gmw_monitoringtube/items/5ad98288-762b-51d5-9add-781c8f5db950", "gm_gmw_monitoringtube_fk": 24005, "bro_id": "GAR000000064515", "delivery_accountable_party": "30277172", "quality_regime": "IMBRO/A", "object_registration_time": "2025-12-10T13:47:37+01:00", "latest_addition_time": null, "registration_completion_time": "2025-12-10T13:47:37+01:00", "latest_correction_time": null, "under_review_time": null, "sampling_date_time": "2024-04-23T12:00:00+02:00", "imbro_xml_url": "https://publiek.broservices.nl/gm/gar/v1/objects/GAR000000064515"}, "geometry": {"type": "Point", "coordinates": [5.13025872, 52.11798536]}, "id": "23ad298d-f9bf-5b19-a628-e82e6c1e91a9"}, {"type": "Feature", "properties": {"gm_gar_pk": 57661, "gm_gmw_monitoringtube.href": "https://api.pdok.nl/tno/bro-grondwatermonitoring-in-samenhang-karakteristieken/ogc/v1/collections/gm_gmw_monitoringtube/items/857ba047-8ad4-5d7d-98be-65bb9fdecd75", "gm_gmw_monitoringtube_fk": 39639, "bro_id": "GAR000000064516", "delivery_accountable_party": "30277172", "quality_regime": "IMBRO/A", "object_registration_time": "2025-12-10T13:47:38+01:00", "latest_addition_time": null, "registration_completion_time": "2025-12-10T13:47:38+01:00", "latest_correction_time": null, "under_review_time": null, "sampling_date_time": "2024-04-09T12:00:00+02:00", "imbro_xml_url": "https://publiek.broservices.nl/gm/gar/v1/objects/GAR000000064516"}, "geometry": {"type": "Point", "coordinates": [5.03223015, 52.14093228]}, "id": "214e9c84-a83d-5da8-b5df-52c82cb19189"}, {"type": "Feature", "properties": {"gm_gar_pk": 57662, "gm_gmw_monitoringtube.href": "https://api.pdok.nl/tno/bro-grondwatermonitoring-in-samenhang-karakteristieken/ogc/v1/collections/gm_gmw_monitoringtube/items/4fdc2aaa-92fe-5334-a2e5-14e692b33fc1", "gm_gmw_monitoringtube_fk": 39641, "bro_id": "GAR000000064517", "delivery_accountable_party": "30277172", "quality_regime": "IMBRO/A", "object_registration_time": "2025-12-10T13:47:38+01:00", "latest_addition_time": null, "registration_completion_time": "2025-12-10T13:47:38+01:00", "latest_correction_time": null, "under_review_time": null, "sampling_date_time": "2024-04-09T12:00:00+02:00", "imbro_xml_url": "https://publiek.broservices.nl/gm/gar/v1/objects/GAR000000064517"}, "geometry": {"type": "Point", "coordinates": [5.03223015, 52.14093228]}, "id": "ba6fab3c-7ab9-51ff-9fbd-27680573fc38"}, {"type": "Feature", "properties": {"gm_gar_pk": 57663, "gm_gmw_monitoringtube.href": "https://api.pdok.nl/tno/bro-grondwatermonitoring-in-samenhang-karakteristieken/ogc/v1/collections/gm_gmw_monitoringtube/items/01f59b0b-1e09-5f5a-a9c6-6f7864573b50", "gm_gmw_monitoringtube_fk": 39323, "bro_id": "GAR000000064518", "delivery_accountable_party": "30277172", "quality_regime": "IMBRO/A", "object_registration_time": "2025-12-10T13:47:39+01:00", "latest_addition_time": null, "registration_completion_time": "2025-12-10T13:47:39+01:00", "latest_correction_time": null, "under_review_time": null, "sampling_date_time": "2024-04-23T12:00:00+02:00", "imbro_xml_url": "https://publiek.broservices.nl/gm/gar/v1/objects/GAR000000064518"}, "geometry": {"type": "Point", "coordinates": [5.140667605, 52.134344122]}, "id": "35de2162-b995-5ad9-8c2b-bf462957d54d"}, {"type": "Feature", "properties": {"gm_gar_pk": 57664, "gm_gmw_monitoringtube.href": "https://api.pdok.nl/tno/bro-grondwatermonitoring-in-samenhang-karakteristieken/ogc/v1/collections/gm_gmw_monitoringtube/items/297bbd2e-9aef-50cf-bded-5fa39f9fac29", "gm_gmw_monitoringtube_fk": 39325, "bro_id": "GAR000000064519", "delivery_accountable_party": "30277172", "quality_regime": "IMBRO/A", "object_registration_time": "2025-12-10T13:47:40+01:00", "latest_addition_time": null, "registration_completion_time": "2025-12-10T13:47:40+01:00", "latest_correction_time": null, "under_review_time": null, "sampling_date_time": "2024-04-23T12:00:00+02:00", "imbro_xml_url": "https://publiek.broservices.nl/gm/gar/v1/objects/GAR000000064519"}, "geometry": {"type": "Point", "coordinates": [5.140667605, 52.134344122]}, "id": "e1dff557-9149-57fa-88ed-efe7c17040c0"}, {"type": "Feature", "properties": {"gm_gar_pk": 57665, "gm_gmw_monitoringtube.href": "https://api.pdok.nl/tno/bro-grondwatermonitoring-in-samenhang-karakteristieken/ogc/v1/collections/gm_gmw_monitoringtube/items/9a383ff3-8376-55cc-8903-5dbdd69119ed", "gm_gmw_monitoringtube_fk": 39504, "bro_id": "GAR000000064520", "delivery_accountable_party": "30277172", "quality_regime": "IMBRO/A", "object_registration_time": "2025-12-10T13:47:40+01:00", "latest_addition_time": null, "registration_completion_time": "2025-12-10T13:47:40+01:00", "latest_correction_time": null, "under_review_time": null, "sampling_date_time": "2024-04-09T12:00:00+02:00", "imbro_xml_url": "https://publiek.broservices.nl/gm/gar/v1/objects/GAR000000064520"}, "geometry": {"type": "Point", "coordinates": [5.02895175, 52.09430118]}, "id": "75726551-e89c-52f7-ad20-47e689dcbefe"}, {"type": "Feature", "properties": {"gm_gar_pk": 57666, "gm_gmw_monitoringtube.href": "https://api.pdok.nl/tno/bro-grondwatermonitoring-in-samenhang-karakteristieken/ogc/v1/collections/gm_gmw_monitoringtube/items/ba4f1a93-432f-5077-bfe7-66823f1510e9", "gm_gmw_monitoringtube_fk": 39506, "bro_id": "GAR000000064521", "delivery_accountable_party": "30277172", "quality_regime": "IMBRO/A", "object_registration_time": "2025-12-10T13:47:41+01:00", "latest_addition_time": null, "registration_completion_time": "2025-12-10T13:47:41+01:00", "latest_correction_time": null, "under_review_time": null, "sampling_date_time": "2024-04-09T12:00:00+02:00", "imbro_xml_url": "https://publiek.broservices.nl/gm/gar/v1/objects/GAR000000064521"}, "geometry": {"type": "Point", "coordinates": [5.02895175, 52.09430118]}, "id": "48aa2eab-855a-5e90-add1-a1f94bffb298"}, {"type": "Feature", "properties": {"gm_gar_pk": 57667, "gm_gmw_monitoringtube.href": "https://api.pdok.nl/tno/bro-grondwatermonitoring-in-samenhang-karakteristieken/ogc/v1/collections/gm_gmw_monitoringtube/items/a7416df0-f3dd-51c8-b175-47f492f05a08", "gm_gmw_monitoringtube_fk": 20828, "bro_id": "GAR000000064522", "delivery_accountable_party": "30277172", "quality_regime": "IMBRO/A", "object_registration_time": "2025-12-10T13:47:42+01:00", "latest_addition_time": null, "registration_completion_time": "2025-12-10T13:47:42+01:00", "latest_correction_time": null, "under_review_time": null, "sampling_date_time": "2024-04-16T12:00:00+02:00", "imbro_xml_url": "https://publiek.broservices.nl/gm/gar/v1/objects/GAR000000064522"}, "geometry": {"type": "Point", "coordinates": [5.03513998, 52.0496848]}, "id": "ef8a77f0-0b8e-50ac-8962-d942e097469a"}, {"type": "Feature", "properties": {"gm_gar_pk": 57668, "gm_gmw_monitoringtube.href": "https://api.pdok.nl/tno/bro-grondwatermonitoring-in-samenhang-karakteristieken/ogc/v1/collections/gm_gmw_monitoringtube/items/85106deb-1a9a-5820-ab5d-014c9f352886", "gm_gmw_monitoringtube_fk": 20830, "bro_id": "GAR000000064523", "delivery_accountable_party": "30277172", "quality_regime": "IMBRO/A", "object_registration_time": "2025-12-10T13:47:43+01:00", "latest_addition_time": null, "registration_completion_time": "2025-12-10T13:47:43+01:00", "latest_correction_time": null, "under_review_time": null, "sampling_date_time": "2024-04-16T12:00:00+02:00", "imbro_xml_url": "https://publiek.broservices.nl/gm/gar/v1/objects/GAR000000064523"}, "geometry": {"type": "Point", "coordinates": [5.03513998, 52.0496848]}, "id": "d7a24a17-c3e8-5450-bf20-8fddb476c3fc"}, {"type": "Feature", "properties": {"gm_gar_pk": 57677, "gm_gmw_monitoringtube.href": "https://api.pdok.nl/tno/bro-grondwatermonitoring-in-samenhang-karakteristieken/ogc/v1/collections/gm_gmw_monitoringtube/items/5c50d41a-d8f8-5758-9f6c-a022203cc594", "gm_gmw_monitoringtube_fk": 39670, "bro_id": "GAR000000064532", "delivery_accountable_party": "30277172", "quality_regime": "IMBRO/A", "object_registration_time": "2025-12-10T13:47:49+01:00", "latest_addition_time": null, "registration_completion_time": "2025-12-10T13:47:49+01:00", "latest_correction_time": null, "under_review_time": null, "sampling_date_time": "2024-04-02T12:00:00+02:00", "imbro_xml_url": "https://publiek.broservices.nl/gm/gar/v1/objects/GAR000000064532"}, "geometry": {"type": "Point", "coordinates": [5.16151633, 52.03271933]}, "id": "585f06eb-faaf-5ec7-8a6d-ed70cd4c4d9f"}, {"type": "Feature", "properties": {"gm_gar_pk": 57678, "gm_gmw_monitoringtube.href": "https://api.pdok.nl/tno/bro-grondwatermonitoring-in-samenhang-karakteristieken/ogc/v1/collections/gm_gmw_monitoringtube/items/035815f4-2cc9-5a1c-82c1-ade7437c7610", "gm_gmw_monitoringtube_fk": 39672, "bro_id": "GAR000000064533", "delivery_accountable_party": "30277172", "quality_regime": "IMBRO/A", "object_registration_time": "2025-12-10T13:47:50+01:00", "latest_addition_time": null, "registration_completion_time": "2025-12-10T13:47:50+01:00", "latest_correction_time": null, "under_review_time": null, "sampling_date_time": "2024-04-02T12:00:00+02:00", "imbro_xml_url": "https://publiek.broservices.nl/gm/gar/v1/objects/GAR000000064533"}, "geometry": {"type": "Point", "coordinates": [5.16151633, 52.03271933]}, "id": "5ad653b7-86d9-5823-9ea2-4cfe4a72ff79"}, {"type": "Feature", "properties": {"gm_gar_pk": 57721, "gm_gmw_monitoringtube.href": "https://api.pdok.nl/tno/bro-grondwatermonitoring-in-samenhang-karakteristieken/ogc/v1/collections/gm_gmw_monitoringtube/items/07e7419a-d90a-5361-b905-2e660457009d", "gm_gmw_monitoringtube_fk": 23613, "bro_id": "GAR000000064576", "delivery_accountable_party": "30277172", "quality_regime": "IMBRO/A", "object_registration_time": "2025-12-10T13:48:20+01:00", "latest_addition_time": null, "registration_completion_time": "2025-12-10T13:48:20+01:00", "latest_correction_time": null, "under_review_time": null, "sampling_date_time": "2024-04-29T12:00:00+02:00", "imbro_xml_url": "https://publiek.broservices.nl/gm/gar/v1/objects/GAR000000064576"}, "geometry": {"type": "Point", "coordinates": [5.24992749, 52.07304123]}, "id": "d3bc03a0-4cf3-573e-96ee-0c34e6e37495"}, {"type": "Feature", "properties": {"gm_gar_pk": 57722, "gm_gmw_monitoringtube.href": "https://api.pdok.nl/tno/bro-grondwatermonitoring-in-samenhang-karakteristieken/ogc/v1/collections/gm_gmw_monitoringtube/items/80bf4efc-9f36-5d43-abe2-d61ca8542529", "gm_gmw_monitoringtube_fk": 23011, "bro_id": "GAR000000064577", "delivery_accountable_party": "30277172", "quality_regime": "IMBRO/A", "object_registration_time": "2025-12-10T13:48:21+01:00", "latest_addition_time": null, "registration_completion_time": "2025-12-10T13:48:21+01:00", "latest_correction_time": null, "under_review_time": null, "sampling_date_time": "2024-04-24T12:00:00+02:00", "imbro_xml_url": "https://publiek.broservices.nl/gm/gar/v1/objects/GAR000000064577"}, "geometry": {"type": "Point", "coordinates": [5.20928087, 52.08230461]}, "id": "d92d8d3d-20b7-5d6d-adc2-4e05829596da"}, {"type": "Feature", "properties": {"gm_gar_pk": 57729, "gm_gmw_monitoringtube.href": "https://api.pdok.nl/tno/bro-grondwatermonitoring-in-samenhang-karakteristieken/ogc/v1/collections/gm_gmw_monitoringtube/items/2fe49573-f424-5cf1-9e2f-da21694680e4", "gm_gmw_monitoringtube_fk": 39199, "bro_id": "GAR000000064584", "delivery_accountable_party": "30277172", "quality_regime": "IMBRO/A", "object_registration_time": "2025-12-10T13:48:26+01:00", "latest_addition_time": null, "registration_completion_time": "2025-12-10T13:48:26+01:00", "latest_correction_time": null, "under_review_time": null, "sampling_date_time": "2024-04-17T12:00:00+02:00", "imbro_xml_url": "https://publiek.broservices.nl/gm/gar/v1/objects/GAR000000064584"}, "geometry": {"type": "Point", "coordinates": [4.96083363, 52.06508784]}, "id": "7c47f843-716a-5ba7-85c3-bf8fc2e8552e"}, {"type": "Feature", "properties": {"gm_gar_pk": 57730, "gm_gmw_monitoringtube.href": "https://api.pdok.nl/tno/bro-grondwatermonitoring-in-samenhang-karakteristieken/ogc/v1/collections/gm_gmw_monitoringtube/items/3750a65c-f8da-5149-9430-7f63b5c6191c", "gm_gmw_monitoringtube_fk": 39201, "bro_id": "GAR000000064585", "delivery_accountable_party": "30277172", "quality_regime": "IMBRO/A", "object_registration_time": "2025-12-10T13:48:26+01:00", "latest_addition_time": null, "registration_completion_time": "2025-12-10T13:48:26+01:00", "latest_correction_time": null, "under_review_time": null, "sampling_date_time": "2024-04-17T12:00:00+02:00", "imbro_xml_url": "https://publiek.broservices.nl/gm/gar/v1/objects/GAR000000064585"}, "geometry": {"type": "Point", "coordinates": [4.96083363, 52.06508784]}, "id": "6c239900-9f73-551e-9c5e-f7ea07d96504"}, {"type": "Feature", "properties": {"gm_gar_pk": 59233, "gm_gmw_monitoringtube.href": "https://api.pdok.nl/tno/bro-grondwatermonitoring-in-samenhang-karakteristieken/ogc/v1/collections/gm_gmw_monitoringtube/items/0f85d2d2-f017-5e46-9490-a418996c9848", "gm_gmw_monitoringtube_fk": 39078, "bro_id": "GAR000000067214", "delivery_accountable_party": "30276683", "quality_regime": "IMBRO", "object_registration_time": "2026-03-12T15:32:33+01:00", "latest_addition_time": null, "registration_completion_time": "2026-03-12T15:32:33+01:00", "latest_correction_time": null, "under_review_time": null, "sampling_date_time": "2025-06-19T13:00:00+02:00", "imbro_xml_url": "https://publiek.broservices.nl/gm/gar/v1/objects/GAR000000067214"}, "geometry": {"type": "Point", "coordinates": [5.220059644, 52.135058142]}, "id": "32968b3f-9a30-57e1-8f9a-cf072ac3022f"}, {"type": "Feature", "properties": {"gm_gar_pk": 59272, "gm_gmw_monitoringtube.href": "https://api.pdok.nl/tno/bro-grondwatermonitoring-in-samenhang-karakteristieken/ogc/v1/collections/gm_gmw_monitoringtube/items/2fe49573-f424-5cf1-9e2f-da21694680e4", "gm_gmw_monitoringtube_fk": 39199, "bro_id": "GAR000000067253", "delivery_accountable_party": "30276683", "quality_regime": "IMBRO", "object_registration_time": "2026-03-12T15:32:54+01:00", "latest_addition_time": null, "registration_completion_time": "2026-03-12T15:32:54+01:00", "latest_correction_time": null, "under_review_time": null, "sampling_date_time": "2025-07-28T13:00:00+02:00", "imbro_xml_url": "https://publiek.broservices.nl/gm/gar/v1/objects/GAR000000067253"}, "geometry": {"type": "Point", "coordinates": [4.96083363, 52.06508784]}, "id": "c3c0840a-427c-5401-b796-868f5a1b9876"}, {"type": "Feature", "properties": {"gm_gar_pk": 59275, "gm_gmw_monitoringtube.href": "https://api.pdok.nl/tno/bro-grondwatermonitoring-in-samenhang-karakteristieken/ogc/v1/collections/gm_gmw_monitoringtube/items/bd37d2cb-f672-582d-8065-4368226ee5c7", "gm_gmw_monitoringtube_fk": 39214, "bro_id": "GAR000000067256", "delivery_accountable_party": "30276683", "quality_regime": "IMBRO", "object_registration_time": "2026-03-12T15:32:56+01:00", "latest_addition_time": null, "registration_completion_time": "2026-03-12T15:32:56+01:00", "latest_correction_time": null, "under_review_time": null, "sampling_date_time": "2025-07-24T13:00:00+02:00", "imbro_xml_url": "https://publiek.broservices.nl/gm/gar/v1/objects/GAR000000067256"}, "geometry": {"type": "Point", "coordinates": [5.18767327, 52.052827187]}, "id": "66a2fbe6-7411-5738-b09f-aebfb60de4cb"}, {"type": "Feature", "properties": {"gm_gar_pk": 59276, "gm_gmw_monitoringtube.href": "https://api.pdok.nl/tno/bro-grondwatermonitoring-in-samenhang-karakteristieken/ogc/v1/collections/gm_gmw_monitoringtube/items/bd37d2cb-f672-582d-8065-4368226ee5c7", "gm_gmw_monitoringtube_fk": 39214, "bro_id": "GAR000000067257", "delivery_accountable_party": "30276683", "quality_regime": "IMBRO", "object_registration_time": "2026-03-12T15:32:56+01:00", "latest_addition_time": null, "registration_completion_time": "2026-03-12T15:32:56+01:00", "latest_correction_time": null, "under_review_time": null, "sampling_date_time": "2025-07-24T13:00:00+02:00", "imbro_xml_url": "https://publiek.broservices.nl/gm/gar/v1/objects/GAR000000067257"}, "geometry": {"type": "Point", "coordinates": [5.18767327, 52.052827187]}, "id": "6e9c39d9-8453-595f-a7b4-7de6ea35cf09"}, {"type": "Feature", "properties": {"gm_gar_pk": 59310, "gm_gmw_monitoringtube.href": "https://api.pdok.nl/tno/bro-grondwatermonitoring-in-samenhang-karakteristieken/ogc/v1/collections/gm_gmw_monitoringtube/items/01f59b0b-1e09-5f5a-a9c6-6f7864573b50", "gm_gmw_monitoringtube_fk": 39323, "bro_id": "GAR000000067291", "delivery_accountable_party": "30276683", "quality_regime": "IMBRO", "object_registration_time": "2026-03-12T15:33:15+01:00", "latest_addition_time": null, "registration_completion_time": "2026-03-12T15:33:15+01:00", "latest_correction_time": null, "under_review_time": null, "sampling_date_time": "2025-07-24T13:00:00+02:00", "imbro_xml_url": "https://publiek.broservices.nl/gm/gar/v1/objects/GAR000000067291"}, "geometry": {"type": "Point", "coordinates": [5.140667605, 52.134344122]}, "id": "54350264-5c13-514e-9b5d-232cf862642d"}, {"type": "Feature", "properties": {"gm_gar_pk": 59363, "gm_gmw_monitoringtube.href": "https://api.pdok.nl/tno/bro-grondwatermonitoring-in-samenhang-karakteristieken/ogc/v1/collections/gm_gmw_monitoringtube/items/9a383ff3-8376-55cc-8903-5dbdd69119ed", "gm_gmw_monitoringtube_fk": 39504, "bro_id": "GAR000000067344", "delivery_accountable_party": "30276683", "quality_regime": "IMBRO", "object_registration_time": "2026-03-12T15:33:44+01:00", "latest_addition_time": null, "registration_completion_time": "2026-03-12T15:33:44+01:00", "latest_correction_time": null, "under_review_time": null, "sampling_date_time": "2025-07-28T13:00:00+02:00", "imbro_xml_url": "https://publiek.broservices.nl/gm/gar/v1/objects/GAR000000067344"}, "geometry": {"type": "Point", "coordinates": [5.02895175, 52.09430118]}, "id": "d3453fb1-0a1b-5e07-bc54-b24058011711"}, {"type": "Feature", "properties": {"gm_gar_pk": 59412, "gm_gmw_monitoringtube.href": "https://api.pdok.nl/tno/bro-grondwatermonitoring-in-samenhang-karakteristieken/ogc/v1/collections/gm_gmw_monitoringtube/items/5c50d41a-d8f8-5758-9f6c-a022203cc594", "gm_gmw_monitoringtube_fk": 39670, "bro_id": "GAR000000067393", "delivery_accountable_party": "30276683", "quality_regime": "IMBRO", "object_registration_time": "2026-03-12T15:34:10+01:00", "latest_addition_time": null, "registration_completion_time": "2026-03-12T15:34:10+01:00", "latest_correction_time": null, "under_review_time": null, "sampling_date_time": "2025-07-24T13:00:00+02:00", "imbro_xml_url": "https://publiek.broservices.nl/gm/gar/v1/objects/GAR000000067393"}, "geometry": {"type": "Point", "coordinates": [5.16151633, 52.03271933]}, "id": "b371b9b3-bcff-532c-950a-448b5dd56ea5"}]}