Nummer,Objecttype,lon,lat,glg_m_nap,glg_depth_below_ground_m,swing_m,trend_mm_per_year,nearest_well_m,n_wells_within_400m,support
KM070005,Kademuur,5.1423209,52.0645929,0.3886586196717647,1.1624730667729344,0.25031827552493213,-1.741072547865422,41.81809284865746,11,measured nearby
BS090178,Damwand,5.086808,52.0656774,-0.17242663206446862,1.385103319098156,0.21198088367788023,-8.83726072490014,540.3381084916356,0,no support
BS040078,Damwand,5.1264959,52.0964622,0.38367469354414596,2.0185217229851333,0.3797770594923266,97.04684406049721,142.57691988314483,3,interpolated
BS050064,Beschoeiing,5.1552399,52.0871906,0.4525727074215079,1.6608812331788192,0.4644629603079562,-18.93398776275415,71.08225090487626,1,measured nearby
WFM06305-X,Muur,5.1190619,52.091806,1.4564875386329625,3.453827549022999,0.49626886047137586,-64.93919817325971,235.74097768684183,2,interpolated
BS020001,Beschoeiing,5.0865685,52.106239,-0.34754807359097084,1.9308446395165053,0.4535441557876594,-14.611972785649392,347.8639909736306,1,weakly supported
WF060390,Muur,5.1191551,52.0917752,1.4738357739197785,3.4705703236506547,0.4971874145113969,-64.20610632940591,228.62135833070832,2,interpolated
WF060520,Muur,5.1214865,52.0878689,1.1033624021842185,3.2171123220567948,0.39161967300349554,-55.81128596022702,367.6375563378863,3,weakly supported
BS050042,Beschoeiing,5.156957,52.073306,0.49222646697772343,1.4162677347948402,0.2360637123274067,,144.1396327536293,8,interpolated
BS100157,Beschoeiing,5.0180319,52.0851764,-0.8666127778277172,1.714257861005586,0.2624187856066197,18.73425829651159,190.76610883278894,7,interpolated
KWN10002,Muur,5.0210436,52.1035378,-0.3666637964488367,1.3373152376259536,0.43991411656720586,-2.495768557002587,389.18744498264635,1,weakly supported
WF060592,Muur,5.1222338,52.0855268,0.7453808437956941,2.8002830652101243,0.3015962353438677,-43.233453926861145,292.661625279831,2,weakly supported
DW100001,Damwand,5.0129908,52.100817,-0.4441290463686574,1.369310075208517,0.3413735872731878,-4.118636069718778,424.0935573828618,0,weakly supported
WF060638,Muur,5.1229826,52.0847122,0.6469075418476514,2.7029465462985263,0.23240519757586928,-33.34422357484314,191.62447676749667,1,interpolated
KM070017,Kademuur,5.1419399,52.0642616,0.4768413969189966,1.183533745684379,0.24635090043879557,-6.725125096419493,66.31210110156056,9,measured nearby
KM060031,Kademuur,5.1166772,52.0964683,0.3553816886897775,2.4255290264665734,0.4821892403413212,-63.354157166289426,336.8956477082022,2,weakly supported
BS040009,Damwand,5.144936,52.1064186,0.06500831391762588,1.5440346647149483,0.23013762859668296,-9.80214072529718,295.711561060832,1,weakly supported
BS040138,Beschoeiing,5.1503135,52.1038666,0.19432220047406534,1.313143631643203,0.19325933015224836,-0.13677339489833612,183.63843082681612,1,interpolated
BSA05030-04,Beschoeiing,5.1369331,52.0843201,0.5800483008149054,1.9104773909667312,0.33910200989495015,-53.13000187202728,573.0419642732139,0,no support
BS100093,Beschoeiing,4.9962725,52.1005402,-0.6602238181527275,1.260259474838569,0.3142662178418579,7.225464773715559,298.0764943132701,3,weakly supported
BS070029,Beschoeiing,5.1128446,52.0612821,0.36245772130414405,1.1211687172991711,0.3704074034806181,-39.77543884184015,202.18916983068857,5,interpolated
WF060391,Muur,5.1190746,52.0915951,1.4669871870708389,3.471186271350807,0.49485138522349875,-63.64221992530224,228.63147964290945,2,interpolated
WF060600,Muur,5.1224772,52.0859606,0.8060720238161289,2.85258950403258,0.3179114854232449,-48.95094052898112,321.484731193321,1,weakly supported
BS050130,Beschoeiing,5.1303525,52.0842001,0.6410040132645556,2.1980879830034765,0.26616525404470365,-81.31647050847627,372.5967770315074,1,weakly supported
BS100085,Beschoeiing,5.0422571,52.0725589,-0.9702570720503149,1.1178874313703058,0.3148909210290303,0.9080539296190037,368.3234709362966,1,weakly supported
BS100326,Damwand,5.0420382,52.0821308,-0.5542226790813652,1.3415490468019458,0.42782629896473634,1.2829326566533124,131.8970347820019,3,interpolated
WF060327,Muur,5.1242327,52.088869,1.3495519797290891,3.23167943346266,0.43717094424000535,-74.99163632304884,283.91949073387894,2,weakly supported
WF060006,Muur,5.1169878,52.0933436,0.8505878188181182,2.793161487114816,0.5319007550043446,-108.48798354788718,261.7655386892886,1,weakly supported
BS030163,Beschoeiing,5.1031175,52.1125564,-0.274782273259606,1.8392776982225252,0.425648717104642,-3.92983633749207,458.9189782551763,0,weakly supported
WF060098,Muur,5.1262924,52.0868874,0.9918043139618862,2.576525760040364,0.38171939559799606,-112.60778992821074,320.6000322907824,2,weakly supported
BS100047,Beschoeiing,5.0077583,52.1168442,-0.6151390285867478,1.385682443766379,0.4815896142724743,-9.92299400678136,788.133014431851,0,no support
WF060683,Muur,5.1228039,52.0820551,0.4910856420392684,2.343547463120726,0.19931505494830204,-15.830770053670793,222.75392210721378,1,interpolated
BS090176,Damwand,5.0854055,52.0672202,-0.2830334775401975,1.249770365505984,0.19395124256892768,-8.576030572077048,359.5113361168053,2,weakly supported
WF060677,Muur,5.1225595,52.0823894,0.500665919420287,2.4461652162099305,0.20512713669031268,-15.985719742946761,210.22087034606145,1,interpolated
WF060409,Muur,5.1202,52.0911798,1.65049621792271,3.6348346178644855,0.5108317082252084,-58.838716123016724,146.08098437518493,2,interpolated
BS090093,Beschoeiing,5.0862865,52.0679863,-0.2744831716260975,1.2423171150859773,0.18572073997551825,-8.560356860364807,281.68397896674503,2,weakly supported
BS030103,Beschoeiing,5.1278274,52.1170802,-0.12821944093454393,1.892525775838711,0.11208873863238547,-10.392691972541652,230.57737028410565,3,interpolated
WFM06117-X,Muur,5.1233999,52.0953073,0.7294278723787669,2.6428501872307644,0.46577843403534064,30.17229535358419,388.3648520759802,1,weakly supported
BS100207,Damwand,5.0198161,52.0770125,-1.2874126681196976,1.2560732016855616,0.37676439366548714,-4.691268266958094,162.97519546486308,6,interpolated
WFM06391,Muur,5.1244031,52.0922291,1.523496767070883,3.3257562998091705,0.46762830619418444,-59.20827090757761,186.09043523062675,3,interpolated
BS100342,Beschoeiing,4.9930196,52.1307931,-1.324889108673271,1.3822682064960385,0.3650013286972574,-26.438475842504786,248.7333817983888,1,interpolated
BS070064,Beschoeiing,5.1434458,52.0654571,0.4288013624013677,1.2921706656025955,0.38811000284223324,6.499924086696291,100.11528522975493,14,interpolated
BS030153,Beschoeiing,5.0983704,52.1139497,-0.321528053369073,1.9465240592952529,0.37027575871267393,-0.8351240793820449,653.7269755190634,0,no support
WF060473,Muur,5.1189962,52.091589,1.4534130832732466,3.459597102452662,0.4937018820101071,-64.02961382043708,233.71488161802446,2,interpolated
BS030024,Beschoeiing,5.0972979,52.127984,-0.7939982871379271,2.02661829376154,0.21379384847443483,-0.29511829424828345,558.7213586331354,0,no support
BS050038,Beschoeiing,5.15784,52.0747905,0.5086370662819474,1.6528210535420067,0.19532708759533876,,133.85324688968603,3,interpolated
KW070029,Muur,5.1280355,52.0597072,0.3767483964156149,1.2780019510616594,0.36329260892837456,-7.577308941489883,250.67041366771593,2,weakly supported
DW010029,Damwand,5.0650733,52.1106668,-0.5193736545194959,1.7500673871582806,0.2494668978251313,-13.770087783502415,715.3827090253877,0,no support
BS050153,Beschoeiing,5.1400461,52.0846486,0.5059996346834609,1.7285332193914547,0.3652965613633864,-18.803567859000488,363.950636375416,2,weakly supported
WF06,Muur,5.1232412,52.083751,0.524520743827959,2.56221251250815,0.1698484180497014,-21.584474717413507,123.94482252689694,1,interpolated
KM060041,Kademuur,5.1247814,52.0884863,1.239386374616976,3.0626495568026995,0.4168938619982039,-85.29303181463223,339.1920975008087,3,weakly supported
GS100005,Muur,5.023372,52.0751601,-1.0305603951655256,1.4391115671050974,0.6798997774572815,6.8270353419971315,70.56697743935844,6,measured nearby
KM060062,Kademuur,5.1203765,52.0906228,1.6420048746793112,3.6356115856238223,0.5074505140703545,-57.839434177530435,145.80930723721676,2,interpolated
WF060516,Muur,5.1215485,52.0885101,1.2845994698540406,3.357841311935088,0.42732402242542455,-58.79588240810789,297.2934680901366,3,weakly supported
BS040099,Damwand,5.1127751,52.0998912,-0.03143056771302467,2.049969492526002,0.41775002826804547,-30.606450095789796,248.31871350209286,1,interpolated
WF060720,Muur,5.1182232,52.0917458,1.3092958530101975,3.320247083410898,0.4874952164221623,-70.89256739671029,289.14550554855015,3,weakly supported
WF060458,Muur,5.1178171,52.0917547,1.211987196748419,3.2571440283082396,0.4987971381907492,-77.19412409915402,316.4367670261715,3,weakly supported
BS100421,Damwand,5.0341043,52.0755759,-0.9783170688869475,1.3146544749539737,0.35078110656004274,2.334270006961656,201.17927864306589,4,interpolated
WF060426,Muur,5.1166882,52.0923675,0.9248307684584385,2.9047159246874488,0.5196619394422696,-103.13221198978914,273.1575126947151,1,weakly supported
WF060342,Muur,5.1250799,52.0882603,1.1852703295123093,2.9707277811618065,0.4074248773548104,-92.06379341880037,370.4611450805727,3,weakly supported
WF060721,Muur,5.1273565,52.0851579,0.7652030904588275,2.560156882328737,0.2770763067960584,-72.11812534039747,241.88712794016493,2,interpolated
BS030015,Damwand,5.1407978,52.1138723,-0.035617936380065475,1.681938067820671,0.18386791280264403,-79.46188680257461,271.4776654508877,1,weakly supported
BS050109,Damwand,5.1291895,52.086211,0.9738101465849982,2.2831059680645023,0.3970987701334075,-165.53935369978416,234.88667811385386,1,interpolated
BS060019,Damwand,5.1180797,52.085932,0.4057458723708064,2.5562465120190137,0.31843948617943807,-15.078179820386252,155.7474777605665,2,interpolated
BS030045,Damwand,5.1175939,52.1227446,-0.421262242347133,2.098055281502202,0.2953104959140206,-4.97688958939144,418.40506597064604,0,weakly supported
WF060198,Muur,5.1171071,52.0929291,0.9248400569043573,2.890031148419698,0.5246892078925385,-102.57274271457953,277.34627777524656,1,weakly supported
BS050194,Beschoeiing,5.1485494,52.0781617,0.47754255928456046,1.6903039433979086,0.1781375616356953,37.08063128089542,139.7170754988664,1,interpolated
KM060047,Kademuur,5.1155129,52.0965466,0.13021214567884926,2.3506795593178587,0.4685690914153039,-68.25519791605687,261.60323006980485,3,weakly supported
WF060020,Muur,5.1205219,52.0903463,1.624521081139446,3.625442326990445,0.5038098750459037,-57.27454675726359,152.24904563775792,2,interpolated
BS090175,Damwand,5.0840651,52.0686425,-0.44283891748437937,1.0823162359164236,0.18255301747517655,-8.324638653822436,179.56916443159847,2,interpolated
BS030002,Beschoeiing,5.0949899,52.1267129,-0.6919563400679087,2.2436192333804805,0.2092161010211067,0.059983797297666244,369.3850455171937,1,weakly supported
BS010025,Beschoeiing,5.0932242,52.0871658,0.22684691763719908,1.7917543359182402,0.22678278351596168,-4.444032963057668,278.4903872711399,2,weakly supported
BS090189,Damwand,5.079461,52.0706482,-0.49042834602797014,1.0452282607097663,0.19894988429634736,-8.370699553040719,211.67652840710852,1,interpolated
WF060723,Muur,5.1237792,52.0967906,0.24579028045862875,2.3223619122552703,0.4090917749324628,61.822309897483116,320.27158752964664,3,weakly supported
WF060259,Muur,5.1262794,52.0912042,1.1078678266133262,2.7703223296127715,0.3886823101981477,-58.74414433587569,230.87675139287813,3,interpolated
WF060142,Muur,5.116078,52.0960307,0.39906194553195107,2.4380518778571303,0.506604597742618,-79.1242392182239,324.7310836839852,2,weakly supported
BS030074,Damwand,5.1188929,52.1221719,-0.39380522958707226,2.085097748366755,0.27699259727269954,-6.222565796264544,386.59101573379024,1,weakly supported
KM070020,Kademuur,5.1403754,52.0653038,0.42395154565972853,1.1429005110899983,0.32285271309910557,3.332914215726093,102.00962492990034,9,interpolated
WF060603,Muur,5.1223574,52.0852163,0.711377326432903,2.763365278111648,0.28324360016312367,-40.19273503242314,261.4421488490202,2,weakly supported
BS020055,Damwand,5.1063485,52.1074746,-0.28280702100253524,1.8814628615387456,0.4649422513518043,-1.1352720894722084,289.6609008762942,4,weakly supported
WF060684,Muur,5.122865,52.0820001,0.4908459734430783,2.3407318011398153,0.19915153572950436,-15.811042108895272,224.51788774585904,1,interpolated
WF060725,Muur,5.1251478,52.090462,1.4305900460310537,3.267364473104406,0.4620498255254326,-64.99329515027067,206.671095405212,3,interpolated
WF060901,Kademuur,5.1231296,52.0937602,1.2116966978189263,3.123240801677475,0.4798334668047124,-17.811089989326316,296.09311769235893,2,weakly supported
BS100279,Beschoeiing,5.0314339,52.0850186,-0.5053904880407692,1.247503802521253,0.38083571385842796,10.010094840236453,260.4836510620832,3,weakly supported
WF060622,Muur,5.122762,52.0851898,0.7060836350004245,2.75148590636449,0.2697972928195959,-40.17331855383003,240.734673773933,1,interpolated
WF060695,Muur,5.1238048,52.0964357,0.470525566111054,2.142294571237154,0.4547817449079574,52.40143618020178,322.3680648131471,3,weakly supported
BS100404,Damwand,5.0267738,52.0811523,-1.0245662801569186,1.409542932413281,0.34582256668814537,-13.237903407521062,189.49149400295332,3,interpolated
WF060444,Muur,5.1170305,52.0920713,1.0389293806474655,3.047799400642251,0.5103628310197993,-92.63187370394486,309.90713724729153,3,weakly supported
KW040023,Muur,5.1274975,52.0987672,0.21941024297198397,2.13113925684278,0.4592491473651651,91.4734241771906,218.27688718226617,3,interpolated
BS030022,Damwand,5.102452,52.1292961,-0.8379368779987751,1.875680735540101,0.22030206352169204,-0.18591458262203273,761.3899514519948,0,no support
WF060584,Muur,5.1221228,52.0858621,0.7839083934487413,2.845665660303756,0.31820047901289794,-46.140914703010274,326.43443414572585,2,weakly supported
BS010019,Beschoeiing,5.1004995,52.0893408,0.16578058893093503,2.041521420609346,0.3435137245100309,-21.086862998289668,309.5637846031434,2,weakly supported
WF060213,Muur,5.1167908,52.0927862,0.8894370924693673,2.842715936539914,0.5281497071458316,-107.51552741257353,261.03069894377194,1,weakly supported
DW010035,Damwand,5.0806345,52.097347,-0.28105693875534093,1.8966965377111216,0.276919280932924,-52.3155883370144,149.08221931024082,1,interpolated
BS040048,Beschoeiing,5.1460962,52.0999438,0.27114334523526895,1.583848272442395,0.2431975255318789,-4.144894846624487,323.67361579471293,1,weakly supported
KWB03001-01,Muur,5.1015691,52.1278118,-0.7327800087591689,2.0141302168253596,0.24835300544415642,-0.018766057430613103,598.8853915067683,0,no support
KM060027,Kademuur,5.1242531,52.0902178,1.5799138904388712,3.4756103696014455,0.48922206412403635,-63.036577032930666,166.56334182958483,3,interpolated
BS050116,Damwand,5.1564245,52.0981724,0.4300963905134854,0.7761821646168541,0.15483613426592932,17.837360398332194,94.09094800167391,2,measured nearby
WFM06739-X,Muur,5.1232502,52.083758,0.5244648998198661,2.5626170419219036,0.16961584746166256,-21.5565221310037,123.50587863797908,1,interpolated
BS100341,Damwand,4.9945013,52.1292291,-1.263002013034301,1.4572562073574447,0.24439814357440529,-27.982177635746115,179.16816004516647,1,interpolated
BS070023,Damwand,5.1151466,52.0658445,0.41683630397387667,1.2673070303217668,0.48005019081468736,-5.832024113330028,179.16714432812313,4,interpolated
WF060509,Muur,5.121458,52.0887421,1.3459353707468202,3.409754196096056,0.4393396354386734,-58.899546108078525,273.26960329796384,3,weakly supported
BS100347,Beschoeiing,5.0300452,52.0961331,-0.2558738281654509,1.4560788362163126,0.31352490121611304,4.626333581947989,207.3876808439578,1,interpolated
WF060515,Muur,5.1215295,52.0885651,1.2991684702754085,3.3702064022398015,0.43017676527346427,-58.838986409659384,291.53680291987246,3,weakly supported
BS030041,Damwand,5.1231268,52.1204792,-0.29609396974575886,1.9951416360607954,0.24390855133242575,-4.115030194910643,442.05551199095254,0,weakly supported
WF060346,Muur,5.1247043,52.0883827,1.2285531871539797,3.0571554237031893,0.4135863909543251,-85.14208615437819,346.7496407372177,3,weakly supported
WF060267,Muur,5.1257408,52.0907369,1.3007277878108265,3.0111894076719734,0.42980753445723613,-65.37343140460183,237.25084987627434,3,interpolated
WF060728,Muur,5.1255381,52.0875658,1.076141672359612,2.805422472459812,0.3838181219849692,-103.35884901912283,345.4811664596773,1,weakly supported
WF060167,Muur,5.1167358,52.0942551,0.71439456642907,2.6500556012442376,0.5356816411772658,-111.60147478582455,256.49449520952805,1,weakly supported
BS070034,Damwand,5.1127123,52.0615095,0.3637650471472052,1.1227811853801697,0.3741022352529386,-38.50683422946856,206.12970338018013,5,interpolated
WF060706,Muur,5.1237634,52.0966251,0.2492100154584155,2.3396939590008152,0.40869256666719905,62.519333086349015,322.53764238184453,3,weakly supported
WF060094,Muur,5.1258339,52.0874954,1.0596713423152246,2.750690184797549,0.38355585742626974,-109.77578378081762,327.3432796003114,1,weakly supported
WFM06814-X,Muur,5.1268975,52.0860685,0.8893008313534911,2.537356903790649,0.33969015119497453,-100.67755388418308,310.4628509236597,2,weakly supported
BS080036,Beschoeiing,5.1010897,52.072144,-0.12239401042562428,1.8108603694399035,0.5255348315411099,74.3079674300598,136.0327525547709,6,interpolated
BS100277,Beschoeiing,5.0337523,52.0859049,-0.35966281795978,1.3113754000458633,0.39601443173487005,9.829623506754391,176.0398883844662,3,interpolated
WF060338,Muur,5.123969,52.0898425,1.560011003228012,3.4557269660693106,0.4854452716395721,-64.49450677713169,182.5426800054889,2,interpolated
WF060091,Muur,5.1250237,52.088109,1.1678579668398432,2.957386925829372,0.4023495249446416,-92.20804327946279,374.21219827521276,3,weakly supported
WF060531,Muur,5.1215759,52.087652,1.0590951884862059,3.1713065531901625,0.38331918954845323,-55.40532597023824,372.8025410713964,3,weakly supported
WF060532,Muur,5.1217552,52.088033,1.168192080864891,3.2505022034070024,0.4047874013174506,-58.569824706638535,347.6819232186016,3,weakly supported
WF060256,Muur,5.126108,52.0914781,1.1454198328237675,2.820389500047234,0.39427391045835863,-57.19785997466336,238.5411796670207,3,interpolated
WF060196,Muur,5.1170829,52.0930189,0.9084912850997895,2.868127986589925,0.5264385556105975,-103.98377996973666,273.474581513176,1,weakly supported
WFM06485,Muur,5.1222042,52.0856041,0.7540179781547387,2.8102686421141394,0.30574339363606357,-43.92820060684642,300.53496644786054,2,weakly supported
BS050102,Beschoeiing,5.1546047,52.0869501,0.45241066535806035,1.6614711115975314,0.46388526246473,-18.791904509920307,74.80722409181732,1,measured nearby
BS050179,Kademuur,5.1404692,52.0879002,0.5213246601129299,1.6802338343214438,0.352871661474089,-19.40448940629025,348.54439456773986,2,weakly supported
WF060575,Muur,5.1220373,52.0861043,0.8129902671097797,2.8822495865897455,0.3286723611308078,-47.935675354381914,351.5753363387263,2,weakly supported
WF060039,Muur,5.12252,52.0850337,0.6909382569808984,2.7421468163565703,0.2683347368232542,-38.21084080803708,239.2031996443898,1,interpolated
KW100016,Muur,5.018663,52.0814334,-1.0469703609029781,1.5813957208304041,0.2991837993168199,8.406942811246626,287.1836364364921,3,weakly supported
KM060058,Kademuur,5.1177303,52.091627,1.200197867818108,3.2553851792403417,0.4950782055610539,-76.47563375484035,319.5374028112073,3,weakly supported
WF060328,Muur,5.1238414,52.0897051,1.5533979729690137,3.4797172586923057,0.4790741744425096,-64.79944083373019,189.96705685252508,2,interpolated
WF060145,Muur,5.1164148,52.0952388,0.5473333028577507,2.4948583281395913,0.5289285160666103,-96.95458345275979,291.6022585778342,2,weakly supported
WFM06585-X,Muur,5.1255212,52.087582,1.0785872573547317,2.8096221595899395,0.3843298116377585,-103.0445071174261,346.26754506129595,1,weakly supported
KM060054,Kademuur,5.1169749,52.0920921,1.0078233008309623,3.0268603319517546,0.5076026392625022,-93.22539471341224,305.4557057404529,3,weakly supported
WF060233,Muur,5.1217616,52.093884,1.2971509406823234,3.1924720703280696,0.5173671046718409,-38.77928846099526,307.33295212662773,2,weakly supported
WF060045,Muur,5.1233889,52.0952379,0.7468608779416127,2.6619440169690387,0.46719888461118764,28.35916963068322,392.59067335590737,1,weakly supported
KM100026,Kademuur,5.0055699,52.0824385,-1.3399353907824774,0.9250910355794132,0.2288189072208127,-1.8878358341931536,121.23930060155678,4,interpolated
BS050195,Beschoeiing,5.1445336,52.0770301,0.48482683794919684,1.5845616358471066,0.1697970478840326,-5.9612442431254795,338.25580979535073,2,weakly supported
WFM06639-X,Muur,5.1213762,52.0890219,1.4078562669056822,3.435349716660804,0.45788657851471604,-58.75297381789631,244.47097894025296,3,interpolated
KW050007,Muur,5.1253614,52.0799127,0.37728874971573634,2.0179034722356355,0.23552676348409496,-6.862622648604199,356.0930195501619,1,weakly supported
BS020010,Kademuur,5.0964569,52.1145907,-0.3450136734332629,1.9348270178656446,0.39673340613238095,-13.638682655486672,561.0220410096255,0,no support
KW100001,Muur,5.0201971,52.0829077,-0.8642632440779889,1.7491565071117472,0.24757379049652087,10.110872593510184,199.6611321893178,8,interpolated
WF060293,Muur,5.1240624,52.0895293,1.4958778029945594,3.407322648286983,0.4676572711691132,-67.39334805710918,214.5844455426246,2,interpolated
BS050058,Damwand,5.1337064,52.0851078,0.6952084866786514,2.017631324487858,0.3453795242482491,-110.4047344222379,404.7145116462121,0,weakly supported
WF060151,Muur,5.1164349,52.0949351,0.5933427092666795,2.5084878607774095,0.5383229163422943,-104.35710775276031,272.0260974455437,1,weakly supported
BS040060,Kademuur,5.1274619,52.0996151,0.16754790159927713,2.1329217189768217,0.4551044257803753,72.1580399537757,309.95556127056636,4,weakly supported
KM040010,Damwand,5.1147165,52.0998994,-0.020077168830811783,2.066795081705496,0.3910932159758888,-23.11608094207642,292.9819172780148,2,weakly supported
BS040051,Beschoeiing,5.1480983,52.11266,0.022211091063276695,1.5900973698014618,0.17156418304325194,-28.331015427288964,436.4169125214761,0,weakly supported
WF060130,Muur,5.1167559,52.0949769,0.6079161427360041,2.5380402648890303,0.5314929491407231,-98.36074883653987,292.81780949886854,1,weakly supported
BS020011,Damwand,5.0992162,52.1127635,-0.2805229838607384,1.8713524307631864,0.3955886310212907,-2.5845295328048987,522.0752834177027,0,no support
BSA10065-09,Beschoeiing,5.0032978,52.1002732,-0.3675523717848197,1.3846439574147618,0.30668838072287613,11.716101691775965,132.88432155693266,3,interpolated
BS100330,Damwand,5.0130958,52.0869786,-0.7585549319777343,1.699845048981185,0.3038686282485169,0.4271969290388631,307.3520814086401,2,weakly supported
KM070010,Damwand,5.1204303,52.0749986,0.2596661195189195,1.634299044153937,0.2976412117608281,114.00320029004159,283.97162235509904,3,weakly supported
KM050006,Kademuur,5.1244642,52.0813643,0.5004258084609341,2.297516803368062,0.1986852547551856,-13.566031279793387,243.2020727140819,1,interpolated
KW010010,Muur,5.0814435,52.0877359,-0.04021898083053312,2.0749702874509546,0.20518159809557127,-6.648942388626452,340.3655201173672,1,weakly supported
WF060279,Muur,5.1266695,52.0860974,0.8870085647126565,2.55351190076726,0.33706130081463864,-96.76875270022484,307.31024015664883,2,weakly supported
WF060660,Muur,5.1232232,52.0839545,0.526242733990495,2.5580228329924974,0.1743260067296439,-22.680382721594693,131.55060670590927,1,interpolated
WF060166,Muur,5.1167362,52.0943174,0.7076110278422937,2.6464023184338,0.5348807157774569,-110.89798247078551,258.76307487834134,1,weakly supported
WF060340,Muur,5.1244965,52.0886201,1.283053611839001,3.1370065927844237,0.4242734774774197,-80.25020368109443,316.7887224093136,2,weakly supported
KM070018,Damwand,5.113511,52.0628974,0.3822714968620604,1.1353897099015497,0.41370721232382385,-29.49119385677026,196.41854651656575,5,interpolated
BS050164,Kademuur,5.1607519,52.0803743,0.5357795054038849,1.7048152076398801,0.26084126144127273,14.437030056818244,275.11034593345903,2,weakly supported
BS040101,Kademuur,5.1141139,52.0983926,-0.011579536629903523,2.232298952170786,0.47251777946022694,-54.1210818700925,154.4095646096059,2,interpolated
BS080021,Beschoeiing,5.1029569,52.0587405,0.07407386752385978,1.5473253685261656,0.34868128863400427,-33.20899586464739,716.464489294849,0,no support
BS050112,Beschoeiing,5.1503602,52.0767315,0.4792231508576119,1.5757045570300559,0.20987178579164775,31.04615283842535,332.3088529711177,1,weakly supported
WF060335,Muur,5.1243692,52.0887287,1.3122995706175957,3.1800170457677703,0.42985190069972434,-77.74494821757335,302.0579712935751,2,weakly supported
WF060179,Muur,5.1164315,52.0945787,0.6522362196438927,2.5888394375955643,0.5371064086935434,-112.85712139030878,251.25684012440325,1,weakly supported
BS100087,Beschoeiing,5.0088524,52.0862593,-0.9298266254266726,1.2870725304130137,0.27252678741191,-6.419237044942294,148.53190264862718,3,interpolated
WF060679,Muur,5.122579,52.0823013,0.4920207452568669,2.356212524987017,0.19971535293685624,-15.870153272191612,215.2064580700956,1,interpolated
KM090001,Kademuur,5.0746325,52.0966286,-1.3041475065482695,2.522766334496556,1.1382098706844226,-878.9898002206355,87.74452025075858,1,measured nearby
KM060013,Kademuur,5.122505,52.0857274,0.7743459438591515,2.8202225871533337,0.30599314062772814,-46.41419466769186,298.9079965542549,1,weakly supported
WF060733,Muur,5.1265519,52.0862733,0.9111153382568252,2.5571213252684637,0.3479170483882877,-100.69879073244624,322.8619618625261,2,weakly supported
WF060371,Muur,5.125807,52.0872721,1.035446068101851,2.741777094425746,0.37420423613347165,-107.44957911789005,335.62917354651984,1,weakly supported
WF060364,Muur,5.1254021,52.0876988,1.0967606592181367,2.8407063193314324,0.3880800002105518,-100.71344391338961,352.13084890394254,1,weakly supported
WF060316,Muur,5.1242093,52.0892488,1.425527742518781,3.320073266533569,0.4534291752349681,-71.03567270201506,246.29738012406443,2,interpolated
BS020013,Damwand,5.1021485,52.1107662,-0.1979130440101013,1.725823807729104,0.45470141925408486,-7.925138950854275,256.49019995764434,1,weakly supported
BS070098,Beschoeiing,5.1251295,52.0592308,0.35263043843102454,1.2557404115327095,0.3603377842736873,-17.568180886631026,354.90052980243485,4,weakly supported
WFM06602-X,Muur,5.1264899,52.0863614,0.9229752282784199,2.56020516838586,0.35304347628312127,-102.36902453705703,330.8218223065288,2,weakly supported
WF060586,Muur,5.12214,52.0858103,0.7778187219826019,2.8382565864956217,0.3158062362134681,-45.72076593634611,321.1524630787615,2,weakly supported
KWM04002,Muur,5.1294616,52.1017857,0.0946452410294304,2.00500409537195,0.41035026257990304,55.8641340582246,457.836902724483,0,weakly supported
WF060579,Muur,5.1220744,52.0860061,0.8011168578854646,2.867006701829037,0.3245503885302744,-47.249799574267634,341.2355810476393,2,weakly supported
KW050002,Muur,5.124197,52.0783848,0.2591574017049934,1.8147504209752034,0.3063561582838083,-4.084586045694999,384.95108959383106,1,weakly supported
WF060735,Muur,5.1241495,52.0889845,1.3789824919521574,3.2700950727397218,0.44311567577876476,-73.12132100123218,269.89924312388047,2,weakly supported
WF060153,Muur,5.1168327,52.0937443,0.7810177782569866,2.709228287528274,0.5368262075207608,-112.70839668404723,251.3798087992092,1,weakly supported
WF060611,Muur,5.1224864,52.0849558,0.6832774714898092,2.7358173028346204,0.26520662879252294,-37.332423970409444,234.9062631167728,2,interpolated
BS050055,Beschoeiing,5.1702158,52.0818593,0.5115735311070254,1.7723481493640476,0.31658885962714106,-8.194681840735422,445.2073634229753,0,weakly supported
WF060547,Muur,5.1218942,52.0876587,1.085443034889211,3.168357860988059,0.3886673297237998,-57.99108150627379,388.1777608661382,3,weakly supported
BS100206,Damwand,5.0196646,52.0770819,-1.2967090865694948,1.2292153218636763,0.36144267451683043,-4.691268266958094,157.3821855599448,5,interpolated
KWS04001,Muur,5.1151528,52.1000927,-0.021056413324480997,2.048731790772595,0.39701180005012704,-13.35424802980429,271.10038069797326,2,weakly supported
BS030043,Damwand,5.1184135,52.1223977,-0.42354651911135766,2.1019752539647456,0.28861033768681854,-6.777354744033149,396.62231329199597,1,weakly supported
WF060738,Muur,5.1222784,52.0866329,0.903569417478002,2.963157960363044,0.34857810956192936,-54.29104904960785,392.7707134183559,1,weakly supported
KM090019,Damwand,5.0756051,52.0964523,-1.112692705673006,2.3928173538682134,1.0120179956983515,-767.464091423631,156.30883664646294,1,interpolated
WF060400,Muur,5.1220547,52.0872341,1.0032240028403927,3.079201316502272,0.37199131633404003,-56.93612197621129,407.93176290983905,0,weakly supported
WF060739,Muur,5.1173404,52.0916169,1.1254775797524592,3.1825577560417466,0.4938857769949742,-80.57663433671705,345.6748626155525,3,weakly supported
WF060031,Muur,5.1219726,52.086389,0.8507716269172965,2.9284225423277497,0.3394507017507007,-49.99524701909105,380.2045832455558,1,weakly supported
BS090042,Beschoeiing,5.0445806,52.0947109,-0.2221619703600212,1.6769428192537108,0.2791407079234773,-4.697275716479176,357.627154614333,1,weakly supported
KW050010,Muur,5.1387523,52.0737952,0.47577213935621326,1.533802605064686,0.1664929067148736,-13.409114185557724,203.28119000008024,1,interpolated
BS030077,Beschoeiing,5.1380567,52.1193505,-0.06749364794128923,1.7175468467727817,0.16276173845022446,-70.09963220385015,384.0485087805216,1,weakly supported
KW010011,Muur,5.0813071,52.0877508,-0.03507010752877884,2.063544401087499,0.20802787153807406,-6.768926794294257,349.7296792976509,1,weakly supported
WF060741,Muur,5.1186226,52.0917924,1.3801610665063666,3.384393211485485,0.4915185315669332,-67.90718861874826,264.02065650212097,2,weakly supported
WF060501,Muur,5.1214068,52.088905,1.3769968317742152,3.410357427646973,0.45242454000966853,-58.77634849687105,256.48862319255784,3,weakly supported
BS030050,Damwand,5.1140751,52.1244349,-0.4917413400020491,2.146828444426467,0.3061944065313917,-4.399990763443687,618.5941882643149,0,no support
KWM09004,Muur,5.0729779,52.0977941,-1.291687835740994,2.519264051286267,1.1302934492527072,-874.9260053120528,95.32714035122405,1,measured nearby
DW010051,Damwand,5.0754236,52.1062102,-0.4285113897837169,1.8627858019011534,0.39350306443572636,-18.614312561144928,564.7805354128725,0,no support
BS050126,Beschoeiing,5.1382325,52.0951549,0.41842983055173016,1.4661503048666134,0.3216398175861148,-4.94939994586196,338.5328202635063,2,weakly supported
BS030123,Beschoeiing,5.1114549,52.1080598,-0.3005450054674432,1.9685272069623563,0.43184892536086444,-2.399732816769433,203.7170528666094,1,interpolated
WF060144,Muur,5.1163811,52.0953689,0.5250223770336084,2.486622116691505,0.5250805166381554,-93.95070277912102,299.5003039682137,2,weakly supported
BS010002,Damwand,5.082763,52.0820259,-0.1614662071677099,1.8665182737280572,0.2191266976824067,-5.672271812990434,675.819941490176,0,no support
BS080009,Damwand,5.1203834,52.0755305,0.23573059146649247,1.7020634324893216,0.3269519499169671,50.87620240976183,310.99952482702025,3,weakly supported
DW040001,Damwand,5.150501,52.1018175,0.2244976144686859,1.2994601050473114,0.1984434868560336,1.395053933248182,175.32640427853738,1,interpolated
KM060012,Kademuur,5.1219157,52.0868376,0.9200024564845493,3.0074125785002033,0.3554234528214042,-53.090937329166906,405.7272375952403,0,weakly supported
BS020017,Beschoeiing,5.0867836,52.1062886,-0.34268904109335,1.9310692154845868,0.45297320322241885,-14.344250200859333,333.29474941075216,1,weakly supported
KWB03001-02,Muur,5.1015154,52.1277515,-0.730217198526322,2.019881717733405,0.2492516180965964,-0.030095381435408682,592.5663153851773,0,no support
WF060631,Muur,5.122704,52.0843345,0.639072768387499,2.545370282246841,0.2314989440394596,-32.016128946752204,181.87607041474442,1,interpolated
KW010001,Muur,5.0531946,52.1107408,-0.8403084161246596,1.0554321518815837,0.3015627536218187,-1.0080779900920651,680.1174551455672,0,no support
WF060744,Muur,5.1255489,52.0877924,1.1019309906523278,2.8251593643407302,0.3920981012602105,-103.7515469366471,340.7768778360399,1,weakly supported
BS010024,Damwand,5.0932351,52.0890502,0.5355449094988406,1.6867318246422685,0.13958929946430051,-10.587761454373632,182.6224431452563,2,interpolated
BS050110,Damwand,5.128186,52.084265,0.5827846378289774,2.366054091909583,0.21582878403312789,-52.57970084234207,231.83390849236204,1,interpolated
BS030105,Beschoeiing,5.1233935,52.1139538,-0.21893772203493492,1.9228431293488946,0.2491536346179939,4.661512613821314,278.7006633566905,2,weakly supported
WF060505,Muur,5.1214285,52.0888287,1.3570962039103507,3.3940593933131096,0.44894595300926504,-58.79966203740775,264.3619821546001,3,weakly supported
WF060628,Muur,5.1226666,52.0844543,0.6505651031833034,2.5417959713757896,0.23940311341599937,-33.470014691834734,190.95929589436045,1,interpolated
BS070020,Damwand,5.1192984,52.0728139,0.44867742610983746,1.4736300198249064,0.16565813885111416,-21.45321322565604,218.22413173215404,5,interpolated
BS090199,Beschoeiing,5.0588179,52.087251,-0.20776161503747942,1.469931632535374,0.494349431142795,4.069290783141162,324.33388048416606,3,weakly supported
WF060746,Muur,5.1236826,52.0963369,0.48701142406130304,2.145630128603054,0.45775814441105,50.07365222074494,332.4951673258172,3,weakly supported
KM020008,Kademuur,5.0798991,52.1189337,-0.29444673247697406,1.7047408314666972,0.21402207914986154,-89.71005624058606,169.50989773133287,3,interpolated
WF060215,Muur,5.123094,52.0927811,1.5505807199950201,3.3992989272197884,0.47025781466238753,-51.52832460293,189.50853138752487,2,interpolated
KM070019,Kademuur,5.1420092,52.0643266,0.4559614633128492,1.1785318419917088,0.24736087278221217,-5.941198323923782,59.58254524717179,9,measured nearby
KM080001,Kademuur,5.1210255,52.0786277,0.33749536383779144,1.7448312991343233,0.3491178280463617,6.771212809298587,331.4986518619618,1,weakly supported
KM100038,Kademuur,5.0100173,52.0819772,-1.2525707605687744,0.9838759639103613,0.24983408642395086,-1.103762806553847,226.1140678620701,4,interpolated
WF060086,Muur,5.1250917,52.0882165,1.1785461816981224,2.9617902763191752,0.4059188263228807,-92.62248088785401,369.5527421907351,3,weakly supported
BS100430,Beschoeiing,5.0283711,52.0751379,-1.194757474637558,1.2972072655086448,0.30691007122074676,6.045647663806921,154.79935018947413,6,interpolated
BS030185,Beschoeiing,5.1426624,52.1151637,-0.03313527061187335,1.682952662606166,0.19283157367244055,-75.06470420879742,289.182520289303,1,weakly supported
KM010006,Damwand,5.1009745,52.0893041,0.1324091227396933,2.0854406316248,0.37369174776020603,-23.18535743843228,338.1054428002318,2,weakly supported
BS030122,Beschoeiing,5.1164607,52.1140907,-0.30484268937881687,1.9793835755735452,0.2987822832232082,4.510995053891335,238.30645858950854,3,interpolated
KW090005,Muur,5.0436317,52.105638,-0.8188297266376994,0.9135890357750338,0.31939608547051723,-12.751492953102714,31.334091740137755,2,measured nearby
WF060635,Muur,5.1227317,52.0842017,0.5319748969187165,2.6448917504826834,0.20337312689532944,-26.88691965529493,173.35516994943097,1,interpolated
BS100295,Beschoeiing,5.0273424,52.08858,-0.6425119067147395,1.3024421542300206,0.32812258465263655,8.670101240744774,254.46332263354822,4,weakly supported
KW060004,Muur,5.1118555,52.0925166,0.5706948719806167,2.370998784512497,0.6027145191364279,-159.08500764758625,144.62800064659024,1,interpolated
WFM06127-X,Muur,5.1236972,52.0963823,0.2521721560481282,2.3729086298745363,0.40774989703912634,62.48358817360485,330.6057443649492,3,weakly supported
BS030109,Beschoeiing,5.1218249,52.1146225,-0.23260684407250196,1.9087386581493309,0.2829395287662361,3.9614199773475645,224.4956141892772,3,interpolated
BS050070,Beschoeiing,5.1310927,52.0846624,0.862827101627432,2.155182745458849,0.3238177749520164,-110.6509401092165,391.5284849611897,1,weakly supported
BS020028,Kademuur,5.105057,52.1088571,-0.20240214734352138,1.7339432345249002,0.46249994070935746,-6.076472925673236,195.3120763644567,2,interpolated
BS040085,Beschoeiing,5.142487,52.1081523,0.03177259800081104,1.5685450543882158,0.22359992057390166,-16.89675901768254,305.658183284406,1,weakly supported
WF060748,Muur,5.1261557,52.0914141,1.1340309355435232,2.805844271777642,0.39243728167511366,-57.427822574838295,235.84670611715296,3,interpolated
WF060310,Muur,5.1273881,52.0851007,0.7583200490813445,2.5617784862454607,0.27346991085835803,-70.47924320032232,238.6200533118108,1,interpolated
BS030140,Damwand,5.1037492,52.1100306,-0.18601750784260512,1.7039887840220935,0.4605447174080837,-8.998462248033388,201.6086362582818,2,interpolated
WF060416,Muur,5.120379,52.0906937,1.6496042326002336,3.6405127587283572,0.5087966779284704,-57.962080121060225,142.72118182059413,2,interpolated
KWMZ02001-01,Muur,5.1054125,52.1017571,-0.13613284921812663,1.8697061221604478,0.3958799187403133,-2.2889354736624434,269.81495471518224,2,weakly supported
WFM06599-X,Muur,5.1262264,52.086715,0.9695578695049828,2.5824090917227784,0.3715369361277326,-106.90064335087519,333.4828325628328,2,weakly supported
WF060300,Muur,5.1266304,52.0861541,0.8947980720565964,2.5544887304312596,0.34061218816757854,-98.07448393984538,312.228771239498,2,weakly supported
BS090109,Beschoeiing,5.0505718,52.0939774,-0.0899444542716463,1.6497860485282292,0.33207509686953346,-4.967786715545258,509.74483822685926,0,no support
BS050041,Beschoeiing,5.156973,52.0733296,0.4922164410494153,1.4196642202814191,0.23661388374826228,,146.47596427198587,8,interpolated
DW020001,Damwand,5.1111075,52.1025948,-0.16361822340590298,1.8911755942520216,0.442517743570106,3.9356999939661104,346.3517521481294,2,weakly supported
WF060344,Muur,5.1252127,52.0881135,1.1575303321235113,2.9247371646438283,0.4022274420698993,-95.55779120653897,361.2780184946286,3,weakly supported
KM100045,Kademuur,5.0336275,52.0857857,-0.3690411121142352,1.3092995517577533,0.3964456240845617,9.873613937129477,183.752461592186,3,interpolated
WF060111,Muur,5.116469,52.0958035,0.4569950007346308,2.46799053561567,0.5087061248008258,-81.46455851661861,338.2327239192457,2,weakly supported
BS040024,Beschoeiing,5.1355334,52.110598,-0.08686547273546284,1.6930592105591205,0.20360464956788518,-38.826552139834284,626.9674838355191,0,no support
BS060005,Beschoeiing,5.1212308,52.0824292,0.4802257200247857,2.3532251044812353,0.24202486709692558,-18.666327028267453,286.173473681979,1,weakly supported
WF060173,Muur,5.1168117,52.0938213,0.7698334175935352,2.697333705423024,0.5371818817515626,-112.99521479219244,250.89225533879895,1,weakly supported
WF060366,Muur,5.1260218,52.0872869,1.0335045084800942,2.7085824801403136,0.37741214605197315,-112.71422222080207,321.1187701529007,1,weakly supported
DW010031,Damwand,5.0742898,52.1004655,-0.8369946642365278,2.1752095567221756,0.6636863255179295,-431.75127663580514,389.0588039929621,1,weakly supported
KM070011,Damwand,5.1209191,52.0759385,0.21816803642065458,1.7203557211320721,0.3374237919812097,45.708743480613464,306.39617464310584,3,weakly supported
BS090116,Beschoeiing,5.0423316,52.1002246,-0.42759395817383,1.5260863005209966,0.26821334225963456,-4.819714994991456,317.43247324183227,2,weakly supported
WF060119,Muur,5.1166468,52.095486,0.5198861461939458,2.498298619655049,0.516984975715239,-87.67123655186823,321.68726138484686,2,weakly supported
BS040145,Beschoeiing,5.1508193,52.1001556,0.2977095477013856,1.283974570418841,0.17262826274681037,3.3240693181121643,319.50913550830126,1,weakly supported
KM020006,Kademuur,5.1147834,52.0973267,0.028105795398556583,2.222051521418226,0.47627144574852115,-59.589717580155416,183.34121558545303,2,interpolated
KW010016,Muur,5.0871796,52.0833697,-0.02771039678736293,2.006161116037476,0.20378442980968214,-7.3027168906682975,481.33909441443467,0,weakly supported
BS050196,Beschoeiing,5.1443804,52.0770095,0.48643885946203413,1.5829839737702818,0.16824874433710663,-5.9612442431254795,328.38970304698717,2,weakly supported
BS050181,Beschoeiing,5.1416982,52.0880733,0.5014104585013636,1.6825102793457252,0.35225593175288045,-9.62196209795023,295.1398879951874,2,weakly supported
KM090023,Damwand,5.079023,52.0710536,-0.4686594851658989,1.062507211580826,0.19873003716307108,-8.351708183585757,259.9867311904885,1,weakly supported
KM050001,Kademuur,5.1249545,52.0812494,0.49854218630294794,2.274218628206254,0.19728644164110676,-13.055626369883782,253.05361360685228,1,weakly supported
WF060643,Muur,5.1227482,52.0839915,0.5252799456132756,2.5371439645202045,0.19880886194695793,-25.63211251139558,163.5179809221525,1,interpolated
BS010042,Beschoeiing,5.0913422,52.0865987,0.10764108755850879,1.9037781652828252,0.1949775157290569,-4.509704797591057,357.38218020599857,2,weakly supported
WF060270,Muur,5.1248252,52.0903557,1.4930098815240171,3.3536172077053035,0.47352251911167126,-64.50186004967995,191.39878937374218,3,interpolated
BS100294,Beschoeiing,5.027601,52.086913,-0.7308746722802087,1.0672711125296392,0.3070986727986271,7.929912226531661,68.43472447559672,3,measured nearby
BS050043,Beschoeiing,5.1559689,52.0724377,0.4952498194163366,1.2991999940892882,0.19998325668928257,,57.754870445268594,10,measured nearby
WF060453,Muur,5.1176343,52.0915864,1.182712839085547,3.2419260643424432,0.49352056138396705,-76.92518398085537,325.2931350815549,3,weakly supported
BS100114,Beschoeiing,5.0582142,52.0338448,-0.5830962202522334,1.7895865702480178,0.5071215529149325,-5.024442675168296,280.7987021898222,1,weakly supported
KW040008,Muur,5.1137381,52.1000988,-0.030590409975733576,2.020533999898725,0.40508045434747625,-22.547470900648417,288.6171245000706,2,weakly supported
BS100223,Beschoeiing,5.0174712,52.1184001,-0.9876623344541265,0.8349555940430351,0.454453645474825,-15.443069034492309,420.5712164071173,0,weakly supported
WF060613,Muur,5.1225045,52.0849045,0.67788846783333,2.7309631405089383,0.26175268151391134,-36.74090533343758,230.1670448880833,2,interpolated
WF060176,Muur,5.1164452,52.094816,0.6102774683001011,2.5137020887850743,0.5416952080358535,-107.01505003115892,265.2670288140417,1,weakly supported
BS030075,Damwand,5.1228799,52.120614,-0.3033999054464221,2.0020913146425716,0.24588500617950038,-4.320191891872602,437.881202290459,0,weakly supported
WF060324,Muur,5.1240971,52.0890772,1.4019401367165534,3.2989667820451225,0.44781713407651336,-71.8011418808818,259.1106286179122,2,weakly supported
WF060230,Muur,5.1234951,52.0949103,0.8439785969896487,2.721538552983419,0.45833012534550915,19.420677900915475,404.8136321823948,0,weakly supported
WF060262,Muur,5.1233517,52.0925511,1.5589119090970334,3.4687053910868473,0.5048794367436626,-44.06624234097879,171.43661883512766,2,interpolated
KM060015,Kademuur,5.1229779,52.0844891,0.6252795328658799,2.6877368435025666,0.2193048015820733,-30.53935086644525,175.75030370497763,1,interpolated
KW100014,Muur,5.0160225,52.0822016,-1.0882205815541042,1.3107509780946809,0.2857662943508286,13.689793015223188,256.23985362872145,1,weakly supported
WF060022,Muur,5.1213242,52.0891549,1.4415060329999012,3.4632636088693816,0.46384663193075115,-58.66514254050339,231.30829057823638,3,interpolated
WF060570,Muur,5.1221783,52.0869029,0.9462771931336471,3.0136049297389182,0.3593074159429039,-55.67285643342508,421.8241799348628,0,weakly supported
BS040028,Beschoeiing,5.1166356,52.0979753,0.043895550940049974,2.1525309161712154,0.41020003816924494,-29.081131011553694,206.03596848726207,2,interpolated
BS100103,Beschoeiing,5.0099026,52.0812908,-1.289491995269732,0.9280181169534811,0.2528442547938562,0.6333282230699198,216.44763620285795,4,interpolated
BS020019,Beschoeiing,5.0882599,52.1054127,-0.3654160898895632,2.053767042995062,0.4316002769264798,-3.7333423482582564,274.6112958442152,2,weakly supported
BSA05030-05,Beschoeiing,5.1366497,52.0845698,0.5951075693105684,1.9179124364114741,0.34206744935309974,-59.40525725277657,580.5153437522155,0,no support
BS100048,Beschoeiing,5.0093199,52.1160297,-0.6374587804241484,1.340463673082774,0.46237576615773623,-9.521930519949112,815.8045369096916,0,no support
BS030121,Beschoeiing,5.1160374,52.1142402,-0.3112843253707284,1.980937173937197,0.2977214533542509,4.120606760196686,266.53230724813966,3,weakly supported
KW050004,Muur,5.1245349,52.0784015,0.268343434537567,1.8118980631035733,0.30025743763886975,-3.905899581371153,361.935245105002,1,weakly supported
BS040015,Damwand,5.1195477,52.0994553,0.05874657185994888,2.1533494545664467,0.3535860011048282,-1.2054555015162043,53.568491885414396,2,measured nearby
WF060709,Muur,5.1235207,52.0954058,0.6983433002010215,2.606591413859625,0.4633548975157577,34.118412800754975,376.07970059536507,1,weakly supported
KW010020,Muur,5.0992693,52.0947435,0.061674170451580794,2.171045719509051,0.2942258268878996,-20.601344474539403,141.55405317109316,2,interpolated
WF060413,Muur,5.1202869,52.0910253,1.6588255289374498,3.6436158616016594,0.5112972063207127,-58.51144737529817,140.66681522804012,2,interpolated
WF060027,Muur,5.1217341,52.0872976,0.9946174575108147,3.097872298330835,0.37100323279301095,-54.68286345717757,385.3985099402768,1,weakly supported
WF060291,Muur,5.1238848,52.0895429,1.5165586828051443,3.437173798514478,0.47142627227948525,-66.2573685791053,206.84489986455785,2,interpolated
WF060508,Muur,5.1213657,52.088168,1.1702174428599097,3.280999878269753,0.40423325274968025,-56.31587835682204,336.9906399839209,3,weakly supported
WF060690,Muur,5.1235082,52.0958317,0.6155076415136452,2.516614560966239,0.4559044596542469,42.46843856267398,358.5993471728636,1,weakly supported
WF060135,Muur,5.1161319,52.0959348,0.41804284920800633,2.445239523673796,0.5091074716820224,-81.20708438711175,333.8791265606986,2,weakly supported
WF060257,Muur,5.1262016,52.0913491,1.123313211000894,2.7918821963667155,0.3907462292548455,-57.72580498511149,233.52550071117648,3,interpolated
BS030011,Beschoeiing,5.1033427,52.1127739,-0.29281523373932544,1.8786490663979238,0.3892223765246759,-4.234023133570798,484.99080733216726,0,weakly supported
BS100272,Beschoeiing,5.047324,52.0836697,-0.32637864562545404,1.2481907535406203,0.4418087968832381,-0.26230564393697864,350.29121764618026,3,weakly supported
BS040049,Beschoeiing,5.1117536,52.1033439,-0.1656627068771017,1.8278642905001294,0.43522867525572223,12.130525589511661,268.3986241985046,3,weakly supported
WFM06624-X,Muur,5.1239429,52.0899638,1.583883589219907,3.486303337479174,0.4897802655429926,-63.48377848663731,170.92400055269323,2,interpolated
WF060753,Muur,5.1227016,52.0833723,0.5018636666689518,2.5246231740806455,0.1834656528970769,-15.21490973509111,159.2301265803874,1,interpolated
WF060754,Muur,5.1213791,52.0890116,1.4051479639510858,3.4331525371888096,0.4574054562203623,-58.75573122598799,245.52227122249892,3,interpolated
WF060043,Muur,5.1232293,52.0837177,0.5244763676123215,2.561848896075533,0.16985595738822978,-21.539458012449,124.0574753152722,1,interpolated
BS080034,Beschoeiing,5.101468,52.0703872,0.0015793031985795994,1.8083465232147733,0.46040541806090907,7.362358826586687,228.09148878648676,7,interpolated
BS020004,Beschoeiing,5.0719475,52.1227936,-0.547695651698692,1.1771714636624042,0.23644483508706798,-34.04029472933149,553.2312764468621,0,no support
WF060712,Muur,5.1234156,52.0954273,0.7009447464016938,2.6116336686516775,0.46339969139852855,33.13911765478178,381.5212923573575,1,weakly supported
BS030162,Damwand,5.111392,52.1059339,-0.3308567538898606,2.0285862812567226,0.42542256335116263,-6.454161193279113,96.13753473601489,3,measured nearby
BS050099,Beschoeiing,5.1559129,52.0892261,0.4524610402540205,1.684412050941174,0.3743744652963133,-14.931966772870565,296.12257220385516,1,weakly supported
BS040027,Beschoeiing,5.1366761,52.0993861,0.28291769561531394,1.5684115517761235,0.38373228578778307,-2.4115974433347396,99.5345507286873,3,measured nearby
WF060616,Muur,5.1226955,52.085334,0.7243732163449562,2.768454822556109,0.2802790633059507,-42.036108319557464,256.0511503047082,1,weakly supported
BS020049,Damwand,5.1057182,52.1083019,-0.23746847274123847,1.7970675934552671,0.4605175558696255,-3.5819217451571426,236.12765496574696,3,interpolated
WF060306,Muur,5.1270959,52.0855267,0.8104623251596745,2.553086319906745,0.3002316178039082,-82.1773220824522,263.938252580274,2,weakly supported
BS050135,Beschoeiing,5.1709399,52.0839808,0.534462251213791,1.7200075274027025,0.36431300437024816,-13.661857107443533,456.97114242056944,0,weakly supported
KW060017,Muur,5.1251772,52.0820839,0.5142033138496274,2.46307473066938,0.17069333571329726,-21.147096348190644,160.66213969765678,1,interpolated
BS030044,Damwand,5.1181364,52.12255,-0.4253210749893331,2.10310591091289,0.2887659257392703,-6.793178417695964,406.55632601873316,0,weakly supported
WF060368,Muur,5.1260708,52.0872146,1.025056284449415,2.6981277446164436,0.3749819771109658,-113.09104077414223,320.48970455329646,1,weakly supported
WF060404,Muur,5.1199946,52.0913926,1.6203996749907015,3.606693315436036,0.508200055171961,-59.5921202107281,162.48757210003467,2,interpolated
KM060037,Kademuur,5.1261605,52.087026,1.0034135515335911,2.6797695819424843,0.36760420553025625,-112.48298744717275,322.34916016965053,2,weakly supported
BS050044,Beschoeiing,5.1559572,52.0723951,0.4944840649041703,1.3029724778423728,0.20150786158358278,,58.791860529004445,10,measured nearby
BS050128,Beschoeiing,5.1303519,52.0842706,0.6462412362173455,2.196066496295638,0.2691507844842389,-83.6764277097069,374.2141106251426,1,weakly supported
WF060191,Muur,5.1164502,52.0938559,0.7229329656485826,2.6225545119644695,0.5459408135959447,-121.02463501932111,226.96634062950727,1,interpolated
BS050182,Beschoeiing,5.1386856,52.0860109,0.5440411448337845,1.7330360791848551,0.3687551633323243,-37.01590245182764,414.64332738818547,0,weakly supported
WF060536,Muur,5.1217941,52.0879409,1.1472687565859854,3.2299829078323263,0.400739062208206,-58.48824461663697,357.5687748207261,3,weakly supported
WF060246,Muur,5.1255122,52.092005,1.2880868467444389,2.998485518269974,0.41938949434971684,-57.38751702141611,237.58499777271624,3,interpolated
WF060250,Muur,5.125685,52.0918897,1.2484412345271145,2.948473841419488,0.41214221709391485,-57.088545808955104,243.7789645627285,3,interpolated
WF060202,Muur,5.1170908,52.0926989,0.9532351951812995,2.9300951887871687,0.5209845825551122,-100.18816079879326,283.58112544961466,3,weakly supported
BS030194,Beschoeiing,5.0901443,52.1297603,-0.8552424979776048,2.131997674339853,0.19077167898889177,-1.7343311101190058,276.2917442919747,1,weakly supported
BS090198,Beschoeiing,5.0625042,52.0873706,-0.17728598626284262,1.5377618297753999,0.5205562549302631,4.576524253039867,377.68394367734095,2,weakly supported
WF060449,Muur,5.117213,52.0916366,1.1009753146246692,3.1554528339730665,0.4946124640859029,-82.39875764871836,347.6024395020324,3,weakly supported
BS050140,Damwand,5.1604784,52.0872593,0.45709136435980513,1.715836128851161,0.35861587445976045,-12.861415102109175,348.2268694989239,2,weakly supported
BS040017,Damwand,5.1202857,52.0991572,0.06530299172684015,2.120860727647144,0.35311175401708655,-2.7592817767657105,97.94430793941244,2,measured nearby
WF060003,Muur,5.116738,52.0949372,0.612685188231909,2.538558207362541,0.5329587750831415,-99.50755340700519,289.394541108365,1,weakly supported
WF06,Muur,5.1220293,52.0872728,1.009577460835646,3.087341835424088,0.3733615950233944,-56.96558375156372,405.7648496369779,0,weakly supported
KW010007,Muur,5.0871624,52.0837054,-0.03395064640032897,2.030066526152698,0.1996842821098184,-6.457510559206466,444.1334343164926,0,weakly supported
WF060598,Muur,5.1224644,52.0860001,0.811431251737651,2.858526387948613,0.3199456984938501,-49.32025822562611,325.65606562857255,1,weakly supported
WFM06132-X,Muur,5.116723,52.0931393,0.834355961958579,2.764028149816776,0.5356333076239165,-112.98371633398853,246.73315343902306,1,interpolated
WF060493,Muur,5.1212116,52.0886836,1.304610370527387,3.3923161293402755,0.430393942243331,-57.382319649261355,283.7090676091192,3,weakly supported
BS090193,Damwand,5.0818049,52.0649018,-0.39706449027633467,1.044492459794669,0.17846147296452583,-3.6855823758870887,544.944871112344,0,no support
BS030147,Damwand,5.1072966,52.1063078,-0.32474376349648837,1.9698363379698642,0.49142398996781855,1.67567252975137,169.60942495012097,2,interpolated
BS030052,Damwand,5.1220865,52.1208909,-0.323952961028318,2.021435161240173,0.2519293996271942,-4.885142179870547,410.0134914073644,0,weakly supported
WF060526,Muur,5.1215523,52.0876998,1.0682173989075763,3.1813807048717053,0.38502477509585215,-55.46872587565872,371.25914204109813,3,weakly supported
WF060644,Muur,5.1230354,52.084574,0.6311311991359384,2.691529491724853,0.22187874214526787,-31.337289999014367,178.6462646206205,1,interpolated
WF060686,Muur,5.1230944,52.0818579,0.4903751206237605,2.337142120163506,0.197460578385378,-15.686164197348285,227.2641836297398,1,interpolated
WF060307,Muur,5.1239451,52.0893682,1.4749996857619228,3.3883790522381596,0.4628131909226902,-68.06543195409698,225.72823458709183,2,interpolated
WF060405,Muur,5.120026,52.0913617,1.6254548979999783,3.6114381796740354,0.5086296261340288,-59.459735895985254,159.81187423463163,2,interpolated
WF060136,Muur,5.1161552,52.0958906,0.4267310254309366,2.4485425962210114,0.5103023375145945,-82.18764217147148,331.9021540199257,2,weakly supported
KM100051,Damwand,5.0087351,52.082655,-1.2525919964597216,1.0568196082137586,0.2530916617903711,-2.29593904537381,179.38252661961386,4,interpolated
WF060443,Muur,5.1169911,52.0921229,1.0073906792418064,3.0241180325149037,0.5083466140050219,-93.46132419596843,304.6223459965174,3,weakly supported
KM060044,Kademuur,5.1239756,52.0894921,1.497344987750727,3.412252633512085,0.46766626841534764,-67.1911566980051,214.89748597573723,2,interpolated
WF060756,Muur,5.1238085,52.0898935,1.5872900508592747,3.4935409517153513,0.4902693803282012,-63.44349106160987,171.416425252673,2,interpolated
WF060168,Muur,5.1167403,52.0942065,0.7201257066779306,2.653844331018786,0.5361490875327978,-112.01318210109955,255.14896237503189,1,weakly supported
WFM06126-X,Muur,5.1236263,52.0961988,0.2535154277627756,2.4042940670986215,0.40674622715968667,61.85503303099376,339.4427871689293,3,weakly supported
KM050008,Damwand,5.125603,52.0809723,0.44824816981211063,2.205458841802163,0.18936036269405462,-9.494704424974866,286.63666885157375,1,weakly supported
DW070001,Damwand,5.1314996,52.0676052,0.5022484195598881,1.2239899011665594,0.3881509473248895,-5.16043771136283,124.48764054329614,2,interpolated
BS050249,Beschoeiing,5.1410194,52.0954244,0.4337282571513667,1.5136088447437586,0.29301758987992516,-1.5822320122532,265.1257453636945,2,weakly supported
WF060436,Muur,5.1167802,52.091834,1.012488206182731,3.037707490741484,0.5040775435476824,-91.93698383417669,310.763760566675,3,weakly supported
BS030137,Beschoeiing,5.0773512,52.1212537,-0.4657537469905415,1.3976310497576998,0.2061424565589831,-50.25648639956463,475.7686994156414,0,weakly supported
KM090010,Damwand,5.0400541,52.097228,-0.16428590998560447,1.7671432971659355,0.1997550897429699,-8.311671523883561,113.86495691012009,1,interpolated
KM090002,Damwand,5.0765438,52.0961299,-0.8824866485130558,2.2360136736884857,0.8514134263498626,-607.5906169402107,229.52862940685065,1,interpolated
WF060260,Muur,5.1262357,52.0911224,1.1284486621204572,2.7945993221621035,0.3933395798544515,-59.933352428236205,235.74826080883426,3,interpolated
WF060759,Muur,5.1275334,52.0847722,0.7186939122022257,2.4031475060885064,0.24859591282721122,-60.81243438758826,220.9521417701118,1,interpolated
BS050160,Damwand,5.1504847,52.09052,0.4716284565234868,1.6651911583967969,0.22786202868292513,-2.1318926223906094,425.7272275697029,0,weakly supported
BS100146,Beschoeiing,5.0091356,52.0867492,-0.8921089783275109,1.3494797814985726,0.2801823990138478,-6.415156508137017,202.75215252256888,3,interpolated
WF060239,Muur,5.1247508,52.0921682,1.4620182045999242,3.237497837085662,0.45473941572469456,-58.92534094338907,200.8348062786663,3,interpolated
BS030149,Damwand,5.1069104,52.1066935,-0.31918619026884015,1.9479815768416662,0.4807270113327403,0.5447783110315508,215.77118284204985,4,interpolated
WF060760,Muur,5.1173657,52.0918195,1.1205187185567744,3.159212454003842,0.5004603380874357,-83.46032406858663,344.3083204527935,3,weakly supported
WF060619,Muur,5.1225573,52.0847427,0.661350398047242,2.716671249707462,0.25087726334449684,-34.859491369635165,215.78464591516914,1,interpolated
WFM06172-X,Muur,5.1186578,52.0915618,1.393169592150349,3.407953946488908,0.4888631161480115,-65.88992116828804,255.8065538664724,2,weakly supported
BS090212,Beschoeiing,5.0573764,52.0761381,-0.62404756866079,1.500136318225312,0.45669700282535863,-4.160280292214611,145.96629382294887,2,interpolated
BS050143,Beschoeiing,5.1421386,52.0929169,0.6132257430352458,1.3734594172955497,0.21135318039391424,-3.2783430610660074,142.65606524015655,2,interpolated
KM070009,Kademuur,5.1417059,52.063998,0.537670079095967,1.1973184722526422,0.24198028012522443,-8.577146190870952,66.39659530114083,9,measured nearby
WF060566,Muur,5.1219011,52.0865468,0.8712489167413419,2.956193362432435,0.3450705910545708,-50.769535338775036,397.59718460798626,1,weakly supported
WF060479,Muur,5.1211818,52.0895022,1.5258077686014886,3.5325471664902715,0.4790567616781557,-58.482026054685875,198.48298241258323,2,interpolated
BSH09015-00,Beschoeiing,5.0593819,52.0833502,-0.18738197323312503,1.4466148497277769,0.48541828675354615,5.772874717239373,123.27066711813461,4,interpolated
WFM06687-X,Muur,5.1222702,52.0866515,0.9063588418935593,2.9665732054462395,0.3493376768247828,-54.386806332810394,394.85817363764136,1,weakly supported
BS090098,Beschoeiing,5.0861166,52.06871,-0.33483215654845294,1.1631171662881246,0.16519539954696416,-8.445979102511833,200.81902075060296,2,interpolated
WF060147,Muur,5.1164263,52.0951387,0.5632632374784381,2.4999671740095115,0.5320336556400196,-99.3893693177216,285.1185164825268,1,weakly supported
WF060428,Muur,5.1166438,52.0922073,0.9363315007732813,2.9295288220198756,0.5154322140783715,-101.09125212972063,279.4648654741738,1,weakly supported
WFM06070,Muur,5.1167492,52.0948104,0.6320737381293943,2.546912986127988,0.5363548352650039,-102.02771241406766,282.7174644741676,1,weakly supported
WF060761,Muur,5.1236009,52.0961373,0.5196171097303934,2.1502777239389124,0.463277857148535,47.68010044117571,342.7454182913358,1,weakly supported
WF060585,Muur,5.1223024,52.086571,0.8942232210847726,2.9519956156891767,0.3460184998590478,-53.93323020633025,385.9500299711948,1,weakly supported
WF060216,Muur,5.1231177,52.092894,1.4892217176540772,3.3860605813448537,0.4997122382738007,-39.098487735679846,202.02839123432224,2,interpolated
WF060231,Muur,5.122871,52.093793,1.2267425139847015,3.140020337084784,0.48170220619498816,-18.77023814863631,296.97607223001967,2,weakly supported
WF060763,Muur,5.1268371,52.0861502,0.8998157580681929,2.538241048322255,0.34452549310782093,-102.53344515477274,317.09769338312685,2,weakly supported
BS020045,Damwand,5.1052226,52.1087316,-0.21021760646361076,1.7477783327414815,0.46179446213360176,-5.479087338687618,203.8304388055576,2,interpolated
BS100262,Damwand,5.023625,52.1098085,-0.219875255047848,1.1167187708326731,0.45050743049144837,-8.112396502547726,84.2657557059746,3,measured nearby
KW040021,Muur,5.1320233,52.1034873,0.006711420279132808,1.6975440398442996,0.30440591691500934,-0.031818756982453594,228.62186917618044,2,interpolated
BSS08002,Damwand,5.1185015,52.0798794,0.45593135920559835,1.799846317653096,0.30716086955848365,-8.191358405793924,236.64497965942942,2,interpolated
BS100212,Beschoeiing,5.0283084,52.1139444,-0.5866376922868693,1.2093497920538554,0.3935398040881044,-3.8033409495890185,458.6379010303634,0,weakly supported
DW040004,Damwand,5.1357394,52.099794,0.20403702840157276,1.6474376751212458,0.4111936572725661,12.59542186143737,159.2083200464053,2,interpolated
DW090005,Damwand,5.0721606,52.0908758,-0.40433009559315064,1.9359101608905864,0.5726009925625495,-188.96311614500004,628.6553149673853,0,no support
KWN09008-02,Muur,5.0226442,52.1027288,-0.3437917928800536,1.3460586102246843,0.42641459921578256,-1.276069551742226,456.6113215966236,0,weakly supported
KM100027,Kademuur,5.0054706,52.0823372,-1.3421609684394047,0.9088808592871369,0.2227749936050681,-2.080872282996478,108.13355058256705,4,interpolated
BS020025,Damwand,5.0891947,52.1165293,-0.41105879391918254,1.907262887768229,0.30682007522265686,-30.944489190932956,362.2780176076389,2,weakly supported
WFM06617-X,Muur,5.1273096,52.0852316,0.7739787719770771,2.5583499097443907,0.28163727177436937,-74.15530478771252,246.02781962617564,2,interpolated
BSA08004-02,Beschoeiing,5.1000877,52.0762652,-0.4003135555097957,2.2636668817006016,0.1891854560856954,54.56761899228099,30.91881266441586,5,measured nearby
BS040042,Damwand,5.1300545,52.1078171,-0.18179509470031674,1.4393839348667379,0.3365241445519906,-0.9545061867906328,318.1944470095478,1,weakly supported
BS040127,Beschoeiing,5.1407867,52.1118322,-0.028228669335313164,1.683230083492347,0.18470637803874032,-51.064485540537035,477.1188338838108,0,weakly supported
BS100106,Beschoeiing,5.0100938,52.0806818,-1.3258473197176877,0.9467060149257621,0.27876210841648197,2.478589533546614,248.19586361706317,4,interpolated
WF060715,Muur,5.1235934,52.0957314,0.6282643951350323,2.5280485090088933,0.457172770650255,41.932709233023814,356.9884215702145,1,weakly supported
WF060675,Muur,5.1225605,52.0825025,0.5008881867513761,2.4574310524031056,0.20234077432820033,-15.88692673129036,202.86169404339526,1,interpolated
WF060283,Muur,5.12575,52.0873373,1.0440606481382046,2.7543736056482673,0.3764010730139807,-106.75489469897036,337.29967423274303,1,weakly supported
WF060362,Muur,5.1259772,52.0873558,1.0416057687871783,2.7188746525178025,0.3796827627578697,-112.28373799951689,321.79615390365495,1,weakly supported
BS070084,Beschoeiing,5.1143294,52.0609118,0.3761855706820445,1.1048690317871086,0.3502992049604644,-42.887771438082225,132.4029862865545,5,interpolated
WFM06759-X,Muur,5.1243116,52.0901926,1.5673413541292482,3.4583749530884518,0.48697033663211325,-63.43797345138446,171.44056683071136,3,interpolated
KM100048,Damwand,5.0069074,52.0827697,-1.3154304741131178,0.997425681841203,0.2505378423520295,-1.3534731984416644,132.1542769113103,4,interpolated
WFM06666-X,Muur,5.1218402,52.0878328,1.1234961848299885,3.2060646745155745,0.3961260670775279,-58.37922093386294,369.21588644127115,3,weakly supported
WF060238,Muur,5.1240987,52.0923172,1.5321909740815445,3.3827815507153005,0.4680678323555301,-50.81417338634691,177.86540211680799,3,interpolated
KW040012,Muur,5.1259381,52.1012471,0.10201571745986962,2.0602617860095096,0.407246401899962,22.933949487325084,242.40698843817577,1,interpolated
KM100001,Damwand,5.0370437,52.0828349,-0.46529096476407567,1.3694924333090561,0.6365077039074026,4.687893588377925,206.36967192795902,2,interpolated
BS090191,Damwand,5.0819678,52.0679448,-0.4525481144657083,1.0900905379069958,0.19643499758902785,-8.330390135016161,206.77182862052726,2,interpolated
DW070002,Damwand,5.1315567,52.0675623,0.5009072488511938,1.225344884022749,0.38800664876523955,-5.154624870443974,125.04395943308366,2,interpolated
WF06,Muur,5.1210412,52.0891447,1.4129056471525572,3.454030159544454,0.4575649105973106,-57.61248886925501,238.86435398821587,3,interpolated
BS090213,Damwand,5.0379855,52.0949818,-0.21189114496146827,1.712304274614312,0.2762249255433286,-5.935874443626168,369.26904175010185,1,weakly supported
WF060764,Muur,5.1272612,52.0853109,0.7838508949670916,2.556344697313094,0.2867491880588152,-76.44443324357675,250.83321457138342,2,weakly supported
BS100021,Damwand,5.0300295,52.071889,-1.1402146331301606,1.402336717662516,0.41051479643783856,5.561104540616872,524.20341163962,0,no support
KM100029,Kademuur,5.006348,52.0822845,-1.3767511334015803,0.9282892581327008,0.2408684294339018,0.18484393543135266,83.18649492507531,5,measured nearby
BS010041,Beschoeiing,5.0919477,52.0874284,0.20418978112457184,1.8745013718429295,0.21294209555196336,-7.21450894139284,356.7102995163379,3,weakly supported
WFM06364-X,Muur,5.1233008,52.0939301,1.1394938566444062,3.044961973927864,0.47469326697970604,-11.67665146600438,316.9025999472698,2,weakly supported
WF060236,Muur,5.1237833,52.0924234,1.535025245516158,3.4393607044647476,0.5008000358386334,-43.12747634703746,173.5508068090448,2,interpolated
BS010035,Beschoeiing,5.0930856,52.0874545,0.2683537574565496,1.7931483822159038,0.21537959401008153,-6.042255158475821,302.72829458668383,2,weakly supported
BS020031,Kademuur,5.1069964,52.1065799,-0.323731690746942,1.9554814330274346,0.48437894866670206,0.8559135121092718,202.282797644866,4,interpolated
DW050005,Damwand,5.1190231,52.116105,-0.3132821116713988,1.985249553151911,0.2950646429984614,-0.06862530601282807,277.47138222859746,4,weakly supported
BS070019,Beschoeiing,5.1279534,52.0654201,0.4219530162493757,1.2141413955275013,0.5040099899174655,13.856605045047738,122.70484478223558,3,interpolated
BS100109,Beschoeiing,5.0093186,52.0856003,-0.9621816186589206,1.3002257221265383,0.26213692288860746,-7.960081927429704,138.3644337428885,2,interpolated
WFM06179-X,Muur,5.1191943,52.0916111,1.4871984850025304,3.488169772780559,0.49667039352804976,-63.116181281714596,221.06406297915018,2,interpolated
KW050003,Muur,5.1243767,52.0784572,0.2660423842166702,1.8132610754817644,0.3018943761718517,-3.9936690078026573,373.0570415318173,1,weakly supported
WF060417,Muur,5.1203968,52.0906445,1.647111091676847,3.6391707653151304,0.5082575037324877,-57.874615534996096,143.5865668418445,2,interpolated
BS060020,Damwand,5.1184161,52.085982,0.4028092482117449,2.5810083054886417,0.30671567214409323,-15.167792361163022,175.02978100673252,2,interpolated
BS080026,Damwand,5.1198735,52.0790984,0.4251775676168744,1.820110071379389,0.27141969136319277,-0.5161312012456889,266.36357241993716,1,weakly supported
WF060669,Muur,5.1225799,52.0828108,0.5013583709914722,2.4853150901427363,0.195006449160956,-15.623773814062003,184.6273290766474,1,interpolated
WF060648,Muur,5.1230717,52.0844696,0.6199302857174115,2.68374973186106,0.21428582770208568,-29.872175996995082,169.35479128176007,1,interpolated
WF060288,Muur,5.1267139,52.0863025,0.9190428925046271,2.5423176629235775,0.35301580876478383,-105.41957988515512,329.672871925045,2,weakly supported
BS020003,Beschoeiing,5.0713762,52.1231582,-0.5588544279664579,1.1724309481791118,0.24175251205949222,-23.872321585847885,508.5813963530885,0,no support
WF060534,Muur,5.121788,52.0879795,1.1567470879084953,3.2384598664354733,0.4025942051510191,-58.60090813417704,353.34796854896325,3,weakly supported
BS010060,Beschoeiing,5.085918,52.0816621,-0.05296380569021714,1.9616758508860477,0.20419872172813638,-11.462323987059422,508.07678283106605,0,no support
BS040117,Beschoeiing,5.1341644,52.1019151,0.027888793845175525,1.7719513573909116,0.34659589793465395,18.41387594536531,220.18256748842114,3,interpolated
WFM06377-X,Muur,5.1234985,52.0949987,0.8230276992102928,2.6981729828012413,0.45731089282613796,22.05509242383315,399.34915211019586,1,weakly supported
WF060766,Muur,5.1233978,52.0952968,0.7320562509730802,2.6457386841871213,0.4659934227640332,29.895814719846932,389.02148946414115,1,weakly supported
WF060184,Muur,5.1163937,52.0942897,0.6779780580828245,2.5915308404977058,0.5430671142788642,-118.16945483289165,235.7220359172426,1,interpolated
WF060380,Muur,5.1260816,52.0869211,0.9964700149023766,2.6015755599319674,0.3810674267085241,-108.27316467832941,332.00343349407785,2,weakly supported
BS030068,Damwand,5.1039692,52.1287164,-0.7641032583194843,1.9195312334390455,0.24884406514155175,-0.6055567482012985,705.5346597417293,0,no support
BS040178,Beschoeiing,5.1450789,52.1061078,0.06982230702352925,1.5456011380413115,0.23574702509180873,-9.05463465065172,323.39212219801936,1,weakly supported
WF060681,Muur,5.1226412,52.0822272,0.491772947747199,2.3525772000602263,0.1995876401670535,-15.863476165255666,217.31915454201885,1,interpolated
WF060494,Muur,5.1212296,52.0886245,1.28855907967269,3.3795855811585644,0.42723024080310756,-57.27584103929798,289.7133745518098,3,weakly supported
BS050035,Beschoeiing,5.1590964,52.0766013,0.5278678865408521,1.7030245383886076,0.18650274015806415,51.0530309404354,193.2654182165305,2,interpolated
BS060023,Damwand,5.1275851,52.0931863,0.6778791905098791,2.2097088886168645,0.28259504015447456,-24.065668904253737,222.02785952502617,2,interpolated
WF060429,Muur,5.1166377,52.0921443,0.94248353997776,2.9419975586379086,0.5134379990997427,-100.0238103911105,282.8712884085206,1,weakly supported
BS030007,Kademuur,5.0943512,52.1271669,-0.7079959231962031,2.2365448028965504,0.20886930359027295,0.044629181578075085,410.624468305711,0,weakly supported
WF060639,Muur,5.1227405,52.0840779,0.5258942574425016,2.5355926943147242,0.20128849132226576,-26.16960874780101,167.2904151411949,1,interpolated
WF060767,Muur,5.1256834,52.0876707,1.083212741815597,2.7899586133630123,0.38867205192890125,-106.78985742764897,333.6130504606273,1,weakly supported
KW010014,Muur,5.0810192,52.0876922,0.026653713379611494,2.019010050536879,0.2182868154945537,-7.61142390403443,369.32349644729373,1,weakly supported
WF060372,Muur,5.1258342,52.0872387,1.0311367826461761,2.735874770447372,0.3730455485237336,-107.72364989523888,334.974335572382,1,weakly supported
WF060768,Muur,5.1222156,52.0855747,0.7507274564064954,2.8064313566224808,0.30418236422534806,-43.667608488174814,297.5288953480543,2,weakly supported
BS090187,Damwand,5.0778105,52.0738928,-0.4480064014916517,0.9868933347647959,0.22318458693613313,-3.531431164925644,546.3085494850675,0,no support
WF060769,Muur,5.1241164,52.0890452,1.3938655974958547,3.2887921443484442,0.44616939055481386,-72.26201776768197,262.8712126095917,2,weakly supported
WF060374,Muur,5.1259017,52.0871543,1.020384607856685,2.7218457144115233,0.3700371390964536,-108.267500526633,333.6280214127494,1,weakly supported
WF060704,Muur,5.1238725,52.0966764,0.25154468900836374,2.327466549484059,0.4093390401020693,63.88693565745423,314.61393784128524,3,weakly supported
KW010012,Muur,5.0809724,52.0876687,0.02759004418003252,2.0159817717139314,0.21938882924090597,-7.604126917847482,372.5258229642299,1,weakly supported
BS090210,Damwand,5.0557622,52.0721779,-0.6736728853572771,1.4218915525318065,0.41843882715387687,-2.7730583666057798,316.736448947552,2,weakly supported
BS100052,Beschoeiing,5.0115683,52.1147962,-0.5437791333476402,1.148739950399129,0.3770345019554455,-8.779298352603966,701.0556286539986,0,no support
BS050081,Damwand,5.1275039,52.093926,0.5358522968404369,1.9776543820221113,0.4007135620955519,22.958616964631382,293.81881458920117,5,weakly supported
WFM06390-X,Muur,5.1243636,52.0922215,1.532082029419423,3.3386398398812505,0.46954276830206676,-59.24442129785598,183.49446887092594,3,interpolated
WF060277,Muur,5.1241555,52.0901566,1.5858965578894249,3.4848360738092867,0.49028173245643286,-63.04011546039541,165.76278341105288,2,interpolated
BS050046,Beschoeiing,5.1600836,52.0669913,0.3857469986333618,1.7172326560969384,0.39045635699082526,,128.25054892994152,3,interpolated
WF060192,Muur,5.1164605,52.0938036,0.728845106738517,2.6282727413394027,0.5458725479234361,-121.02228852732351,226.82009991111065,1,interpolated
WF060593,Muur,5.1224056,52.086191,0.8378973471529472,2.8882066728614064,0.32928466668950995,-51.008914388632405,345.8121098997732,1,weakly supported
BS030158,Beschoeiing,5.0957317,52.1158227,-0.49512500651274366,2.1492124603039224,0.27771743198444,-2.3932148850248396,422.7066404753982,0,weakly supported
KM060009,Kademuur,5.121685,52.088093,1.178510711973062,3.2642138034649197,0.4066740580849635,-58.28906787774477,341.6505645475482,3,weakly supported
BS020016,Damwand,5.103274,52.1100162,-0.1771683913442806,1.6888670214105959,0.46203499063755993,-9.529154802341775,185.99025567579764,2,interpolated
DW010037,Damwand,5.0728429,52.1074283,-0.4331649901539838,1.8670197680325682,0.3752936215311736,-17.11217020994073,654.977567808808,0,no support
BS080023,Damwand,5.0995406,52.074687,-0.3140649552738994,2.1330703359431213,0.24883568360066194,143.6406335541966,136.071207311299,7,interpolated
BS030018,Damwand,5.1016514,52.1302585,-0.8997447507815232,1.7427553642627385,0.19663713639536465,0.10021748696933216,746.1794465114816,0,no support
BS030148,Damwand,5.1071126,52.1065136,-0.32729270946723854,1.9621581800524661,0.4861337694671103,0.908629461486263,193.7619568722409,4,interpolated
WF060717,Muur,5.1236372,52.0959013,0.5964960976646929,2.492041953632992,0.4542202394109946,45.59790142626306,347.75102567528666,1,weakly supported
KM090015,Damwand,5.0551183,52.0888351,-0.18147442777619505,1.3113633423483264,0.45994708613257096,2.322393975266937,474.9592959871381,0,weakly supported
KW080006,Muur,5.1019887,52.071286,-0.10405550439400273,1.8080412661150402,0.5787974241733295,93.9315338899016,124.58862709292488,4,interpolated
KM070006,Kademuur,5.1206893,52.0755237,0.2176455295017459,1.7147297810847797,0.33601559984973356,50.13944639383914,292.4961557849154,3,weakly supported
WF060410,Muur,5.1202268,52.0911495,1.6538043806375595,3.6379337677535726,0.5111247916196507,-58.75766788460897,144.18743163681802,2,interpolated
KM020001,Damwand,5.1112598,52.1000288,-0.03618688194312501,2.0060513995910187,0.4166192990995063,-27.731750636514484,267.42908678757806,2,weakly supported
WF060127,Muur,5.1167317,52.0951661,0.5769985875479698,2.524536848765149,0.5261261533619307,-94.39589599065786,303.50870730730304,1,weakly supported
BS050071,Beschoeiing,5.1317048,52.0848225,0.7066771092932764,2.0875519356891434,0.30280487413196727,-111.82425019665018,380.696754482621,1,weakly supported
BS050024,Beschoeiing,5.1806995,52.0852011,0.6873916532774073,1.4515356863807862,0.41974196462360464,-3.360983220692257,443.4540447862525,0,weakly supported
BS040006,Beschoeiing,5.1302138,52.1071993,-0.16512001455814793,1.443529582342096,0.33677301582365543,-2.071644589075752,328.3444022143408,1,weakly supported
WF060495,Muur,5.1213622,52.089075,1.4218587027580372,3.446658934616223,0.46038415877234995,-58.74177034159619,239.05816312170674,3,interpolated
BS030151,Kademuur,5.1057803,52.1086287,-0.2314727045251656,1.7879522249768798,0.46031823649010456,-4.0174230299321385,240.45756814110408,3,interpolated
BS090121,Beschoeiing,5.0547305,52.0835581,-0.2702461746426256,1.435715028201856,0.4163009074356424,2.545873538663597,159.23561845323118,3,interpolated
BS090120,Beschoeiing,5.0542338,52.0837278,-0.263411443912765,1.4219410807148496,0.42380031063434903,2.4488711752985135,172.1857741074336,3,interpolated
WF060652,Muur,5.1231196,52.0843133,0.6173686111764773,2.560429779955984,0.21003975734365798,-29.296431195109452,156.46042063235595,1,interpolated
BS050189,Damwand,5.1336621,52.0851595,0.7001785157258823,2.0179624746942535,0.3470312638565435,-112.50180891272956,398.23966784214053,1,weakly supported
BS100143,Beschoeiing,5.0112328,52.0849604,-1.0062257567525434,1.4285031509451243,0.23836221192081142,-13.352875260701651,49.91540609240678,2,measured nearby
BS020012,Damwand,5.1017348,52.111044,-0.20564409375633813,1.7404925697655078,0.45183228939405995,-7.376885276542875,289.5849869323639,1,weakly supported
KW060014,Muur,5.1114498,52.0935695,0.48506879087133215,2.2118131631660476,0.5850273118224706,-170.23140000224365,117.94507235259731,1,interpolated
KM060056,Kademuur,5.117028,52.0917591,1.0611938873159072,3.100623262259256,0.49959687489046306,-86.92410006335557,329.3014421133686,3,weakly supported
WF060178,Muur,5.116438,52.0946727,0.6423716887502885,2.587095704342373,0.5350071879425732,-111.01170244934497,256.6409424619673,1,weakly supported
WF060663,Muur,5.1226643,52.0832277,0.5018040685129876,2.516434372641551,0.18585811973124475,-15.299999855742877,164.24420435341239,1,interpolated
BS100159,Beschoeiing,5.0181116,52.0839624,-0.8635234133099838,1.6092326999267224,0.25978298438169484,22.067459893705553,239.4687017980443,8,interpolated
BS090219,Damwand,5.0406234,52.096011,-0.17346186841773303,1.7625422191669056,0.21571955024920883,-7.6194060493878775,170.44228949804486,1,interpolated
BS020033,Kademuur,5.1094699,52.1049998,-0.32881977297222104,1.9896500724513888,0.49891232286318105,3.223730043879125,136.22281767081927,3,interpolated
WF060487,Muur,5.1211118,52.0889091,1.3514116491970447,3.406652815309623,0.4464707985079657,-57.447758665713835,261.78061893920324,3,weakly supported
WF060513,Muur,5.1214958,52.0886531,1.3224569632750942,3.3899440176254716,0.4347378330526618,-58.88175139532563,282.399424116657,3,weakly supported
KW040006,Muur,5.1144616,52.1001036,-0.02810782872544507,2.0149254003944153,0.3971005720420838,-18.370586843856447,310.9088675935547,2,weakly supported
WF060446,Muur,5.1171231,52.0919826,1.063448527924634,3.0831386643729863,0.506744883848656,-89.58955155783512,320.50763052069755,3,weakly supported
BS100281,Beschoeiing,5.0315244,52.0860901,-0.46434075295923133,1.2851653097414673,0.3737995138180445,16.54915885150091,146.51953014948708,5,interpolated
WF060637,Muur,5.1227354,52.0841409,0.5315084242340911,2.642331097339693,0.2014090700661605,-26.47763202568385,170.30153347167098,1,interpolated
WF060234,Muur,5.1239077,52.0923812,1.5492144357347022,3.404878532281762,0.47164713092359806,-51.32743659937788,174.8282350830477,3,interpolated
BS030130,Damwand,5.1108015,52.1077178,-0.32888137938592427,2.008613623469216,0.4331462497512052,-5.574693466926118,152.45515835275634,2,interpolated
BS100108,Beschoeiing,5.0092859,52.0853601,-0.9700622622342179,1.3035973506573717,0.2594915067664485,-8.360878591372362,131.8026644859272,2,interpolated
BS030049,Damwand,5.1151676,52.123917,-0.4813570589572172,2.1431722931612827,0.30191053450030925,-4.996092367167853,546.8839490330716,0,no support
WF060195,Muur,5.117001,52.0933009,0.8580466773874452,2.802563621235025,0.5312673739204264,-107.95857333001196,263.0917601969336,1,weakly supported
BS030110,Beschoeiing,5.1215963,52.1146245,-0.23575771960138442,1.9125677138696924,0.2834653571155115,4.106557787867483,230.49038828838277,3,interpolated
BS030016,Damwand,5.1386372,52.1150996,-0.031998015221206676,1.6525191939958233,0.19959502475445332,-91.75023886014608,90.26629757193211,1,measured nearby
WF060251,Muur,5.1257669,52.0918216,1.2294203647396924,2.9249197966107117,0.40877670450311165,-56.99912217747486,246.62240033192083,3,interpolated
BS090216,Damwand,5.0381187,52.0959946,-0.19507149550235156,1.7185183887194746,0.2545036807206252,-6.445151183025668,290.0204944273808,1,weakly supported
WF060624,Muur,5.1226219,52.0845794,0.6450979172569397,2.703402311735449,0.23940417464166297,-32.926114693451716,201.28820250178225,1,interpolated
BS100276,Beschoeiing,5.0342536,52.0871733,-0.33005032761870184,1.3449264468873892,0.40019823467882765,11.93603436934648,123.06074722368125,3,interpolated
WF060427,Muur,5.1166606,52.0922906,0.9293987563725459,2.9150910074872707,0.5178092168335138,-102.30127452338962,275.6839250572231,1,weakly supported
BS060007,Damwand,5.1262189,52.0827085,0.5180707645079827,2.5226704023193,0.15803685534931047,-20.349112317230116,122.57005964763196,1,interpolated
BS090100,Beschoeiing,5.0876087,52.0679641,-0.17746939303471132,1.3403265336814265,0.20036589814320255,-8.727688632878804,303.3003274165008,3,weakly supported
KW100022,Muur,5.0151236,52.0816649,-1.1851037124637993,1.02146559295746,0.29517407813578755,8.85195575531931,173.70719526268633,1,interpolated
WF06,Muur,5.116748,52.0924151,0.9293097180694528,2.9082881480404574,0.5200053164307235,-102.76720887670241,274.3276571612756,1,weakly supported
WF060199,Muur,5.1170957,52.0928517,0.9333851308667073,2.901813232674746,0.5236519819924335,-101.94993849579906,278.80550703358904,1,weakly supported
BS060001,Damwand,5.1165868,52.0878939,0.39562622307495326,3.3961065018332937,0.17934247359731406,-19.523318438241276,43.023711824231825,2,measured nearby
BS050068,Kademuur,5.1289079,52.0839138,0.5876915411607718,2.3136671149013797,0.22444043798013977,-55.598047993932795,269.6496100775431,1,weakly supported
BS030060,Damwand,5.1095156,52.126446,-0.5661539927598116,2.20213170354624,0.30697956130039,-3.513778201725909,661.0371237607117,0,no support
KM100031,Damwand,5.0244663,52.0995992,-0.3690536471839334,1.568434953555314,0.3305594407403928,-2.0555401469479766,523.8914817347958,0,no support
BS050141,Beschoeiing,5.1383105,52.0951482,0.4195952689665324,1.466099734082791,0.32172287827568324,-4.872426718179822,335.90667610645573,2,weakly supported
BS050132,Damwand,5.1492526,52.0780008,0.4802779306299859,1.6782473753081601,0.1832620450083831,39.32693814685143,172.25857019855928,1,interpolated
WF060772,Muur,5.1219689,52.0874657,1.0467578947831548,3.127177315774602,0.38096603040575505,-57.59147036190816,400.0944430480667,0,weakly supported
KM050002,Kademuur,5.123359,52.0798794,0.44865177174654,1.9976510808774952,0.22593356805259796,-13.577448291623483,420.81998762595265,0,weakly supported
WF060902,Muur,5.1210037,52.0891393,1.407540608695451,3.45179626461932,0.456422548828168,-57.45697033802777,240.37393611716232,3,interpolated
WF060376,Muur,5.1240195,52.0896475,1.5235876492672447,3.4404863578159386,0.4733217858282293,-66.15045286141515,202.06575136823056,2,interpolated
BS030124,Beschoeiing,5.1114225,52.1079462,-0.304738106863144,1.9764290657935564,0.43167981205145095,-2.9416383490980675,191.3620854293303,1,interpolated
WF060694,Muur,5.1235385,52.0959679,0.5511373012495207,2.1546385095864227,0.468553057111852,45.343850774305515,351.92064921973247,1,weakly supported
BS030143,Beschoeiing,5.1060552,52.1083291,-0.24731216916827917,1.8173448522163418,0.4601330944232402,-3.0916836802614545,258.93362236474394,3,weakly supported
WF060478,Muur,5.1209965,52.0891221,1.4017804740440742,3.448019241835482,0.45531772194591036,-57.39356586069822,242.33192393563468,3,interpolated
WF060656,Muur,5.123168,52.0841621,0.6026464928342042,2.5663904259068397,0.20016959204862136,-27.300913604962016,144.8268405834513,1,interpolated
BS090041,Beschoeiing,5.044292,52.0957113,-0.249015131669687,1.734911934243557,0.24834101326893884,-5.29196247861396,257.93982954479196,2,weakly supported
WF060710,Muur,5.1235348,52.0954906,0.6791244255693799,2.5852446217070013,0.46169951124005265,36.2028356219755,371.1556147551781,1,weakly supported
WF060356,Muur,5.1254815,52.0878539,1.1119095380404036,2.843679974342753,0.3939050597801093,-102.17298347791828,344.59575440664406,1,weakly supported
WFM06304-X,Muur,5.118717,52.0918233,1.395618441500233,3.397293071303065,0.4927626589062951,-67.42268714914795,258.80147954993373,2,weakly supported
BS100418,Beschoeiing,5.0061218,52.0869445,-0.9297450480285288,1.3059427125663345,0.28532902245824737,-5.653733426615924,202.62647800050476,1,interpolated
BS050123,Beschoeiing,5.1523387,52.0797352,0.5162588777570093,1.7283590846613055,0.2003037364822094,55.76983050449201,233.08141857476954,2,interpolated
WF060138,Muur,5.1162042,52.0957939,0.44558824996677415,2.455773966615295,0.5129539429768967,-84.34362557038048,325.6233330804001,2,weakly supported
WFM06633-X,Muur,5.1212759,52.0893205,1.4841227514735857,3.497641172783788,0.4715487940805373,-58.62390648841191,214.90401665311344,3,interpolated
BS100115,Beschoeiing,5.0561685,52.029958,-0.5051596719305075,1.3624333606004488,0.4412852609006469,-11.0285911857299,416.1772809524975,0,weakly supported
KW090008,Muur,5.0746033,52.0966275,-1.3074438402779827,2.525014856074201,1.1406147919347982,-881.0175905994067,86.04297350626709,1,measured nearby
WF060442,Muur,5.1169805,52.0921768,0.9993730837947489,3.01076704163292,0.5100187746971516,-94.51962553538172,300.953005422617,3,weakly supported
BS090117,Beschoeiing,5.0713587,52.089295,-0.3143730402244936,1.86900399376809,0.5192629096089847,-97.41176875357687,485.8523198369636,0,weakly supported
BS100046,Beschoeiing,5.0042731,52.1177,-0.5362388698112457,1.5130611787754369,0.5291606655056617,-10.776849151995602,533.5309957203776,0,no support
BSA08005-00,Beschoeiing,5.1016686,52.0682577,0.11154359992312354,1.8647180728926225,0.3114051890975699,6.64149396171305,139.89788425291806,3,interpolated
BS010048,Damwand,5.1032557,52.090176,0.021180380496310013,2.2459404922153223,0.46086622361329577,-30.226624895697096,356.86737460522346,1,weakly supported
KM100036,Kademuur,5.0092311,52.0822007,-1.2759535155435413,1.031118416791159,0.25521199714538706,-1.332178977765979,181.52632460746665,5,interpolated
BS040082,Beschoeiing,5.1432116,52.1073152,0.054585007440601914,1.5601099448393028,0.23590683459364817,-10.023063267580262,297.9346173973751,1,weakly supported
BS030001,Beschoeiing,5.0813666,52.1240682,-0.6436665996460266,1.2358597762352317,0.15541385253256151,-18.916015916114365,241.45524743841855,1,interpolated
WF060774,Muur,5.1189636,52.0918419,1.437764247864289,3.435396051109956,0.49542474784163193,-65.79891949642085,243.3847989439507,2,interpolated
BS090111,Beschoeiing,5.0526261,52.0950904,-0.1422529024809762,1.8557412276844347,0.3020172508335502,-8.774585113460734,473.96223415843843,0,weakly supported
DW010048,Damwand,5.0578901,52.1168554,-0.7455684071897118,1.5862985568661678,0.23714712140551203,-4.746883531885937,944.0437095645559,0,no support
KW070015,Muur,5.1356651,52.0611078,0.2470919739861427,1.4242803112135731,0.26714712193167517,5.593832241845021,100.61769321909257,5,interpolated
WFM06157-X,Muur,5.1173756,52.0916109,1.1323253817893373,3.1900520556258223,0.4937075496388951,-80.08122257791666,343.1927945219289,3,weakly supported
WF060481,Muur,5.1212031,52.0894653,1.5177194375940621,3.5257299936682083,0.4775979750775847,-58.51269666884248,201.6905900202593,2,interpolated
KM090009,Damwand,5.0396406,52.0976927,-0.1859210817909588,1.7458546942637547,0.20819008973516315,-7.950829454612914,144.4583198243972,1,interpolated
BS040047,Beschoeiing,5.1440222,52.1061994,0.06521485973604094,1.563540483631498,0.24749536852861584,-8.496946165154142,347.92832362550035,1,weakly supported
WF060237,Muur,5.124041,52.0923333,1.5384725849245708,3.3910532481144045,0.46941444684867406,-51.00120302148639,176.54708192289507,3,interpolated
BS020054,Beschoeiing,5.0790849,52.1191703,-0.31307597611883564,1.6979808516804455,0.22140697084708494,-83.18903292220624,215.70102619594044,1,interpolated
WF060524,Muur,5.1215296,52.0877582,1.0801230022388622,3.1936804429829806,0.38725858548515285,-55.591296949402704,369.9004775660362,3,weakly supported
WF060511,Muur,5.1214727,52.0887094,1.3373486634221088,3.4024994023042696,0.43765716262243126,-58.89758144542313,276.6066475252965,3,weakly supported
BS080039,Beschoeiing,5.1013168,52.0724114,-0.12969276082341227,1.8177652783626894,0.5165027055548892,107.1412268674293,122.49707771677325,4,interpolated
KW090011,Muur,5.0658375,52.0948717,-0.36652127264784623,1.6794740341869694,0.543751406313191,-81.46087232868942,55.00447126681389,3,measured nearby
KM060039,Kademuur,5.1254854,52.087785,1.1037347752220195,2.835540250888712,0.3915643262177708,-102.39681040460519,345.1873182017973,1,weakly supported
KM040011,Kademuur,5.1174531,52.0970648,0.28494879437472265,2.37244655384001,0.44509652072150147,-43.06375028149037,258.76018076069505,2,weakly supported
WF060311,Muur,5.1239839,52.0892789,1.4530548121390978,3.3621023610553378,0.4582827665425183,-69.10338306417799,235.69725717946196,2,interpolated
WF060483,Muur,5.1212294,52.0894191,1.5074043734906597,3.517019650885047,0.4757425531098051,-58.553367528371076,205.77442748651413,2,interpolated
WF060276,Muur,5.1242134,52.0901646,1.5785345540330702,3.4744177152873834,0.488968429936122,-63.21988255320588,168.18742968976787,2,interpolated
WF060646,Muur,5.1230454,52.0845467,0.6281313796932259,2.6894193786798324,0.2198508414377166,-30.948176507135877,176.1611267477787,1,interpolated
BS040154,Damwand,5.1227545,52.0987724,0.11506111779459238,2.0893862401197447,0.39368057592560746,19.334420054934064,221.63375356369536,2,interpolated
KWMZ02002-00,Muur,5.104954,52.1002658,0.040871607829232125,1.7542022154421408,0.30643991763829675,-14.28758428655938,147.42989009836583,1,interpolated
WF060705,Muur,5.1237549,52.0965864,0.24979380143295607,2.3444249147305403,0.4085653461310062,62.57647298423531,323.5430572759385,3,weakly supported
WF060474,Muur,5.1210563,52.0896543,1.5543918083497474,3.557654204724718,0.4841523890011368,-58.29784710233305,186.9462352276051,2,interpolated
BSH03006,Beschoeiing,5.078894,52.127215,-0.6714654960818626,1.0824734132996408,0.163840847654892,-13.44193944575834,189.83294849946586,1,interpolated
WF060775,Muur,5.1241714,52.0893124,1.4417931151205192,3.340656901579961,0.45669888711768153,-70.12529894736637,238.92135751950423,2,interpolated
WFM06373-X,Muur,5.1234596,52.0946363,0.9164140050938273,2.801777152968094,0.4619985531702671,10.837585107159446,395.9732544410525,2,weakly supported
WF060582,Muur,5.1221087,52.0859026,0.7886840694499503,2.851559869450684,0.3200365798059241,-46.458388336830275,330.59873839783774,2,weakly supported
WF060521,Muur,5.1216457,52.0883027,1.2329954825606029,3.3111057951615823,0.4173301742198662,-58.77243275536999,318.94248956128484,3,weakly supported
WF060353,Muur,5.1248527,52.0882328,1.1958480712498396,3.006160298305231,0.40729776987493177,-88.55487597259422,366.2288323188837,3,weakly supported
WF060457,Muur,5.1178216,52.0915715,1.2198625968994128,3.278452151348203,0.49395445872888283,-74.8708039896421,312.3784708602995,3,weakly supported
KWN02001,Muur,5.0716886,52.121701,-0.5187985450221633,1.2432163332440649,0.23195941441857543,-43.99063896631955,640.9763813244766,0,no support
WF060332,Muur,5.1247602,52.0885644,1.2533212315380975,3.0809035521564256,0.41987190172126077,-84.21151741937705,330.93474141183776,3,weakly supported
WF060159,Muur,5.116747,52.0947127,0.6457701490372393,2.552131287317222,0.5390182067506496,-104.03489893000939,277.3007337064423,1,weakly supported
BS030120,Beschoeiing,5.0881106,52.122432,-0.5990732025532497,2.077087061000047,0.18944461664312817,-11.911477171731596,393.8378403546607,1,weakly supported
BS100267,Beschoeiing,5.0282884,52.0761249,-1.2643609776594276,1.114608482218013,0.21913647422594296,6.372047666333506,59.79340701949165,7,measured nearby
WF060667,Muur,5.1226208,52.0830288,0.5016383531881817,2.503011617073695,0.18982472917336377,-15.440339771436312,172.90567897222198,1,interpolated
KM060049,Kademuur,5.1163425,52.0955501,0.4934540402020578,2.475505725525829,0.5194215803013003,-89.52532786012421,311.720361444851,2,weakly supported
BS100158,Beschoeiing,5.0178996,52.0844627,-0.8638420001027928,1.6100543464151964,0.2599704456907146,22.177159445749794,223.31710563569573,7,interpolated
BS090095,Beschoeiing,5.0871958,52.0685996,-0.24519181480518856,1.2562299052055965,0.1809003332763764,-8.57753071727153,227.2531201147096,3,interpolated
WF060430,Muur,5.1166345,52.0921035,0.9464837572629199,2.9502558330357127,0.5120936709613538,-99.30813938879042,285.1918216827721,1,weakly supported
WF060323,Muur,5.1244325,52.0888976,1.3378222852416013,3.2051594383625277,0.4359195934763566,-76.70922270071145,287.66492801864115,2,weakly supported
WFM06116-X,Muur,5.1238589,52.096858,0.4212681071718362,2.13718256002121,0.44702479545619617,53.38723662456546,314.63649424583286,3,weakly supported
WF060347,Muur,5.1252837,52.0880394,1.1441018695366654,2.901743677082048,0.3997323965203472,-97.36768600906073,356.65221814206376,3,weakly supported
BS050197,Beschoeiing,5.1453812,52.0770783,0.4872729943688802,1.6086864044505553,0.1773425632079482,17.938081436500994,319.6739330873116,2,weakly supported
WFM06799-X,Muur,5.1259358,52.0874161,1.048817161460263,2.7288202213947677,0.381585064210817,-111.74951265023618,322.7250783066418,1,weakly supported
WF060420,Muur,5.1201968,52.0907092,1.625242460064962,3.6221238308207457,0.5054794974570963,-58.053339079582884,153.9154325844383,2,interpolated
BS040176,Beschoeiing,5.1455246,52.1142502,-0.02302704949531376,1.6782342429560886,0.19543076900259135,-49.366030513068004,507.5285744455492,0,no support
WF060150,Muur,5.1164324,52.0949775,0.5872094805766431,2.50671154361826,0.5370601521786434,-103.35911936024317,274.6106488341368,1,weakly supported
BS040061,Kademuur,5.1274629,52.0995177,0.1713354859232726,2.1352030816411283,0.45661625197486805,74.54529100666258,299.3950791646685,4,weakly supported
KW040017,Muur,5.1299063,52.107814,-0.18479944487774985,1.4278900410497495,0.33656879239502024,-0.9638396268313484,308.0852350450934,1,weakly supported
WF060543,Muur,5.1218878,52.087725,1.1006840630401322,3.1823864121024164,0.39167369082303777,-58.261251901397436,380.87653661419904,3,weakly supported
WF060301,Muur,5.1267334,52.0860135,0.8756449312863023,2.552080256550563,0.33184074132686636,-94.87314803804438,300.3468744581011,2,weakly supported
WF060358,Muur,5.1239958,52.0897308,1.5422094979941015,3.4624661599714956,0.4771427905072563,-65.3659670430697,193.5789139735144,2,interpolated
KW040024,Muur,5.1259825,52.1051188,-0.16873243870442026,1.4574082199484522,0.32226104794514665,-4.879022783115537,264.99529539876295,1,weakly supported
WF060659,Muur,5.1232092,52.0840099,0.52692948271806,2.5560463958921784,0.17620289806983983,-23.109119859952735,134.77904371176692,1,interpolated
WF060558,Muur,5.1220124,52.0873553,1.0257628544970208,3.1040486069098856,0.37668560509972804,-57.32261717353565,403.81549574994466,0,weakly supported
KW040010,Muur,5.1275501,52.0987504,0.21913294273444983,2.1325823190924456,0.46043288766037976,92.38097842212913,215.4317401106568,3,interpolated
BS050052,Beschoeiing,5.1702281,52.0824091,0.5184652215232364,1.75783294900828,0.3249899977444522,-9.871179560744235,447.33915034631514,0,weakly supported
BS040162,Beschoeiing,5.134663,52.1083499,-0.0696427479240446,1.6128336866575315,0.28631033184490784,-14.463648897470584,495.93673813575634,0,weakly supported
WF060241,Muur,5.1250392,52.0921466,1.3975795197222411,3.1459178155937573,0.44117233119339505,-58.436223746079804,216.09696321812407,3,interpolated
WF060217,Muur,5.1231282,52.0929823,1.49718877957813,3.320315776975731,0.45687987775423095,-50.100928261532346,211.6799596703972,2,interpolated
KM100047,Damwand,5.0059924,52.0828262,-1.3116550851321918,0.9830093909836259,0.2448731249101401,-1.9309185988687654,148.10322507185109,5,interpolated
BS070003,Beschoeiing,5.1287589,52.0669951,0.5496971693227589,1.1636214050301141,0.3854862327292551,-5.024130468220648,86.2359361195315,3,measured nearby
BS040103,Damwand,5.1447036,52.1072428,0.054842558043426894,1.5348121815554776,0.21258329549567304,-11.763685683953984,226.87036072099892,1,interpolated
WF060476,Muur,5.1211286,52.0895914,1.5446687447815555,3.548432348698054,0.48246890592175806,-58.41232072619741,190.97202258266873,2,interpolated
WFM06370-X,Muur,5.1234179,52.0944724,0.9653805286233326,2.8556010568267287,0.4646270154215357,5.452651353647139,377.5431543252865,2,weakly supported
BS030021,Damwand,5.1030247,52.1291555,-0.8268992617894276,1.8963143739386763,0.225686422982664,-0.24340202541489267,747.1146792396872,0,no support
BS100384,Beschoeiing,5.0056789,52.0811053,-1.3704064360492605,0.8649765688518524,0.2133332267334063,-1.9266026420463909,73.22025255638755,4,measured nearby
WF060025,Muur,5.1212554,52.0884842,1.2492741322479033,3.3490319632525978,0.4194716908716267,-56.903091406785485,304.36322313293607,3,weakly supported
KM060043,Kademuur,5.1240371,52.0895854,1.5095790436792826,3.4238970290472133,0.47044511044082393,-66.76332154570433,208.44209944953425,2,interpolated
BS080033,Beschoeiing,5.1019387,52.0696298,0.052843813634022886,1.82937486678636,0.3995324862467885,7.362358826586687,242.00433713985748,5,interpolated
WF060448,Muur,5.117192,52.0919016,1.0823506676890675,3.11102592909334,0.5037033662971838,-87.16738110143098,329.36687970328313,3,weakly supported
BS090058,Beschoeiing,5.0472143,52.1069356,-0.8230490290095356,1.0466935988011885,0.2906757783559098,-3.7752489969433927,260.3802976326853,1,weakly supported
KM060046,Damwand,5.1146068,52.0967606,0.16612601490127776,2.2419120265688126,0.5014000216927219,-71.60865113138222,196.08840699617474,3,interpolated
WF060661,Muur,5.1226893,52.0833243,0.5018536089550485,2.5220925429350283,0.18418515842650104,-15.240793031085975,160.72661774362277,1,interpolated
BS040144,Beschoeiing,5.1523602,52.1004538,0.2931659809141176,1.2155453388188213,0.1754177495863665,4.279605679319349,266.714913910074,1,weakly supported
BS040019,Damwand,5.1201519,52.0991708,0.06355404741560178,2.1286591219637385,0.3532473987142455,-2.4181561663150193,88.7048499624399,2,measured nearby
WF060396,Muur,5.1210134,52.0897057,1.5633210365633095,3.5654216772759506,0.4857556786872368,-58.247036091694824,183.35019323371148,2,interpolated
WF060254,Muur,5.1259962,52.0916061,1.17317009139044,2.855189124608722,0.3989532373756668,-56.9538590160389,245.7111831043422,3,interpolated
BS050171,Beschoeiing,5.1557131,52.0822001,0.5152183592516605,1.724812488505689,0.2814407420104892,27.71143470463257,343.16068646484075,1,weakly supported
WF060507,Muur,5.1214476,52.088768,1.3528328451649476,3.415488070772392,0.44069560468167607,-58.906499301720025,270.62253067348104,3,weakly supported
BS010036,Beschoeiing,5.0935051,52.0872001,0.23660967240901964,1.777475126770024,0.22700517847026938,-4.0695890371043415,266.6849729970749,2,weakly supported
BS040097,Damwand,5.1130199,52.0994383,-0.0023806378415523826,2.143505145989679,0.45185641313704167,-47.54482923779526,203.03748848605693,1,interpolated
BS010026,Beschoeiing,5.093012,52.0873804,0.25396737868782615,1.7993478060715948,0.2179932430884426,-5.80731392536752,305.08060071099334,2,weakly supported
WF060225,Muur,5.1232828,52.093851,1.1663673595762813,3.0740159991599363,0.4763904208253986,-14.074136597600953,308.04890301915196,2,weakly supported
BS040100,Kademuur,5.1135261,52.0990259,0.0034708869561643012,2.205193770625898,0.4684417111308791,-50.0506129285469,175.291512427622,2,interpolated
WF060781,Muur,5.1259367,52.087416,1.0487775621833728,2.728652694713561,0.381588602718404,-111.77139975206515,322.6678044028826,1,weakly supported
KM040009,Kademuur,5.1152794,52.099347,-0.0106250047206676,2.1004267007970228,0.39387572271479826,-21.77717547682965,245.1491792375734,2,interpolated
WF060560,Muur,5.1218131,52.0868279,0.9121436116426597,3.0074951534820316,0.354504331863397,-52.217962578285594,399.11774088102624,1,weakly supported
WF060040,Muur,5.122484,52.0850034,0.6881681835715316,2.7401438523805375,0.26789029853817126,-37.87233748245135,238.63619372462932,2,interpolated
BS100335,Beschoeiing,5.0303658,52.0964583,-0.2635408964696849,1.4800446290111322,0.31308461859961817,3.57142220582357,244.85454647279795,1,interpolated
WF060692,Muur,5.1236886,52.0960854,0.5246433455766144,2.1499456039171307,0.4640183202944559,48.66314356439324,338.4186932756527,3,weakly supported
WFM06221,Muur,5.1230759,52.0935305,1.2908312099553145,3.2085662522671567,0.4852931422132963,-24.304672190482876,270.32705046535426,2,weakly supported
BS090119,Damwand,5.0531489,52.0825216,-0.24036254722404812,1.4108097260730343,0.409493182538105,2.8601944650817495,304.7718248226323,2,weakly supported
WF060456,Muur,5.1177131,52.0917711,1.1906180974577723,3.2348950785570865,0.49898450375298437,-78.5531634975165,323.7735813751478,3,weakly supported
WF060321,Muur,5.1243414,52.0890068,1.3663280612936006,3.2441633825297926,0.4415005192403833,-74.65056599955246,274.04074582211734,2,weakly supported
WF060782,Muur,5.1170022,52.0923599,0.9814040274850733,2.977996413154865,0.5146994124878812,-97.0442305616643,292.61424008288355,3,weakly supported
BS050084,Beschoeiing,5.1707636,52.0855267,0.5397898592426624,1.6979106205908558,0.3611675466335167,-14.026068375744579,401.593043587097,0,weakly supported
BS070024,Damwand,5.1143191,52.0643383,0.5164607243868581,1.1732795824694309,0.5192965692437966,-8.727921357283199,98.74659092350676,5,measured nearby
KWN09008-00,Muur,5.0229585,52.1025777,-0.34134480579314597,1.3441004217144314,0.4245136744065899,-1.1824429234489058,472.8455067153125,0,weakly supported
BS100111,Damwand,5.0546083,52.0304626,-0.5068646019030381,1.432176543449012,0.4620522636908509,-12.27140247022669,487.2999388679143,0,weakly supported
BS100385,Beschoeiing,5.0045944,52.0820452,-1.3350487008680099,0.8294917114311964,0.18824879041800108,-3.845890558618325,66.01211647004781,4,measured nearby
BS050100,Beschoeiing,5.1556803,52.0891913,0.4527872785975685,1.6835307989928159,0.375468509610075,-14.842195383925525,291.19774746664604,1,weakly supported
BS090016,Beschoeiing,5.0334137,52.1020071,-0.42949094942398636,1.3283827854319732,0.3134481223864369,-6.403382427193723,299.23185287979726,1,weakly supported
WF060697,Muur,5.1238291,52.0965121,0.2535915965587548,2.347773731407907,0.4087665589431368,63.960178092919314,319.4859286643749,3,weakly supported
WF060462,Muur,5.1181017,52.0915603,1.2907998565706023,3.3155065199705627,0.4827832107485267,-70.08050491083853,293.26068093138093,2,weakly supported
WF060369,Muur,5.1256096,52.0874912,1.0652765108321935,2.7875245640937845,0.38142522961682446,-104.62652227568569,342.39876888041266,1,weakly supported
WF060573,Muur,5.1220179,52.0861575,0.8195349691924939,2.890692874065212,0.3308140414448855,-48.29428646153598,357.16647023703007,2,weakly supported
KW080012,Muur,5.1008164,52.0721084,-0.12442620122396215,1.8226305357429116,0.5076339141799248,66.477111978489,154.8823486457871,5,interpolated
BS050051,Beschoeiing,5.1298172,52.0839225,0.6111204738376483,2.2391407567226254,0.2456545663280945,-67.30801221745934,331.3220279130003,1,weakly supported
KWM10001,Muur,5.0176253,52.0833155,-0.863400160610741,1.6086846370015784,0.25980725299623564,22.032332019287164,311.8857376567321,8,weakly supported
KM090016,Damwand,5.0590506,52.0906903,-0.11337875531176539,1.8204923398833843,0.3849846590251285,-5.906794573144104,393.186363927447,2,weakly supported
BS040005,Beschoeiing,5.1301749,52.1072396,-0.16670493348788526,1.438685908510253,0.3368759762574932,-2.0718037423863302,325.2993437853758,1,weakly supported
WF060032,Muur,5.1223415,52.0862855,0.8501527715841937,2.904381859317346,0.33385240596606913,-51.54668249793778,357.0799472571462,1,weakly supported
BS090039,Beschoeiing,5.0435673,52.0963716,-0.2063699221859983,1.7541357938612265,0.22405705751000604,-6.632413321823651,171.20458772616465,2,interpolated
KM020002,Kademuur,5.1139331,52.098246,-0.021510318746532208,2.25094416867307,0.4820623477746298,-56.417853384514125,135.71437578226497,2,interpolated
WF060187,Muur,5.1163933,52.094145,0.691153378853764,2.596629344253358,0.5450213492763504,-119.97132466163362,230.4564113874413,1,interpolated
WF060117,Muur,5.1166191,52.0955595,0.5060556122307328,2.491827544494128,0.5149058092053048,-86.13567419398632,325.877034925798,2,weakly supported
WF060034,Muur,5.122386,52.0862293,0.8430688773791807,2.894558013917594,0.3311268272905172,-51.27598168091875,350.1506292533322,1,weakly supported
WF060232,Muur,5.1221235,52.0938586,1.2633509147615116,3.18097190080884,0.4860316597043269,-21.19363427833945,302.3443409927051,2,weakly supported
KW060007,Muur,5.11656,52.0895089,0.7435484543628564,3.2418079435816924,0.3227617526582375,-44.90732467943064,210.83657939954998,1,interpolated
BS100428,Beschoeiing,5.0280196,52.0761432,-1.2706867124491752,1.111334082654931,0.2084511311932027,6.274266292420144,64.76735025322198,7,measured nearby
KM060019,Kademuur,5.110973,52.085925,0.16816446660187118,2.320050087089207,0.22666766757185566,-23.288176822157332,176.699170599944,4,interpolated
BS100436,Beschoeiing,5.0252863,52.0891018,-0.7161522764925008,1.396191756518197,0.29768055071253474,4.003944325174746,350.8787110836581,2,weakly supported
WF060272,Muur,5.1245704,52.0902718,1.5333978621083746,3.4101996620645365,0.48086455188196847,-64.00215000248079,180.87434192282603,3,interpolated
BS070050,Damwand,5.1199605,52.0741553,0.3092355247530047,1.589504203053837,0.2580969307399534,114.00320029004158,300.8625406589574,5,weakly supported
WF060518,Muur,5.1214645,52.0879197,1.1141061675287827,3.2279115751278264,0.39363232179153707,-55.890157025981125,362.9224052070651,3,weakly supported
WF060903,Kademuur,5.1229518,52.0937761,1.2244658600897498,3.1373916142554608,0.48128900734370783,-18.671517695874044,295.84922176806174,2,weakly supported
BS070010,Beschoeiing,5.1256444,52.0579984,0.38914336129897076,1.2246231030893673,0.3415733992683882,-23.116157322730714,337.6479103083678,1,weakly supported
BS060011,Damwand,5.1288404,52.0894401,0.9156817577576348,2.2160939813763867,0.3989103429730151,-148.36083839710432,181.20766633102707,2,interpolated
KM060029,Kademuur,5.1146074,52.0900476,0.6937960103193038,3.089999179184229,0.4280458316913227,-64.49830481739218,287.9699825484733,2,weakly supported
WF060268,Muur,5.1256011,52.0906445,1.3407943038518666,3.0637798317025853,0.43816019285893143,-66.17771590945495,230.1207340910922,3,interpolated
BS090214,Damwand,5.0387823,52.0953263,-0.19776007356623712,1.7287512998016403,0.25933151451608755,-6.505878321163674,304.28848698426026,1,weakly supported
BS050138,Damwand,5.1707651,52.0840007,0.5342547528954528,1.71756622785354,0.36269606310795804,-13.608216214854485,468.5420505814496,0,weakly supported
BS030064,Damwand,5.1082044,52.1269705,-0.5757652959395236,2.2080875344985293,0.30692057943250645,-3.1790996609300874,642.2655861255847,0,no support
KM060034,Kademuur,5.1266034,52.0864094,0.9320013165382307,2.5488045905090866,0.3582756557985233,-106.58128057948475,330.04319883318993,2,weakly supported
DW010003,Damwand,5.0747754,52.1062702,-0.4296345049955454,1.864747696260907,0.3856826028830455,-17.783284592772763,596.1929709123875,0,no support
DW080001,Damwand,5.1168642,52.0804786,0.5378599971924012,1.7580843150057752,0.32632385238816114,-20.78106389478029,201.0308877823918,3,interpolated
BS020030,Kademuur,5.1068278,52.1068009,-0.3146494743130108,1.9401477221456447,0.47767081427430497,0.28876061993925684,228.5851609842357,4,interpolated
WF060550,Muur,5.1217425,52.0871156,0.9593929911469332,3.0624483337285167,0.36418357799685097,-53.613465025924526,388.4309531705141,1,weakly supported
WF060490,Muur,5.1211563,52.0888001,1.334448481930674,3.416796197923373,0.4362377043080786,-57.47653636890807,272.36354443444657,3,weakly supported
BS040040,Beschoeiing,5.1444672,52.1117195,-0.0013353837092388002,1.6167802490171954,0.18607547520307882,-32.25870700796735,361.14210726829964,1,weakly supported
BS070097,Beschoeiing,5.1147869,52.0650767,0.5237941995431324,1.2003557197568513,0.5135147805285348,-0.01568728357912111,111.00440613341935,4,interpolated
WFM06221-X,Muur,5.1230308,52.0933461,1.3544189813883567,3.277073639884751,0.4899736611373108,-29.223549855402055,249.61754207733404,2,interpolated
BS010009,Damwand,5.0435907,52.1196174,-1.0398215522735015,2.1263301059459137,0.1306853049629199,-9.643575003274437,82.112479064643,1,measured nearby
WF060787,Muur,5.1218413,52.0878321,1.123392949818478,3.205891160739252,0.3961070207725781,-58.38440136339986,369.2909869509292,3,weakly supported
KWMZ02002-01,Muur,5.1055928,52.1012648,-0.06684527627169792,1.8162254236248212,0.3596007827359624,-5.3102985412473425,214.09020417598464,1,interpolated
WF060041,Muur,5.1232117,52.0839225,0.5260604695475471,2.5581191216602996,0.17403181266262135,-22.562841078485057,131.04936849513015,1,interpolated
WF060688,Muur,5.1234906,52.0957479,0.6314835624729798,2.5344030974580143,0.4573563390518014,40.71708931201087,362.90045316270937,1,weakly supported
KM060003,Damwand,5.1101944,52.0946433,0.2736271937441274,2.177391721960007,0.5117703082931416,-128.01268975069428,238.11410980696297,2,interpolated
DW010049,Damwand,5.0605589,52.1160334,-0.6216768421998861,1.6475960728894887,0.22623495571318822,-30.43943708015803,1145.6451231754393,0,no support
KW070024,Muur,5.1266106,52.0596524,0.35158070985990725,1.2993817269981454,0.3574027387097267,-5.38628519415422,276.58757070306075,2,weakly supported
WF060378,Muur,5.1259952,52.0870319,1.0050621751360853,2.7038921351530925,0.3654240484138778,-108.63719854191133,332.53129561374686,2,weakly supported
WF060314,Muur,5.1274928,52.084874,0.7306518061317576,2.394346477926358,0.2546309427294245,-63.71909932058284,226.1222730081394,1,interpolated
WF060275,Muur,5.123594,52.0924805,1.5701765689555924,3.4319831212205223,0.47601532897503024,-51.96122000042656,171.96013140313568,2,interpolated
BS030091,Beschoeiing,5.1096704,52.1117224,-0.2826962470981999,1.8989008505147014,0.3599823979186828,-2.084375537952718,549.3415803559433,0,no support
WF060425,Muur,5.1202195,52.0906455,1.6221401712377732,3.62069739388578,0.504746940591313,-57.918462475773474,154.81717613588722,2,interpolated
KWM02004,Muur,5.0774234,52.119024,-0.3419758157351591,1.644144503943856,0.22429361293389805,-77.08302730433199,278.19528050973344,1,weakly supported
BS060006,Damwand,5.1221668,52.0970556,0.19031369987115726,2.3539858143437113,0.39631249511848704,37.99370863151714,330.79181183079714,1,weakly supported
BS090162,Beschoeiing,5.0326883,52.0982978,-0.31571787919867883,1.4729296548481758,0.30075288914619913,-2.080274293012218,497.141719257762,0,weakly supported
BS030131,Beschoeiing,5.0965186,52.1296534,-0.891572140021321,1.8245637945357915,0.18798916186947057,0.12354062224003182,697.3448733610934,0,no support
BS040157,Kademuur,5.1262988,52.0954434,0.473605308927707,2.04830540264834,0.4231376897121181,68.93663159190645,218.69017762731553,3,interpolated
WF060441,Muur,5.1169803,52.0922356,0.9925085966855698,2.9986537288597583,0.5116725885942698,-95.47320998346497,297.723497903521,3,weakly supported
BS010003,Beschoeiing,5.0424008,52.1188016,-1.0389328762266292,2.0233797207423665,0.15618694814133396,-9.461570797940688,164.20271638807753,1,interpolated
WF060397,Muur,5.1214987,52.0878393,1.0971172654042427,3.2108278494875724,0.3904486874460748,-55.75878134722362,368.2454057560045,3,weakly supported
BS040054,Beschoeiing,5.1459392,52.1143028,-0.02174043294903675,1.6778399616244424,0.1959830469170979,-47.37772562059377,532.044442648852,0,no support
BS020029,Damwand,5.1049508,52.1089291,-0.19779603193832626,1.7258308812977847,0.46297477275226856,-6.437953537823532,190.28275756326303,2,interpolated
BS100332,Beschoeiing,5.0170663,52.1004278,-0.3937584013926309,1.4057390949562212,0.35805845610687853,-3.862378721427804,590.109571873349,0,no support
WF060482,Muur,5.1210441,52.0890387,1.382357878307273,3.4320842662067155,0.45188821872988094,-57.41677153551816,249.7683707950572,3,interpolated
BS070107,Beschoeiing,5.1185686,52.0607559,0.263873559501305,1.1559584275494545,0.36504578139900346,-63.84863078871992,156.26799719171785,6,interpolated
BS040108,Damwand,5.1464544,52.1075382,0.04884230186434475,1.516063460861156,0.19006780202356963,-13.663895170345743,143.81090607588916,1,interpolated
WF060641,Muur,5.1227448,52.0840305,0.5255485039270363,2.536473073866955,0.1998943966043037,-25.867448103308238,165.16054134233568,1,interpolated
WF060224,Muur,5.12321,52.0936465,1.23955593371471,3.1530715820587507,0.48133071919538745,-20.28424881578215,284.7919379497417,2,weakly supported
BS090104,Beschoeiing,5.0866683,52.066344,-0.19025838422200197,1.3569118389992836,0.20773574532806033,-8.775047220767407,465.68718329651057,0,weakly supported
WF060304,Muur,5.1241395,52.0893704,1.4564685690767682,3.358994499628128,0.459660885061742,-69.34146404380175,232.29661579646339,2,interpolated
WF06,Muur,5.1213174,52.0884396,1.242441563884551,3.3399604092031976,0.41830429439064815,-57.120099002304634,308.1910496971437,3,weakly supported
BS100273,Beschoeiing,5.0470862,52.0832014,-0.3794536404603778,1.271842336478917,0.42755023879476606,-0.8701386932976654,341.45461762786744,1,weakly supported
BS050050,Beschoeiing,5.1300424,52.0840021,0.6209363206973456,2.222110823017819,0.2528391193839857,-71.97665753604724,347.82889889947467,1,weakly supported
DW060001,Damwand,5.1245187,52.0974414,0.24730395590761367,2.0771405563763037,0.41380585401764514,66.24129811320675,276.26215620065443,4,weakly supported
BS030111,Beschoeiing,5.1180876,52.1155078,-0.3186263715245371,1.9907710046669453,0.2947231463807201,1.3347895673873797,325.05031353307373,4,weakly supported
WFM06753-X,Muur,5.1250689,52.0904373,1.4471188637000674,3.290094394239598,0.46509861381469414,-64.88550341534558,202.69999747583168,3,interpolated
KM090024,Damwand,5.0605899,52.098774,-0.20709269124271362,1.7711100325611615,0.2515426725755445,-25.787434850787594,130.5245974506856,2,interpolated
BS070011,Beschoeiing,5.1214132,52.0580951,0.30623072465477263,1.256226373460955,0.30252072856140044,-14.233813969882535,139.21637236113352,1,interpolated
BS020059,Beschoeiing,5.0825917,52.1188479,-0.3378563961069189,1.7624928661365056,0.23014006267699008,-70.10248832436966,203.86825308563607,3,interpolated
BS100222,Beschoeiing,5.0186115,52.1206195,-1.2713156962593897,0.5924716659737078,0.46992488224861484,-19.1092289647916,182.7677314812435,1,interpolated
BS090097,Beschoeiing,5.0873275,52.0683721,-0.219239352052518,1.2884738287917157,0.18878131038699925,-8.631247144578408,254.09185443720872,4,weakly supported
WF060004,Muur,5.116883,52.0935713,0.8075027312747493,2.739276994094128,0.5354711297682277,-111.59157136672752,253.7700532429704,1,weakly supported
BS030160,Beschoeiing,5.0997738,52.1133945,-0.2986789373295339,1.9013294568654528,0.38510081881188063,-2.0614136626738278,574.5116682411935,0,no support
BS040151,Damwand,5.1455158,52.1128004,-0.005076548993805238,1.6139706134797878,0.1925979583039235,-37.492472730277186,452.20260246338023,0,weakly supported
WF060607,Muur,5.1225282,52.0856983,0.7707594613490663,2.815915362763593,0.304091428074239,-46.16077850891727,295.3464505083528,1,weakly supported
BS090215,Damwand,5.0420972,52.0972327,-0.13148658391154072,1.7944807400253944,0.1862394410097652,-8.958296531207036,32.81516065868683,1,measured nearby
WF060673,Muur,5.1225657,52.0826151,0.5010838176056783,2.4681908393809153,0.199565625250099,-15.787778870172026,195.81475858238537,1,interpolated
WF060645,Muur,5.1227527,52.083938,0.5249368302661699,2.537972647105122,0.19741968137440033,-25.330298201528457,161.43994418682163,1,interpolated
BS030042,Damwand,5.11859,52.1223088,-0.3954097916029244,2.0865059148652856,0.2771836723625223,-6.248739475553096,391.8613092021289,1,weakly supported
BS020039,Damwand,5.1076139,52.1062148,-0.34048633097248293,1.9857362841144548,0.4936897813890601,1.1440435776379227,158.81927855638438,2,interpolated
WF060263,Muur,5.1261429,52.0910331,1.1648925989351975,2.839069354725684,0.4011730240951745,-61.40552371418059,244.36189652444213,3,interpolated
KM100030,Kademuur,5.0074019,52.0823139,-1.369651164649922,0.9574859238185476,0.2497032895306342,0.375969522025165,91.85210250910941,4,measured nearby
BS050180,Kademuur,5.1411382,52.0885156,0.5307680377042377,1.6164804287124919,0.3411869991482667,-17.1191297349699,357.08415888490265,2,weakly supported
BS050036,Beschoeiing,5.1590604,52.0765772,0.5278231188033954,1.703239432060979,0.1862375853874715,51.152674429988004,191.29118942723133,2,interpolated
BS050242,Beschoeiing,5.1565758,52.0810384,0.5355918383534815,1.7263726922532239,0.2289698287909409,47.91634816204051,224.26687619818455,1,interpolated
WF060163,Muur,5.1167407,52.0944516,0.6929444448667309,2.6395546838233863,0.5328295713148256,-109.11552817952503,264.436782347881,1,weakly supported
KWN09005-21,Muur,5.068482,52.0909962,-0.30201045526692,1.9059312890885869,0.5010415716178881,-103.2101100403454,452.5646637543263,0,weakly supported
WF060555,Muur,5.1217787,52.0869711,0.9351076361669558,3.0345115678918013,0.35929474278075046,-52.94619235076494,393.5553233941069,1,weakly supported
WF060689,Muur,5.1236646,52.0960003,0.2575838434579025,2.4343625539770843,0.40611897946373104,62.3775220138333,342.6277491224909,1,weakly supported
BS090158,Beschoeiing,5.0496402,52.084113,-0.22805239873040709,1.2367771065655269,0.40140083135237614,-0.7644483176788639,294.4340246059188,2,weakly supported
BS030136,Beschoeiing,5.090997,52.118756,-0.4639143597894153,2.075697518678818,0.25371760545007055,-23.829019353648746,346.3213487369857,1,weakly supported
WF060228,Muur,5.1234405,52.0945629,0.9380795453109474,2.825633915611016,0.46315389250813765,8.420094570836625,387.7175884086589,2,weakly supported
BS040052,Beschoeiing,5.1468331,52.1141201,0.004674918227950984,1.6394319101784796,0.17151728421499318,-41.71971663890608,589.9047962054947,0,no support
BS090218,Damwand,5.0396944,52.0956658,-0.1802289035459726,1.7488203810848926,0.2395992570621407,-7.133471752977097,235.98051371657644,1,interpolated
BS100211,Beschoeiing,5.0036614,52.1039476,-0.37514448639952147,1.285164174587349,0.34592552474801364,9.232018862628365,297.3190354437838,3,weakly supported
BS050154,Beschoeiing,5.1380632,52.0841887,0.5411192706956363,1.7989117614766035,0.3481986825589781,-41.70800526256122,508.01539691432276,0,no support
WF060146,Muur,5.1164265,52.0951763,0.5575952795519745,2.4984450304037606,0.5308031705408007,-98.41900220091937,287.7571931753837,1,weakly supported
WF060408,Muur,5.1201658,52.0912179,1.6460391175626823,3.630660955677936,0.5104374180681611,-58.9481036324162,148.6015846047271,2,interpolated
KW080016,Muur,5.107859,52.0815113,0.2750603493900831,1.9381798361272173,0.18716799925395264,-22.195721908890235,263.4434292261024,4,weakly supported
KW050009,Muur,5.1483044,52.0908634,0.5281567099282065,1.5720746433391835,0.18847671276020433,4.9285967447190755,337.2225267992795,1,weakly supported
WF060273,Muur,5.1244389,52.0902326,1.5517406748956344,3.436130620584255,0.4841713192271078,-63.70539284253135,175.79612737773564,3,interpolated
BS050139,Damwand,5.1599014,52.0875696,0.45764239168882986,1.707748179187795,0.3797164508240971,-13.116490576119226,320.08422139963506,1,weakly supported
BS040148,Beschoeiing,5.1168123,52.0966001,0.3398909187317949,2.4165699223997414,0.4751244997435543,-59.180591822137266,323.701804847708,2,weakly supported
WF060792,Muur,5.1261398,52.087116,1.0136101925845764,2.684676079046402,0.3715568775307414,-113.43875578963801,319.87055027946684,1,weakly supported
BS080020,Beschoeiing,5.0992305,52.0786963,-0.06564151642442194,1.8926764743096918,0.24387792126797767,3.158026135310972,214.2664547582419,3,interpolated
BS030128,Beschoeiing,5.1124837,52.1082891,-0.28486107712222924,1.9308931858237242,0.4146315064334548,1.8701395387274393,261.8567567811478,1,weakly supported
WFM06389-X,Muur,5.124236,52.0922834,1.5442627114458194,3.355222683436445,0.4718467136679665,-59.26326382654389,181.72258855552096,3,interpolated
BS090192,Damwand,5.0835198,52.0662895,-0.30443766685737406,1.242694213913538,0.1991783442712767,-8.572513484641227,399.7940707038792,1,weakly supported
BS100433,Beschoeiing,5.027597,52.0881545,-0.6599393708756055,1.2480720213561254,0.3238294513272532,8.843627966419593,206.36046669722185,4,interpolated
WF060407,Muur,5.1201089,52.0912783,1.6380836556816352,3.6232336934824825,0.5097322975803387,-59.142769872617095,153.00755623729006,2,interpolated
KM060063,Kademuur,5.1206088,52.0901597,1.6031296632195575,3.611602233301897,0.49984314642495065,-56.810529492232284,160.72664510529404,2,interpolated
WFM06131-X,Muur,5.1237787,52.0967472,0.24685442433747662,2.326457735820779,0.4090118371161514,62.08453855088664,320.51474811275995,3,weakly supported
BS100265,Beschoeiing,5.0278491,52.0763518,-1.2784076731640042,1.0906543656070389,0.2011666727462599,6.451913979261948,54.977906999681075,7,measured nearby
WF060546,Muur,5.1217291,52.0872005,0.9748401901220966,3.079011491184961,0.3672028420642313,-54.04529959478192,386.2470213402264,1,weakly supported
WFM06623-X,Muur,5.1275628,52.084701,0.7109054809814181,2.4087940051987964,0.24466367943026884,-58.92404258245374,217.68323133547432,1,interpolated
BS020027,Damwand,5.1044412,52.1092473,-0.17569510053730847,1.6947526081566449,0.4661409103595327,-8.234630398992573,172.0693107248356,2,interpolated
WF060553,Muur,5.1219437,52.0875329,1.0599940112226671,3.1413793810005433,0.38362263100188015,-57.74866117299741,398.1027089343509,1,weakly supported
WF060587,Muur,5.1223156,52.0865363,0.8890287039594008,2.945811920085858,0.3445608882162813,-53.7225381022127,382.1351216105368,1,weakly supported
WFM06378,Muur,5.1235063,52.0951079,0.77044841314184,2.6856060591893756,0.46934626207690044,26.634023488837226,392.62347976005975,1,weakly supported
BS070106,Beschoeiing,5.112405,52.060493,0.3435616544136641,1.1296856565051772,0.37250396696732807,-44.394620119324735,265.3365601694354,4,weakly supported
WF060115,Muur,5.1165899,52.095626,0.49327898000269554,2.4857918616349406,0.5130626853051076,-84.76881455326232,329.6043892455794,2,weakly supported
BS040124,Beschoeiing,5.1428283,52.1084385,0.03387678805918897,1.5577044501532462,0.21494128851888852,-17.249237982073726,276.52804825790975,1,weakly supported
BS030125,Beschoeiing,5.0974131,52.1243437,-0.6300147562925985,2.28052162543198,0.240864527877303,-0.22695383118278464,277.07682189920075,3,weakly supported
DW040003,Damwand,5.1352079,52.0999545,0.16435457621521257,1.6884793547230141,0.4187122598656467,19.142222647208506,197.53423619296112,1,interpolated
WF060793,Muur,5.1250808,52.0904406,1.4446409927672674,3.2866766969173398,0.4646431950250264,-64.90664570776829,203.31150079823124,3,interpolated
KM040012,Kademuur,5.1151116,52.1001348,-0.02208796467403346,2.045187233521099,0.3971244074991782,-13.28076294607835,275.4123117554284,2,weakly supported
WF060577,Muur,5.1220571,52.0860573,0.8073575704917907,2.874865572931418,0.3267067521229231,-47.624582036382925,346.5403909699685,2,weakly supported
KW050006,Muur,5.1245174,52.0782433,0.2621164983453425,1.812039068891086,0.3041293063744541,-3.894773370979614,362.79454167860956,1,weakly supported
WFM06107-X,Muur,5.1237112,52.0961644,0.5113196623522636,2.148092402029586,0.46175131518968127,49.590851883663085,334.69315499489215,3,weakly supported
BS090160,Damwand,5.0534064,52.0846798,-0.23956199038282514,1.3760609391892733,0.439361779959875,2.0637121015601156,197.2695875885374,5,interpolated
BSH09015-02,Beschoeiing,5.0596531,52.0850797,-0.16433396194322325,1.4170194534700773,0.5331505776187206,5.318435830641425,111.43476339763515,4,interpolated
WF060011,Muur,5.1167882,52.0924761,0.9286685187335361,2.904721024776981,0.5209645171453459,-102.97301391252567,273.7997282148629,1,weakly supported
KWN09005-05,Muur,5.0701959,52.0915983,-0.37649782630836337,1.9286282910853494,0.5494671496039101,-170.87487606282963,484.3826349395725,0,weakly supported
KM060040,Kademuur,5.1253814,52.0877806,1.1075328915333635,2.85297775424636,0.39099183710816915,-100.24339139842003,352.30604703732286,1,weakly supported
WF060292,Muur,5.1261525,52.0868262,0.9840886574640431,2.5916035549489,0.37685001392208395,-107.8758576169917,332.1983293916445,2,weakly supported
KM100032,Kademuur,5.0072621,52.0822249,-1.3850458339861373,0.9423220562976664,0.24851068913232344,0.8733807230751311,78.72507194440838,5,measured nearby
BS100148,Beschoeiing,5.0387792,52.0885915,-0.17084331484926318,1.4273645890504918,0.4079421001784085,-12.913158567302851,212.9841014177618,2,interpolated
BS020037,Damwand,5.108633,52.1052379,-0.34793431722721296,1.9895993907701486,0.532231123101986,5.9938702137159,91.78442663723415,2,measured nearby
KM060052,Kademuur,5.1170175,52.0929721,0.9036456966611707,2.861338407236267,0.5269927224293727,-104.87926067705892,270.2594065613818,1,weakly supported
DW010059,Damwand,5.0799211,52.0872136,-0.034743959292807054,1.9065964586007302,0.23679552984763907,-7.684765757081139,447.3869623235342,0,weakly supported
BS100407,Damwand,5.0375283,52.0877706,-0.07382601544201901,1.2358013335524671,0.4154861562604863,-22.56604451602673,94.58935081502823,3,measured nearby
WF060411,Muur,5.1202646,52.0910993,1.6580065648532014,3.6419930146745916,0.5114641553255131,-58.63980241789252,141.6775196839808,2,interpolated
BS010056,Beschoeiing,5.0383236,52.1198763,-1.1096893435750566,1.5095485973932754,0.28928318262706837,-5.101471268684683,438.7208674446619,0,weakly supported
WFM06622-X,Muur,5.1275277,52.0847864,0.7203069533409998,2.401965483588866,0.24941063285626602,-61.20433685210603,221.6423381731546,1,interpolated
WF060305,Muur,5.1270482,52.0855898,0.8186247571225963,2.552356852048538,0.30431059500083657,-83.88398619907392,268.16755722117125,2,weakly supported
KW060018,Muur,5.1250739,52.0819984,0.5045370795962876,2.4343639513731605,0.1718321755190362,-13.63363069846168,169.8260502159597,1,interpolated
WFM06674-X,Muur,5.1219666,52.0874716,1.0478938382736738,3.1284122437745987,0.3811951721048569,-57.60492383603577,399.9091316661669,1,weakly supported
KW040019,Muur,5.1300251,52.1075323,-0.17857423672280828,1.4410625243170685,0.3364596439853516,-1.009742355039483,314.01629276418714,1,weakly supported
WF060601,Muur,5.12232,52.0852953,0.7199181908105621,2.7723671900574365,0.28830886057148847,-40.994957946299095,269.5559048902182,2,weakly supported
WF060467,Muur,5.1183485,52.091553,1.3364352232573102,3.3577490899158007,0.4850649959480646,-68.01084639465195,276.4753328059245,2,weakly supported
WF060398,Muur,5.121619,52.0875313,1.035374362480176,3.1462002008236016,0.37884349635259207,-55.09833761783686,375.90494286747395,1,weakly supported
WF060339,Muur,5.1250273,52.0883128,1.1960772691002188,2.988675998018714,0.409401365670662,-90.71985337470925,364.29103120571784,3,weakly supported
WF060676,Muur,5.1225587,52.0824429,0.5007732050434786,2.4515007438267102,0.20383583519175863,-15.940054400984852,206.74553004432815,1,interpolated
WF060203,Muur,5.1170867,52.092657,0.9581435306812027,2.9373988770455988,0.5202265376919684,-99.722123356057,284.8784002490391,3,weakly supported
WF060244,Muur,5.1253558,52.0920764,1.3240265380831286,3.045380401916714,0.4262755190981846,-57.73006304644979,231.29160974539792,3,interpolated
WF060542,Muur,5.121678,52.0873864,1.0087893454245553,3.1163050795106257,0.37377884834081576,-54.753711449023086,380.75118913151624,1,weakly supported
BS090040,Beschoeiing,5.0442261,52.0956806,-0.24784000660140243,1.734930187296263,0.24750524380769376,-5.373874788308433,257.3694880026799,2,weakly supported
BS050250,Beschoeiing,5.1556481,52.081387,0.5248306864634773,1.7444807855372255,0.23854072640804816,42.96601453813959,252.7237791300407,1,weakly supported
WF060797,Muur,5.1238118,52.0898775,1.5841069358196227,3.489538747556683,0.489685353080826,-63.56880478831259,172.98609337250463,2,interpolated
WF060668,Muur,5.1225974,52.0829304,0.5015068478755305,2.495101753254688,0.19223167084663426,-15.52461941265373,178.19237937383846,1,interpolated
WF060152,Muur,5.116103,52.0959858,0.4079400504253117,2.4413899299029977,0.5077747790704507,-80.10054905981617,328.98805212511127,2,weakly supported
WF060571,Muur,5.1219903,52.0862305,0.8286034754891834,2.902536868090766,0.33367507041905936,-48.762177504601034,364.9111824977141,2,weakly supported
BS100205,Beschoeiing,5.0098751,52.0780987,-1.403433167462712,0.8116505932434442,0.26876169287781326,-159.6678614259488,145.84034639630877,5,interpolated
BS100202,Beschoeiing,5.0102321,52.0785406,-1.4051459156735093,0.7947626054792087,0.2639151613527109,-115.42968526511667,196.8782286436271,5,interpolated
BS050183,Beschoeiing,5.1387199,52.0868023,0.552136770409346,1.7197466163137252,0.36444121779656663,-39.221514927484655,417.40150725407597,0,weakly supported
BS020035,Kademuur,5.0887871,52.116173,-0.4107320541173581,1.8971546396453476,0.3108166322458732,-31.28533729703773,334.6567404614738,2,weakly supported
KW040002,Muur,5.1445711,52.1093052,0.039276213301335405,1.5249487462711326,0.18889335313284933,-16.619032958097876,163.64703539821028,1,interpolated
BS990007,Beschoeiing,5.1615246,52.0793516,0.5393211925460417,1.6616336784879633,0.23930326215206218,20.731755001817895,335.0892591937825,1,weakly supported
KM060026,Kademuur,5.1246871,52.0903337,1.5183629743902645,3.389006478571553,0.4781116370929957,-64.06571973437346,184.21813574327732,3,interpolated
BS040074,Beschoeiing,5.1448236,52.1012019,0.20646583875232896,1.5749255599920247,0.27653530772144885,-4.835834290644231,265.6057671402521,1,weakly supported
KM100005,Damwand,5.0114527,52.0928022,-0.4822534082284774,1.7395531485088194,0.2959826060231459,-11.158291847437946,281.8014985804314,2,weakly supported
WF060623,Muur,5.1225987,52.0846397,0.6509985997051096,2.7081216826575663,0.24360710849896103,-33.63836427367031,206.52877223403905,1,interpolated
BS040057,Damwand,5.1211188,52.0988722,0.06553056031140134,2.0955201137673427,0.3757586926540455,8.221900321072376,159.5568878530694,2,interpolated
BS050067,Beschoeiing,5.1709386,52.0865915,0.5505877186751462,1.681452983167779,0.3627448921694734,-13.801570739505092,360.96070591996255,1,weakly supported
KWN09008-01,Muur,5.0226249,52.102598,-0.3415850482226355,1.342890115134566,0.42480884874973696,-1.2443653810565094,471.18851345207355,0,weakly supported
BS020057,Damwand,5.0797854,52.1189493,-0.2958699167582465,1.704083860402512,0.21464960158490493,-89.22027610735111,173.56004928840085,1,interpolated
WF060415,Muur,5.1203642,52.0907395,1.6517800326477923,3.6416484186206213,0.5092744960279267,-58.04124501400428,141.98711351455853,2,interpolated
KM020004,Kademuur,5.1125634,52.0996769,-0.04818809761699686,2.098256769726872,0.44060329122058467,-33.109143289707276,222.66260058521755,1,interpolated
KM060065,Kademuur,5.1211195,52.0895013,1.5202259175318678,3.530120555030994,0.47787150672802636,-58.32734255280921,200.29662482182576,3,interpolated
WF060214,Muur,5.1230804,52.0927074,1.5696902056479616,3.4273365222119274,0.4749871820826529,-52.036260367043,181.37390197577452,2,interpolated
BS030168,Kademuur,5.1111668,52.1110298,-0.2927915204544538,1.9177808152663982,0.3564255862218465,-1.5788123601910837,482.54202679914357,0,weakly supported
WF060122,Muur,5.1166913,52.0953335,0.547610991333348,2.511023345949627,0.5213837683972864,-90.91207369937435,312.8492264352783,1,weakly supported
WFM06378-X,Muur,5.123504,52.0950833,0.7769927385648301,2.6927661792626245,0.469867343406464,25.95745517346575,394.14949402873793,1,weakly supported
WF060317,Muur,5.1240321,52.0891854,1.4295725579405287,3.3334522171621135,0.4534588195125265,-70.29093566961912,246.40149422075243,2,interpolated
WF060393,Muur,5.121608,52.088377,1.2509930781148473,3.327865665022042,0.42080124380744427,-58.76484769862271,311.1799344284673,3,weakly supported
BS070042,Beschoeiing,5.1327404,52.0558798,0.4250396822810735,1.2606387510164276,0.3578602423192349,-12.874035771410206,286.0402099267976,1,weakly supported
WF060421,Muur,5.1201823,52.0907515,1.6269683630948482,3.6228179365918742,0.5059156992553278,-58.14120828498942,153.46866794126953,2,interpolated
WF060545,Muur,5.1218845,52.0876971,1.0938098192726093,3.1765756694943876,0.39031480540973873,-58.100949826323145,383.97572641817595,3,weakly supported
WF060303,Muur,5.1269445,52.0857289,0.8370550482343679,2.5512308754518394,0.3134099942960721,-87.63797793793482,278.0675671114672,2,weakly supported
BS010052,Damwand,5.0986449,52.0888502,0.3450005107460382,1.8568271437296426,0.2478570107161778,-15.298269750879422,218.03160963966715,3,interpolated
WF060038,Muur,5.1224869,52.0851005,0.6983731722030179,2.7491996716850404,0.2731028095930038,-38.98551287158034,246.04355318567562,2,interpolated
WF060498,Muur,5.121387,52.0889784,1.3963109126093478,3.4260421313391,0.4558335335757506,-58.759498490870676,248.94263320078733,3,interpolated
BS050023,Beschoeiing,5.1541539,52.0755849,0.4848859027307124,1.48720967608371,0.2323022110282264,67.45235567932966,337.4611788486806,3,weakly supported
WF060229,Muur,5.1234917,52.0948577,0.8569570231984318,2.7359749341322726,0.4589690127452571,17.823753432786454,408.22168696015126,0,weakly supported
BSA05030-03,Beschoeiing,5.1382276,52.0841373,0.53597400991948,1.797307184552379,0.34783980440401324,-39.4396481651241,500.5107656377982,0,no support
WF060423,Muur,5.120248,52.090544,1.614542273765199,3.6164734315494864,0.5031874801887182,-57.69696143547473,157.41050188387888,2,interpolated
KW080014,Muur,5.1080678,52.0825473,0.24902354346140235,1.969316173507634,0.1660832328615951,-18.844822277092224,184.1585456659506,4,interpolated
WF060491,Muur,5.121183,52.0887485,1.3214381838653277,3.40605481406335,0.43369264021817866,-57.446865143410456,277.3202192986653,3,weakly supported
WF060424,Muur,5.1202318,52.0906083,1.6198558650788897,3.619512144937256,0.5042496725520882,-57.83851683492171,155.55348035040035,2,interpolated
WF060385,Muur,5.1205917,52.0902448,1.6165658924925104,3.62045223522409,0.502226109683242,-57.042964021908034,155.36268709943906,2,interpolated
BS020023,Beschoeiing,5.0711033,52.1214627,-0.5231458387569203,1.2683557038929696,0.22638117188043025,-34.81326868181913,669.5239653027835,0,no support
BS030138,Damwand,5.0997333,52.1128105,-0.2795333706398147,1.8678316659703706,0.3962862409227107,-2.7679525283271773,513.847843159829,0,no support
KM060032,Damwand,5.1124073,52.0924162,0.5792634476815195,2.363664256112927,0.602632701837966,-161.04219914200263,134.85949635434585,1,interpolated
BS040116,Beschoeiing,5.1426544,52.1059842,0.05884183301767761,1.5970558222704194,0.27354004265103943,-6.682802935379375,424.43520041111555,0,weakly supported
WF060497,Muur,5.1212583,52.0885212,1.260551945354973,3.3572291689222684,0.4217248334182687,-57.06460135863292,300.3230897805163,3,weakly supported
WF060219,Muur,5.1231205,52.0933057,1.3585051764399796,3.281281409623325,0.48996569594699513,-29.63662581820581,246.48331001475188,2,interpolated
BS100263,Damwand,5.0240361,52.109733,-0.11291986305291227,0.9992847250624783,0.4927421784695989,-10.762593042956217,56.9222855429427,3,measured nearby
BS090154,Beschoeiing,5.0442189,52.0987707,-0.32934750455373735,1.6632952964299397,0.259098689512582,-2.728389544147575,230.5016421761886,2,interpolated
WF060691,Muur,5.12368,52.0960554,0.5299204784421176,2.1506793532961157,0.464914167419351,48.28712718255812,339.88877922360007,3,weakly supported
KM090018,Damwand,5.0840744,52.0656337,-0.29060293677842275,1.1488131756720688,0.1956905216243776,-5.126546108766645,479.7004796555829,0,weakly supported
BS010018,Beschoeiing,5.0998271,52.0891279,0.22115320205081496,1.9776074494788403,0.3097377584370886,-18.80373506983396,286.15088205710566,2,weakly supported
KM040013,Kademuur,5.1151267,52.1001007,-0.021526763562246608,2.048209693009881,0.39735319682472575,-13.43557288499317,273.08155443642204,2,weakly supported
WF060651,Muur,5.1227984,52.0839052,0.5245824253242022,2.5408214175170407,0.1946595159620049,-24.92970920161985,157.43046807803194,1,interpolated
DW080003,Damwand,5.1081227,52.0822379,0.2582594712147002,1.9540141366155908,0.17234743170720598,-18.943710250139166,201.92397553571377,4,interpolated
WF060182,Muur,5.1164066,52.0944045,0.6680989823477732,2.5900773907906265,0.5409159700723476,-116.23421475696627,241.3663526458827,1,interpolated
WF060309,Muur,5.1272172,52.0853691,0.7908429425127037,2.555329414049352,0.29032035841448117,-77.98208864886372,254.1840711435041,2,weakly supported
KW060008,Muur,5.1147457,52.0966914,0.09049200472720402,2.3337354477193855,0.48061140941564606,-68.93007597253495,208.21983653147765,3,interpolated
WFM06391-X,Muur,5.1245191,52.0921989,1.5059731700394459,3.300716130531611,0.46400818723159637,-59.148680548061755,190.09872601906088,3,interpolated
BS040053,Beschoeiing,5.14636,52.1142302,0.001405811083106485,1.6449896692108326,0.17148236925005209,-44.742683932003025,561.8639633694086,0,no support
WF060258,Muur,5.1262482,52.0912661,1.113737783697853,2.778815274973412,0.3894150565544825,-58.26108195170316,231.7266899610035,3,interpolated
BS070096,Beschoeiing,5.1253249,52.0582901,0.3738050929937242,1.21366612554802,0.34026201470967987,-22.624139662085014,360.1029797470944,2,weakly supported
BS090223,Damwand,5.0424849,52.0966852,-0.15705764028884966,1.7785897995693978,0.19817010260232246,-8.2573910474994,95.55785468151278,1,measured nearby
WF060804,Muur,5.116746,52.0946411,0.670908986779381,2.630238978370695,0.5294328753778307,-106.20687364843742,273.56593950866346,1,weakly supported
BS080012,Damwand,5.1145859,52.0655292,0.4833344454844171,1.212827590857713,0.4754328461832169,-1.7105491183111736,160.6424578562568,4,interpolated
BS050155,Damwand,5.1430117,52.0956399,0.4346715791728412,1.5330602909294793,0.2603978616817281,-1.5529286757410945,268.6443067528675,3,weakly supported
WF060285,Muur,5.1265394,52.0865244,0.9468701135629506,2.5520874593648184,0.3646361381505369,-108.81982733969706,326.26530062726994,2,weakly supported
BS090015,Beschoeiing,5.0328331,52.1024477,-0.4612330891422133,1.3323043722121124,0.32573888397813866,-6.497250632725551,338.3039120499966,1,weakly supported
KM090006,Damwand,5.0765762,52.0960616,-0.868094109174867,2.2262083437229054,0.8429660912239231,-599.2585935059334,234.80943555372698,1,interpolated
WF060333,Muur,5.124335,52.0887634,1.3213893754760446,3.192802364579421,0.43163017677861365,-77.04281023356086,297.55627700045255,2,weakly supported
WF060185,Muur,5.116391,52.0942388,0.6824409797629422,2.592769019668631,0.5438684946998196,-118.90004679848842,233.5927424916388,1,interpolated
WF060658,Muur,5.1231955,52.0840613,0.5276142541665968,2.554072127067765,0.17808343120305822,-23.537938181252244,138.00182169033155,1,interpolated
BS010057,Damwand,5.0825739,52.0819258,-0.16189455199605532,1.856411230029092,0.21974848216502227,-5.657259259764632,690.9847486620519,0,no support
BS050198,Beschoeiing,5.1456156,52.0770874,0.48579676112087683,1.6118311597565593,0.17892101344574785,18.291551271285233,309.60190896613983,1,weakly supported
KMB07005,Damwand,5.1211312,52.0762984,0.2203676754152216,1.724626369907958,0.3374376988032331,41.983208452946165,323.3645046063368,3,weakly supported
WF060477,Muur,5.1211615,52.0895374,1.5334013227542904,3.5389319701351076,0.4804297612553705,-58.454621476914966,195.46680709737572,2,interpolated
BS050156,Beschoeiing,5.1448625,52.0932963,0.6638674470469917,1.397499851687561,0.09413281318481707,-0.6028625381297893,134.3397677611678,3,interpolated
BS050243,Beschoeiing,5.1566059,52.0810354,0.535626893177298,1.726230524829545,0.22905255137313021,47.82644759114195,224.57223051657186,1,interpolated
BS070047,Damwand,5.1349195,52.0617157,0.24602129574912365,1.4253928304108536,0.2782327432393921,3.974285709396971,180.12707284812305,5,interpolated
KM060008,Kademuur,5.1212084,52.0887865,1.3356778518960466,3.415016287342147,0.43662891365801404,-57.70681103321566,272.7863166340187,3,weakly supported
KM060048,Kademuur,5.116523,52.0955317,0.5057449968152643,2.4875798865029815,0.5173134801185031,-87.9468325956313,318.9955699692015,2,weakly supported
WF060312,Muur,5.1274167,52.0850397,0.7508931174247423,2.563701478776853,0.26955218236851786,-68.67667229413598,235.05907046207537,1,interpolated
WF060336,Muur,5.1249728,52.088362,1.2068484101009025,3.006690607858842,0.4113349759082072,-89.38141946748104,357.6866127436388,3,weakly supported
WF060414,Muur,5.1203571,52.0907691,1.6533211825118144,3.642482896200974,0.5095998682963679,-58.090764782353844,141.44990926933448,2,interpolated
KM040017,Kademuur,5.1349161,52.1000358,0.14324139444899617,1.7106941571185983,0.42366911994387313,23.00255021463695,218.76442154332543,1,interpolated
KW040018,Muur,5.1303299,52.1080453,-0.17624049972279762,1.4736125803602822,0.31215955352569774,0.8431052180004364,340.6604721470604,1,weakly supported
BS080032,Beschoeiing,5.1000788,52.0744495,-0.28694258064918243,2.1043436061247798,0.26708871394197486,143.64063355419663,145.99038338552035,6,interpolated
BS040118,Beschoeiing,5.132658,52.1024566,0.010558231649161224,1.7949755202978663,0.34577856714239835,23.398131352488445,233.56094347531229,2,interpolated
WF060807,Muur,5.127568,52.0846925,0.7101141585615193,2.4093106505295614,0.24427040686071727,-58.73802082504568,217.4027643628694,1,interpolated
WF060422,Muur,5.1202683,52.0904641,1.6069302704123853,3.6119927142561314,0.5017033021875769,-57.510740622421594,160.12458716514297,2,interpolated
DW050001,Damwand,5.1333027,52.0784673,0.461941245517636,1.8116602504660713,0.21213508850212015,-0.6552205306346033,159.37517383013278,2,interpolated
BS090143,Beschoeiing,5.0486672,52.092006,-0.11847584267633321,1.537028221674404,0.3524045430950185,-5.375279626929796,495.45703436500344,0,weakly supported
WF060463,Muur,5.1180377,52.091745,1.256410722146836,3.300534001654536,0.49941023541753765,-74.79701461672062,301.47551323260416,3,weakly supported
WF060005,Muur,5.1168606,52.0935435,0.8075496209761718,2.737879768556005,0.5358839497731032,-112.03675872495005,252.2095901187466,1,weakly supported
BS080010,Damwand,5.1193782,52.0793746,0.45359439625328224,1.8619615536675072,0.28813547727697564,-3.909294139322396,248.24997620171143,2,interpolated
BS050095,Beschoeiing,5.1563892,52.0891137,0.45225553023072407,1.6841098066800986,0.3804476263168927,-15.419685493599049,288.66584372579996,1,weakly supported
BS020034,Kademuur,5.089553,52.1167438,-0.4120963354459654,1.9176412203057607,0.3052824283175344,-30.254718531392133,388.5883422629378,2,weakly supported
KM020005,Kademuur,5.0727197,52.1220895,-0.5293163178786817,1.2384691939750732,0.23305932456227454,-35.488795664478566,559.6860087511687,0,no support
WF060158,Muur,5.116748,52.0947654,0.6384217427018786,2.5493027176779512,0.5376012504320714,-102.96783406005729,280.1699915285898,1,weakly supported
WF060386,Muur,5.1206172,52.090194,1.6106308801528997,3.6165749431590446,0.5011299827970429,-56.91493808278289,157.7392176419106,2,interpolated
BS100045,Beschoeiing,5.0021359,52.1180879,-0.5012477176291326,1.5833380596359634,0.5437456754517048,-10.46232168133876,387.5352688169391,2,weakly supported
WF060299,Muur,5.1240987,52.0894449,1.475407434209067,3.382465748969446,0.46348820334311697,-68.37400825355842,223.80511880914807,2,interpolated
WF060204,Muur,5.117078,52.0925873,0.9658651105524445,2.949226190577418,0.5189268031614643,-98.95267243474655,287.0636800384125,3,weakly supported
WF060653,Muur,5.1227477,52.0837751,0.5241506716429637,2.5386920123093235,0.19475982325330396,-24.65870913196488,157.607069666464,1,interpolated
KW040015,Muur,5.1256069,52.0989261,0.18236806406352093,2.1052569496391302,0.42886942274395445,57.86829661958005,295.22603512816454,4,weakly supported
WF060296,Muur,5.1239054,52.089484,1.5025587233619624,3.4207816658421266,0.46852802007384037,-66.8490731436905,213.1961156297579,2,interpolated
BS040039,Damwand,5.1211591,52.0988956,0.06579312524497466,2.0939047973365588,0.37616432069492955,8.285258725468871,161.61777294117994,2,interpolated
WFM06340,Muur,5.1206846,52.0900853,1.597982942862989,3.608244003876211,0.49877817888561826,-56.62661983914005,162.80918880568197,2,interpolated
BS070030,Damwand,5.1131173,52.062201,0.37781176277645967,1.1207108603265978,0.3861018808892442,-33.84867124634117,183.5151194530715,5,interpolated
WF060180,Muur,5.1164232,52.0945114,0.6586748750651937,2.5895275596743232,0.5386039049985801,-114.17940895999871,247.3847289215678,1,interpolated
WF060567,Muur,5.1219236,52.0864974,0.8647804316922628,2.9473932771860745,0.3433562090299988,-50.539702960028436,392.1459253323062,1,weakly supported
WF060502,Muur,5.121299,52.0883278,1.2082546887981616,3.315255844684561,0.4114880308551406,-56.54794825123788,320.5842939973126,3,weakly supported
WF060687,Muur,5.1231521,52.0818304,0.4903059708966247,2.337002576766606,0.19693193653764096,-15.649305038245796,227.5261233011606,1,interpolated
BS090105,Beschoeiing,5.0867892,52.0668603,-0.19724202314798642,1.3415681090626976,0.20460712631250805,-8.74066649724765,409.53894979017815,0,weakly supported
WF060252,Muur,5.1258831,52.091716,1.2014853204920402,2.890383531560932,0.4038841244736456,-56.933441399854026,250.95568941672138,3,weakly supported
KMM04003,Kademuur,5.1379945,52.0961393,0.3792202174937376,1.5072828217103162,0.3246998263797535,-4.016739035730389,290.4032113056713,2,weakly supported
KW060012,Muur,5.106527,52.0918373,0.027632222379764815,2.3417396158253574,0.5156184343544691,-74.52601181791819,452.59330590704855,0,weakly supported
WFM06295-X,Muur,5.1174157,52.0918235,1.1298475645591333,3.168719855374294,0.5004804284256661,-82.88015848273844,344.89677907607603,3,weakly supported
BS030046,Damwand,5.1174191,52.122825,-0.4219244958378927,2.098210592023274,0.2957559800688256,-4.887276959307309,425.0162307073328,0,weakly supported
WF060438,Muur,5.116841,52.091799,1.025429633548664,3.0562928571832946,0.5022343032540033,-90.33052698436839,316.4264011882862,3,weakly supported
KM090014,Kademuur,5.0441527,52.10723,-0.8192797188704412,1.01012250690507,0.3163971534414213,-6.685596828695079,181.1287772853496,2,interpolated
WF060131,Muur,5.116321,52.0960265,0.4118306162349852,2.447495213778922,0.5031537406904082,-77.10719170903118,338.80616929122937,3,weakly supported
BS040146,Damwand,5.122289,52.0972062,0.18784628015456312,2.3344411555517737,0.39693367489778075,37.75412153341117,324.78040855919727,2,weakly supported
WF060811,Muur,5.1275548,52.0847177,0.7126184739053633,2.407591841308951,0.2455245903518309,-59.33540179992133,218.36569857946162,1,interpolated
KM050005,Damwand,5.1256798,52.0810728,0.4512197628921619,2.2237635789961083,0.18731834984425705,-9.69767445517796,276.3973659645873,1,weakly supported
BS030100,Beschoeiing,5.1253617,52.115365,-0.17169232541728682,1.8772191387233217,0.2172396102973191,1.9447819486069278,203.56033247605336,3,interpolated
WF060221,Muur,5.1231472,52.0934497,1.3095762901993535,3.228581405222137,0.4863401808214027,-25.88579600639795,262.50158787124457,2,weakly supported
BS020024,Damwand,5.0892389,52.1163844,-0.41141065268770227,1.906428933995464,0.3100233954141454,-30.71663410756572,364.8599874813757,2,weakly supported
WF060707,Muur,5.1238967,52.0967664,0.4304521365962769,2.137288462897407,0.4482407829442195,54.20079331771209,312.35307635292384,3,weakly supported
BS010058,Beschoeiing,5.0930742,52.0900648,0.5264813699023386,1.6871853572443056,0.1487817956522789,-14.443754201692984,187.48421312686128,2,interpolated
WFM06754-X,Muur,5.124935,52.0903942,1.4733793122435388,3.3263659846716465,0.4699254919128651,-64.67601879564043,196.26339026757645,3,interpolated
DW030001,Damwand,5.0878522,52.1187162,-0.42215421670261527,1.9358373095221977,0.261648807345871,-39.5839484559941,375.5001738974384,2,weakly supported
WF060297,Muur,5.1263974,52.0864951,0.9407949785071993,2.566234077932494,0.3604902262146361,-104.60299456090448,336.15529974055363,2,weakly supported
BS030193,Beschoeiing,5.0878231,52.1311389,-0.8619284038710922,2.0629017005863934,0.18885792698235848,-0.9895989571561089,264.8525208986002,1,weakly supported
BS030114,Beschoeiing,5.0851218,52.1202848,-0.424132715521504,1.827932294854151,0.2117548180968873,-48.83770976582079,438.7822119656484,0,weakly supported
KW040007,Muur,5.1140024,52.1000995,-0.030032020976320548,2.0185224068904914,0.40249155495177646,-21.06856405329556,295.89202107236105,2,weakly supported
BS050120,Beschoeiing,5.1387594,52.0955009,0.40835231662873317,1.485466203864232,0.3211278706534306,-4.066467028896931,308.1683118172084,2,weakly supported
BS040018,Damwand,5.1239166,52.0987297,0.14471338986670101,2.090532101712889,0.40724480244761907,33.16525453922186,245.97349965255333,3,interpolated
BS100420,Damwand,5.0361109,52.0791494,-0.7506456020835286,1.3486020289531182,0.4648126574705334,4.609239580740976,266.5780185989271,5,weakly supported
WFM06331-X,Muur,5.1204431,52.0904943,1.63556925993438,3.6321656918629732,0.5060169060418995,-57.58871340321673,148.02219939449543,2,interpolated
BS040095,Kademuur,5.1114417,52.1032303,-0.17690883350675002,1.8372258116420397,0.43740240752450205,10.939216976906158,292.8804613926425,3,weakly supported
BS080011,Damwand,5.1044459,52.05682,0.0788018468048069,1.300208745335007,0.3493325036317483,-30.503901665185893,909.7879441987214,0,no support
WF060243,Muur,5.1253004,52.0920948,1.3368501693048482,3.062501610105436,0.4288043432631129,-57.85787093315022,228.85492953505494,3,interpolated
WF060431,Muur,5.1166287,52.0920368,0.9702417215129686,2.9671623320680287,0.5135605668590993,-98.65040657344348,289.0651589171517,1,weakly supported
WF060170,Muur,5.1167663,52.0940564,0.739072548588363,2.6688029680402474,0.5369917293381252,-112.76466530469114,252.50923265141492,1,weakly supported
KW040009,Muur,5.1273952,52.0986431,0.22812781766458942,2.12720060033754,0.4562030609908322,92.80124052256846,207.51307543459066,3,interpolated
BS030119,Beschoeiing,5.0855494,52.1205275,-0.43683046376827445,1.839472980423673,0.20943926113876746,-46.540824068487844,475.7363560836448,0,weakly supported
BS050108,Damwand,5.1292372,52.0893712,0.9320319251002553,2.163942332860687,0.41032793397606115,-166.6399886260968,159.13737337015615,2,interpolated
WF060394,Muur,5.1186216,52.0915631,1.3865351611679848,3.4020067082436967,0.4884269893772628,-66.13950100266435,258.2706430126736,2,weakly supported
WF060538,Muur,5.1218118,52.0878723,1.1312273755770146,3.2149359581027155,0.3976106753182713,-58.331645468394285,365.02683707637993,3,weakly supported
WF060345,Muur,5.1246648,52.088423,1.2377066098370768,3.0711045111405864,0.4153515260596752,-84.24254205154591,341.5339960640298,3,weakly supported
WF060124,Muur,5.1162958,52.0960705,0.4031738800204355,2.443793102470277,0.5020163924477392,-76.20715964411882,334.70720576453,3,weakly supported
BS070066,Beschoeiing,5.1431559,52.0653185,0.43644931644919377,1.2642123767685436,0.3525390660248304,3.9681596307190397,93.87863374673177,14,measured nearby
DW010070,Kademuur,5.0793433,52.100336,-0.3895026117029372,1.9519519854519938,0.34726185601697573,-95.63560913092505,234.40843952101105,1,interpolated
WF060433,Muur,5.1166651,52.0919209,0.9861937361148131,2.9976462773153147,0.5086106237367904,-95.5520698342491,298.6554266531505,3,weakly supported
WF060454,Muur,5.117611,52.0917916,1.1694832259629089,3.212131693335013,0.49943018039771586,-80.01311528495856,331.0910662937555,3,weakly supported
BS030186,Beschoeiing,5.1427201,52.1150869,-0.03305731019693954,1.6833542623105875,0.19274897768363816,-74.2706521051559,295.49958788583046,1,weakly supported
KW050014,Muur,5.124762,52.0798682,0.3676786788375235,2.0300679622914206,0.24275495733917202,-7.190363967768658,389.4948714496383,1,weakly supported
DW050003,Damwand,5.1258095,52.081566,0.5126141052677423,2.340304520837821,0.18779582431277653,-23.461183550942092,224.49081515618838,1,interpolated
BS070032,Beschoeiing,5.1330553,52.067435,0.38931449203523916,1.3518864147200844,0.37824625781713966,-6.485216725596775,214.49176662289426,4,interpolated
BS030191,Beschoeiing,5.1128962,52.1109099,-0.2807341637500201,1.9360922117694188,0.3445163153796508,5.649657847853224,374.3599191768581,1,weakly supported
BS050090,Damwand,5.145843,52.0955963,0.42345676511674407,1.6278628931279533,0.1693404445306936,-2.401068527444946,157.67920353196303,3,interpolated
BS010054,Damwand,5.0968507,52.088245,0.4734201677036551,1.725685203754348,0.18201177138179678,-7.911141118329517,173.05398455131592,3,interpolated
DW010014,Damwand,5.0665899,52.1106591,-0.4230632961494897,1.817874231648069,0.3163264448919409,-34.12231038577869,726.9082656292063,0,no support
BS010020,Beschoeiing,5.0928493,52.0914829,0.5293699160896269,1.732366793729003,0.18279543457269049,-25.34243220655371,283.23259348372625,2,weakly supported
KM070001,Kademuur,5.1356621,52.0644779,0.2862980369713911,1.3346082426292178,0.303819974022417,-0.29017693636060743,174.902162080931,2,interpolated
WF060139,Muur,5.1162304,52.0957392,0.45617081998746417,2.4598511728860224,0.5144865259521165,-85.57767419120509,322.11296608455285,2,weakly supported
WF060552,Muur,5.1217528,52.0870765,0.952723290864542,3.0548111066094052,0.36285426341757954,-53.44209314059883,389.7930220460945,1,weakly supported
WF060033,Muur,5.1220244,52.0862571,0.833811584224612,2.906205385084689,0.3344561664513106,-49.213690913456574,366.03545964978616,2,weakly supported
BS020015,Beschoeiing,5.1023369,52.1106476,-0.19441766582979358,1.7193938484270312,0.4559612804652603,-8.184525287584357,243.19934544947995,2,interpolated
KM100044,Kademuur,5.0319149,52.0859569,-0.44689025842460955,1.2941559305486363,0.37861149531372784,16.264225837834765,151.24401239716573,5,interpolated
KW010019,Muur,5.088244,52.0841527,-0.026456188298962357,2.025570133459358,0.1993272240114606,-5.32712296654409,410.928958198408,0,weakly supported
BS040152,Damwand,5.1456803,52.1128843,-0.005242083728417305,1.6145014245321576,0.1924933381395702,-37.72804606671474,459.3005711551764,0,weakly supported
DW070003,Damwand,5.1316643,52.0672169,0.5163995575331535,1.1963142509061868,0.37038824450810565,-4.187281873957115,116.31486476791756,2,interpolated
BS030071,Damwand,5.1202271,52.1216002,-0.3814594187544932,2.0728266573060425,0.275939175125862,-5.817334056938732,384.203975270762,2,weakly supported
BS030063,Damwand,5.1216828,52.1210266,-0.333551587963372,2.0306818536708224,0.25448182315858686,-5.164653094840583,398.46111013216733,1,weakly supported
KW070017,Muur,5.1353812,52.0611869,0.24870019886233774,1.4234203704611477,0.26679939843995704,4.9769459665108515,113.97793998258136,5,interpolated
BS990006,Beschoeiing,5.1607469,52.0671769,0.3418752105013641,1.8112934293631469,0.3424622289074442,,78.49103107018479,3,measured nearby
WF060134,Muur,5.1160585,52.0960696,0.39148292866529655,2.435264914924236,0.5055659032211033,-78.26173375207526,321.1894848403206,3,weakly supported
WF060001,Muur,5.1159991,52.0962023,0.3662030175006414,2.426149522382739,0.5020123304051509,-75.31706697122404,309.73072279753796,3,weakly supported
BS040089,Damwand,5.1115651,52.1022446,-0.14356620474595874,1.8861532002018513,0.43387590981115653,2.0447820935678966,366.93938368223604,2,weakly supported
WF060351,Muur,5.1253737,52.0879513,1.1285636834988984,2.8743018752616414,0.39688622621675385,-99.59389217977784,351.03067277820185,1,weakly supported
KW070009,Muur,5.140355,52.0658449,0.43340715211905295,1.152664136159614,0.35012590651477743,3.21414178583806,106.66803346882445,11,interpolated
WF060469,Muur,5.1185667,52.0915645,1.3764795960320892,3.392991524098934,0.4877743411662936,-66.52241805237514,261.9883571719028,2,weakly supported
BS100419,Damwand,5.0373952,52.0813588,-0.5260095568519543,1.3871142298312027,0.5947001487409497,6.085106158383378,167.32847645768285,3,interpolated
KW040016,Muur,5.1262853,52.0991689,0.18139871798963345,2.1147841797085127,0.43844672079463054,64.43408452251812,293.2543458866645,4,weakly supported
BS040030,Damwand,5.1150211,52.0996048,-0.015176478671492164,2.0862722796155806,0.39319072485859197,-22.550049718267722,265.79034731209,2,weakly supported
WF060813,Muur,5.1272936,52.0852576,0.7771773419899369,2.557692098897276,0.2832962893450658,-74.89829784878266,247.57077218692734,2,interpolated
BS040021,Beschoeiing,5.1439965,52.1046971,0.08335204052932799,1.578846519409174,0.2707055904413218,-5.8965049041603885,496.54322852146726,0,weakly supported
KW040013,Muur,5.1282242,52.1021578,-0.04975390122363176,2.021137076099963,0.44747938017629635,37.041276513759705,422.2662697640344,0,weakly supported
BS030135,Beschoeiing,5.0911306,52.1187213,-0.48098297524789896,2.1166694323278574,0.22519151089467687,-21.41740896578567,338.6852401292396,1,weakly supported
WF060815,Muur,5.1204452,52.0904897,1.6352458219576123,3.631972341085767,0.5059519738007272,-57.5795113660851,148.14438052758456,2,interpolated
WF060206,Muur,5.1170637,52.0925104,0.9734027546459526,2.9613971126244403,0.5174573102684354,-98.14462946608484,289.41019550166845,3,weakly supported
BS100165,Beschoeiing,5.0278038,52.0762592,-1.280102486346517,1.0939067355877103,0.19394965783274853,6.290523358415388,62.67421006244318,7,measured nearby
WF060315,Muur,5.1239536,52.089904,1.5724589457736378,3.4717339158161846,0.48770031930426233,-63.958259246322406,176.522851581948,2,interpolated
BS040094,Kademuur,5.1115159,52.1032896,-0.17502301205025808,1.8360815829311639,0.4374029495011358,11.237372297915277,284.7859755417107,3,weakly supported
BSA08005-03,Beschoeiing,5.0944699,52.0675467,0.09537432867891203,1.788208980449627,0.2738024851426025,-9.268836718981365,216.3246623665217,7,interpolated
BS030053,Damwand,5.1128921,52.1249455,-0.5039034446536936,2.1521879131858714,0.31056982372699077,-3.846750822887599,697.0595898319103,0,no support
WF060395,Muur,5.1187923,52.091569,1.417451010623085,3.4289976941187357,0.490707935579649,-65.08908451081447,246.92210167607328,2,interpolated
WF060266,Muur,5.1258973,52.0908416,1.251663512804175,2.947808660266479,0.41954608166694574,-64.20196159830417,245.9258480655574,3,interpolated
WFM06313,Muur,5.1199556,52.0914308,1.6139144780733128,3.60058281958137,0.5076601644515685,-59.767167896312216,165.88517590239124,2,interpolated
KM100052,Damwand,5.0096501,52.0825972,-1.2132138610659198,1.0976772280769176,0.256006000143024,-3.3027835404325754,226.70767203671733,5,interpolated
KM060018,Kademuur,5.123641,52.0924574,1.5695229897615137,3.431472949640629,0.475953791222809,-51.93414292623878,171.400502709185,2,interpolated
BS090118,Beschoeiing,5.0532986,52.0836427,-0.2429362889107877,1.3959403507478603,0.42587579956141475,2.4146866869121353,231.72005365674337,3,interpolated
BS100220,Beschoeiing,5.007118,52.1235467,-1.0199526025347463,1.2799854526732357,0.4399378302784146,-12.381432234489145,755.5844916262041,0,no support
WF060114,Muur,5.1165639,52.0956707,0.48435858153319916,2.481430708888826,0.5119082416439195,-83.90659395569199,331.88145044653436,2,weakly supported
BS040072,Damwand,5.1260656,52.101158,0.10551693461909607,2.0645009642512377,0.4097338129312947,25.170617055198722,248.97029681762805,1,interpolated
BS100194,Beschoeiing,5.0142576,52.0834681,-1.017711292226285,1.3724859538630036,0.2662268468250626,7.4946280281337625,269.701863317483,2,weakly supported
KM070007,Kademuur,5.1426786,52.0648391,0.39839771063076734,1.1997710299646478,0.2753277535930975,1.4705069480991213,54.257788914369904,12,measured nearby
BS100327,Damwand,5.0586102,52.0822177,-0.28965910809965256,1.5301501763136047,0.3058129973299622,4.201751352863601,80.31271974986083,4,measured nearby
BS050129,Beschoeiing,5.1301927,52.0841524,0.6341998025997629,2.2090464465651842,0.2613863243423586,-78.1133279599852,360.8394328212318,1,weakly supported
BS030188,Beschoeiing,5.1129683,52.1111264,-0.2812192217560466,1.9374042942346779,0.34113934466332163,5.838906416535725,361.4312410635654,1,weakly supported
WF060354,Muur,5.1254082,52.0879191,1.123011382788048,2.8642502807804853,0.3958824051829695,-100.42851870574542,348.94064744257855,1,weakly supported
WF060126,Muur,5.1167242,52.095213,0.5690552751787645,2.5210421614496994,0.5247623253581792,-93.3896578958066,306.2459517991042,1,weakly supported
BS100144,Beschoeiing,5.0114017,52.0859791,-0.9268874169224833,1.4487510514412985,0.2599656453169247,-8.423880549900842,158.09694061688137,3,interpolated
BS020002,Beschoeiing,5.0865463,52.1061573,-0.3490737363269058,1.9342707987817827,0.4538315724372983,-14.477935309438843,355.11790959065866,1,weakly supported
BS050039,Beschoeiing,5.1573655,52.0740853,0.4928683460096258,1.5236136655292376,0.20912900550080482,,189.5329130721952,3,interpolated
BS040093,Damwand,5.1101796,52.1045983,-0.2948600949732838,1.957178386324878,0.4763492261822784,4.918571407811968,183.9015442415835,3,interpolated
KM060007,Damwand,5.1143043,52.0900166,0.6745206137854997,3.0720637407201488,0.43258581200038654,-65.35978613872231,292.95569852035067,2,weakly supported
KM060004,Damwand,5.1102072,52.0952267,0.19824864599804803,2.1805712883270267,0.49236795903475394,-110.16540433070577,276.6344050965214,2,weakly supported
WF060200,Muur,5.1170925,52.0927881,0.9414653357876329,2.9131792393230587,0.5226098487464642,-101.26580459004396,280.6038829347612,1,weakly supported
BS060003,Damwand,5.126622,52.0943584,0.30238946682928214,2.29759021464446,0.368372422921344,48.23374135727932,308.55107631908135,5,weakly supported
KM040005,Kademuur,5.1264823,52.0978098,0.30443464788302965,2.0758961913329053,0.41786679806395083,94.20584528438542,169.19025564539737,3,interpolated
WF060061,Muur,5.123049,52.0930652,1.4464364612041014,3.335377765680251,0.49662304555191517,-35.93558899334584,219.33686420894534,2,interpolated
WF060618,Muur,5.1227304,52.0852892,0.7185900005081222,2.762698549295148,0.2766893100171793,-41.48396356696313,250.65964161346287,1,weakly supported
BS040153,Damwand,5.1127735,52.1000073,-0.02998156277736207,2.0341070619113504,0.41324642095960207,-28.64008358818279,261.03380761645593,1,weakly supported
WF060471,Muur,5.1188602,52.0915755,1.4295256921308632,3.4392917143705533,0.49169473493720267,-64.72361514445774,242.51294815207444,2,interpolated
WF060265,Muur,5.1260248,52.0909305,1.2084599353489598,2.892994087909263,0.4104675261704916,-62.97834973854479,253.46766229977146,3,weakly supported
BS050073,Damwand,5.1361352,52.0847776,0.6194326681688358,1.9325131104780926,0.34366232625653886,-69.37044074174767,539.1487522544495,0,no support
WF060596,Muur,5.1222809,52.0854055,0.7319803837970305,2.7852655127456982,0.2947576619964409,-42.09298535861299,280.399224812962,2,weakly supported
WF060625,Muur,5.1228427,52.085036,0.6865339807694267,2.7342923161677968,0.2577772162448545,-38.05658497840135,224.17646279737932,1,interpolated
WF060465,Muur,5.1183041,52.091552,1.3282533385178956,3.350404528117328,0.48457185316941503,-68.34353038418591,279.4494076768918,2,weakly supported
BS100199,Damwand,5.0346401,52.0717995,-1.0243336270895114,1.2161044682274442,0.31323270197782466,1.5904899526351632,470.6850929733877,0,weakly supported
WF060817,Muur,5.1167561,52.0930145,0.8548108021169507,2.7925958687538723,0.5330507123973983,-111.02326655635262,251.77314845565584,1,weakly supported
WF060412,Muur,5.1202779,52.0910692,1.6590286780211112,3.6432075916701216,0.5114835883781708,-58.58262593225953,140.91994474184386,2,interpolated
BS030106,Beschoeiing,5.1232705,52.1140852,-0.21720992024023772,1.9187139644355808,0.251453283291965,4.423079598999596,269.088146236332,2,weakly supported
BSA08004-00,Beschoeiing,5.0977554,52.0806386,-0.057941410042761265,1.849987105660799,0.2443578216983656,-10.592208116244368,340.9083149784356,1,weakly supported
BS030040,Damwand,5.1225831,52.1207247,-0.31135312656509073,2.009523456551193,0.24828380778261186,-4.535682944196022,427.03210177507617,0,weakly supported
WF060480,Muur,5.1210208,52.0890786,1.3916069427771165,3.4397250456188155,0.4535142046969327,-57.40225222906014,246.2050845403649,3,interpolated
WF060559,Muur,5.1218048,52.0868795,0.9205415437096611,3.0170804905376434,0.3562530772430966,-52.518826251351506,397.32089605515404,1,weakly supported
WF060460,Muur,5.1180103,52.0915651,1.257537721564267,3.313793316719797,0.49497568122604996,-73.0503557464655,299.517965914586,3,weakly supported
BS030055,Damwand,5.1114898,52.125577,-0.5191234785121513,2.1599915615092375,0.3153356700306749,-3.300634251597026,714.6666226092457,0,no support
KW060003,Muur,5.1182457,52.0856852,0.41158645558115187,2.483302705334567,0.3365113558989016,-14.722346888880331,143.73369573479664,2,interpolated
WF060562,Muur,5.1218224,52.0867666,0.9023250176811584,2.996226421466951,0.35243270851519215,-51.84684814292951,401.31121690444155,0,weakly supported
KM070003,Damwand,5.1368488,52.0721698,0.3569474059329204,1.4554063369037264,0.2590298062890229,-28.279675010882034,390.7443944602867,1,weakly supported
WF060308,Muur,5.1271486,52.0854557,0.8014059772453445,2.5541086278514205,0.29566807301526626,-80.24170574188892,259.3411879811054,2,weakly supported
BS010006,Damwand,5.0869776,52.0821798,-0.046853399251802375,1.9611816725057998,0.20326333157417115,-10.413794690250919,501.87596471310917,0,no support
BS040076,Beschoeiing,5.1441219,52.1027255,0.15670185167842565,1.5847715200135661,0.28882124591734276,-3.759056081485121,346.4654998468223,1,weakly supported
WF060564,Muur,5.1218563,52.0866504,0.8852189306794852,2.9749563345283625,0.3485675852332139,-51.24003911970272,406.8333047489962,0,weakly supported
WF060384,Muur,5.1205753,52.090277,1.6200483443742515,3.6227119623455706,0.5028750122242025,-57.120630172645534,153.969082845448,2,interpolated
WF060528,Muur,5.1217034,52.0881453,1.1941197888464956,3.275698579652373,0.4097871638643395,-58.62083430601691,335.7184459133374,3,weakly supported
BS090114,Beschoeiing,5.0501382,52.096688,-0.3002065938186369,1.7667320481095097,0.30250834967927326,-1.9568026630291198,228.5181045271612,1,interpolated
BS040007,Beschoeiing,5.1299161,52.1071032,-0.17065200290102672,1.4242690074042543,0.33670127052328347,-2.0880711981820506,309.342662736226,1,weakly supported
WF060375,Muur,5.1259484,52.0870929,1.0126694281367687,2.71260768920838,0.36774973790764326,-108.49653565216512,333.0055173178004,1,weakly supported
WF060818,Muur,5.1268648,52.0858382,0.8518415246303495,2.5508899361585926,0.320589525438659,-90.54253093050689,286.36504853237557,2,weakly supported
WF060325,Muur,5.1244891,52.0888373,1.3219445977674902,3.1827361060114363,0.4328563270817466,-77.95815053590445,295.40274138154035,2,weakly supported
BS050083,Beschoeiing,5.1709362,52.0856296,0.5427781529061605,1.6956261167470774,0.36251900562149003,-13.895644011728383,405.3087025255125,0,weakly supported
WF060455,Muur,5.1177422,52.0915776,1.2040521492292207,3.26306402317621,0.4937176421516981,-75.72002673888011,317.85024786085705,3,weakly supported
BS050093,Damwand,5.1500613,52.0925153,0.4279332072236901,1.6959993894712595,0.16886190950766078,-5.244987998060788,220.5164745003127,1,interpolated
BS040091,Damwand,5.1104508,52.1044141,-0.2749039484691927,1.9376485737281954,0.46976968677422193,6.390822479555372,205.47172791363116,3,interpolated
WFM06752-X,Muur,5.1251451,52.0904618,1.4311981243853822,3.2682073800338687,0.4621606346784202,-64.98473895922261,206.5108088211658,3,interpolated
WF060595,Muur,5.1224191,52.0861438,0.8312557714897058,2.8807431740571983,0.32705485397711515,-50.603497494969666,340.85634955700505,1,weakly supported
KM060064,Kademuur,5.1207042,52.0897798,1.5313387560442047,3.5649716560302136,0.486975218771087,-55.47552762666346,187.9608268729555,3,interpolated
KM060051,Kademuur,5.116526,52.0942514,0.6939851267400714,2.6149750331609583,0.5404840068716369,-115.90429582400667,242.76444634103416,1,interpolated
BS070112,Beschoeiing,5.1344536,52.0617052,0.24523164335372785,1.4249200126998298,0.275473433592005,3.745782827150644,193.46021406866345,5,interpolated
KW030003,Muur,5.1014811,52.1279212,-0.7381190253634451,2.002646044938053,0.24569564486835466,0.012385281702127493,611.5591920596725,0,no support
WFM06437-X,Muur,5.1214257,52.0880124,1.1343646728766181,3.2476901919970644,0.39743986913438345,-56.04093494852036,353.21523646405217,3,weakly supported
WF060019,Muur,5.1204483,52.090524,1.6401248752763173,3.6352025763377744,0.5067939212227854,-57.648657206737134,146.128994346014,2,interpolated
WF060819,Muur,5.1222644,52.0866674,0.9088088447410285,2.9694720444284,0.3499846646944883,-54.47694211485649,396.60179023066354,1,weakly supported
BS030067,Damwand,5.1045472,52.1284779,-0.7497156242728542,1.9472369934929357,0.25556116285396263,-0.6818265782209438,686.8714672643787,0,no support
WF060294,Muur,5.1261935,52.0867657,0.9762030662620114,2.5863250510846574,0.37401012929151356,-107.40508662361326,332.77973678640524,2,weakly supported
KM010002,Damwand,5.092607,52.0936096,0.6225341531655251,1.6623154092349388,0.18917238833382247,-26.9715367804146,304.77129903431813,4,weakly supported
BS040090,Damwand,5.1111067,52.1037401,-0.2051773736114991,1.8691781015856894,0.4502296223886239,9.866503907270658,272.22823939913684,3,weakly supported
WF060470,Muur,5.1187411,52.0915636,1.4082795314292036,3.4211934792639473,0.48996243869976497,-65.36958631743374,250.2480858241141,2,weakly supported
BS100105,Beschoeiing,5.0095577,52.0806787,-1.339753107505291,0.9608251074448725,0.2741146947700761,1.6785305969993907,215.31843913255216,4,interpolated
BS030165,Damwand,5.111553,52.1065465,-0.33987726689720305,2.0390022753343002,0.42137263545742454,-8.008236757260928,93.77065330483192,3,measured nearby
WF060821,Muur,5.1174371,52.0916036,1.1442174539620489,3.202656361293178,0.49354103935204563,-79.28098900378906,338.91727962409465,3,weakly supported
BS040001,Beschoeiing,5.1433155,52.1054217,0.0688104819871382,1.5891000752313307,0.27200485570268723,-6.401159106399005,446.75032765721573,0,weakly supported
BS090152,Beschoeiing,5.0446635,52.097154,-0.26372173855313535,1.7478692385915406,0.25090342518626735,-4.061036154332951,204.6944092647876,2,interpolated
WF060030,Muur,5.1223213,52.0864339,0.8726144601428478,2.928679010253013,0.34024831955619045,-52.82534197329183,372.0161209822676,1,weakly supported
WF060035,Muur,5.1225076,52.0857982,0.7839763649479551,2.829511344210153,0.3095227745671706,-47.249194970471116,305.28166886243315,1,weakly supported
BS070076,Damwand,5.1208482,52.075809,0.21759647993665837,1.7187841461834257,0.3372370998207254,47.08856250357272,301.2392824063537,3,weakly supported
WF060537,Muur,5.1216281,52.0875108,1.0315744492944612,3.1419223147510693,0.3781246614364466,-55.0576815976522,376.6020499478745,1,weakly supported
BS050003,Beschoeiing,5.1349703,52.0783984,0.45271494611641483,1.8108768877371155,0.21224414508248898,-1.0433520450429707,243.63806741477023,2,interpolated
BS030142,Beschoeiing,5.1054266,52.1089068,-0.21516594752145946,1.7579980157475688,0.46123263512051277,-5.103660858724944,221.18558219178107,2,interpolated
BS060021,Damwand,5.1200985,52.0832293,0.4694821047171124,2.3271456130158197,0.2823635443533044,-18.5894592511427,295.1896368413599,2,weakly supported
KW010004,Muur,5.087387,52.0829946,-0.02243096040431395,1.9793209816319246,0.2085068708986644,-8.351353054889476,524.4038741558772,0,no support
KW050013,Muur,5.1247183,52.0798385,0.36603160057180034,2.0275253285941552,0.24397363195973767,-7.167664958918297,390.65859660596834,1,weakly supported
WF060606,Muur,5.1224058,52.0851333,0.7023749397213528,2.754068713698409,0.27744700945713924,-39.321708495539866,252.5414745305378,2,weakly supported
BS050094,Beschoeiing,5.1456477,52.087541,0.43618814049625615,1.7381733101411134,0.37688018397041434,7.587203803961358,162.43116218232353,2,interpolated
WFM06561-X,Muur,5.1241271,52.0890252,1.3889548194847992,3.2826446958079325,0.4451613595557896,-72.54193358323303,265.1816287100402,2,weakly supported
BS020047,Beschoeiing,5.114576,52.0971029,0.030812749287244017,2.2290120823065345,0.4832964950487114,-63.17868015466183,177.08226073879396,2,interpolated
WF060121,Muur,5.1166809,52.0953735,0.5404465445484804,2.507757722282095,0.5202263597244315,-90.05980771723083,315.16709480451664,1,weakly supported
BS030107,Beschoeiing,5.1224449,52.1142413,-0.22405931484985012,1.9211619117571732,0.26202836278593095,4.495642632223135,254.37156134311942,3,weakly supported
KM070008,Kademuur,5.143033,52.065055,0.4162097122023959,1.271146136225585,0.3094496061929515,2.752447552219116,81.47811305175988,12,measured nearby
WF060693,Muur,5.1235266,52.0959193,0.5996693032494507,2.4989852475913223,0.4544454105483791,44.205625942104525,354.3200253288658,1,weakly supported
WF060662,Muur,5.1226753,52.0832698,0.5018305919412529,2.5189960119163057,0.1850905607762054,-15.272980509342345,162.62634885430236,1,interpolated
BS030173,Beschoeiing,5.0809626,52.1252704,-0.6651684647047483,1.073174952896529,0.15367761739372557,-15.843237548250078,155.293327402047,1,interpolated
BS030145,Damwand,5.1069269,52.1071204,-0.30730826010323686,1.9309726026659837,0.4692432525728681,-0.8003988647956303,238.15231346596158,4,interpolated
BS100426,Beschoeiing,5.0270844,52.0766341,-1.2857915853062347,1.1067795901230384,0.18034808844574218,5.869822487172258,50.713415311865845,7,measured nearby
BS040129,Beschoeiing,5.1365485,52.099397,0.278755709073981,1.5730897369684747,0.3810314918688527,-2.470255251289804,107.51373763359263,3,interpolated
WF060248,Muur,5.1232431,52.0925818,1.5849574430872937,3.4507529708010596,0.47900227335276524,-52.41587915270559,171.73781641978968,2,interpolated
WF060500,Muur,5.1213986,52.0889396,1.3861895857362514,3.4177711196448533,0.4540486658797064,-58.773046232492106,252.90425974652803,3,weakly supported
WF060823,Muur,5.1275155,52.0848214,0.7244703585958853,2.3988571418306774,0.2515189610823447,-62.22304209238637,223.47667233501392,1,interpolated
WF060128,Muur,5.1167403,52.0951102,0.5863471436042905,2.528663211452645,0.5277275490586534,-95.57713646598087,300.3164260419699,1,weakly supported
BS030069,Damwand,5.1211243,52.1212371,-0.3455412296538087,2.042501810751195,0.25728724693041377,-5.5406716719884574,388.0289492718842,1,weakly supported
BS090017,Beschoeiing,5.0334061,52.101902,-0.4272721159156525,1.3306932985485131,0.31304913883540686,-6.391326207759081,301.05924654792176,1,weakly supported
WF060580,Muur,5.1222476,52.0867131,0.915899147893094,2.977864487343672,0.3518295993627473,-54.72847166433581,401.61979466337243,0,weakly supported
BS030003,Beschoeiing,5.0935369,52.1277759,-0.7967872822175845,2.1193011444632788,0.19765538575899136,-0.22094370091438245,475.10867422907336,0,weakly supported
BS030167,Beschoeiing,5.1360035,52.1133546,-0.07374824338997853,1.7287832015636,0.14393759517467636,-69.32407714519331,335.57784792632714,1,weakly supported
BS080041,Beschoeiing,5.1003426,52.0717272,-0.09722595620394837,1.8330068865909452,0.47626010828226106,42.83457550018497,193.84626512594343,5,interpolated
WFM06610-X,Muur,5.1268966,52.0857931,0.8456912912788844,2.551015533850322,0.3176127167656155,-89.33636651227941,282.8677676848054,2,weakly supported
WF060143,Muur,5.1163136,52.0955525,0.491607018279029,2.473651662846763,0.519778529149319,-89.78968416608527,310.53864690951474,2,weakly supported
WF060826,Muur,5.1187592,52.0918363,1.402438824498291,3.4030369452359577,0.4933003081055819,-67.20474209874213,256.4811103381868,2,weakly supported
WF060302,Muur,5.1239235,52.0894309,1.4899355559370175,3.405967611366592,0.4659116537201623,-67.39750359999051,218.9299369306777,2,interpolated
BS050062,Beschoeiing,5.1538953,52.0832674,0.48162484750591195,1.7130758143397244,0.33430482165903225,10.841783482352907,383.61596233670366,1,weakly supported
BS040120,Beschoeiing,5.1434739,52.1097792,0.03508047320523349,1.544542405464846,0.2025165902168654,-19.531206233797832,253.1888008971433,1,weakly supported
BS050030,Beschoeiing,5.1410929,52.0748605,0.5401300173685024,1.5935023809038742,0.11379520070914774,-3.04499665391195,62.43834921035019,1,measured nearby
BS100275,Beschoeiing,5.0359871,52.0857543,-0.18420632912863993,1.2619858629362466,0.45800502750677075,-12.06176512135395,155.65584423948482,3,interpolated
KM070012,Damwand,5.122013,52.0778045,0.23946224500454108,1.7655289998959742,0.33121672584762774,21.56630722712736,400.3781402450029,0,weakly supported
BS040092,Damwand,5.1107251,52.1041803,-0.24216446775955855,1.9077679720886942,0.46185217747518864,7.4897190971714975,230.109377688389,3,interpolated
WF060529,Muur,5.1217151,52.0881114,1.1858746257526314,3.268093192335244,0.4081877379467487,-58.577962274168726,339.3623828040813,3,weakly supported
WFM06368-X,Muur,5.1233729,52.0942418,1.0364616390510133,2.9331960108394677,0.46854629771659656,-1.906294461952529,351.8245642949764,2,weakly supported
KW070013,Muur,5.1358065,52.0644169,0.2882120584492547,1.3312680660124174,0.3051366165930363,-0.3626665648496415,179.35859982131524,2,interpolated
BS070049,Damwand,5.1197571,52.0738106,0.3413531771652863,1.5598916232432183,0.2325010184301631,114.00320029004159,288.5609236479612,5,weakly supported
WF060614,Muur,5.1226753,52.0853682,0.7287222839572219,2.7727372093342653,0.28279339051860136,-42.451963266461796,259.8899406328294,1,weakly supported
KW070002,Muur,5.1240003,52.0593233,0.3337234018419913,1.2413939387452149,0.3262588518787951,-21.280738582508715,279.249316072917,2,weakly supported
WF060828,Muur,5.1267668,52.0862397,0.9111750107902865,2.5401941001328785,0.34960457924664584,-104.33283835784047,324.46093186096084,2,weakly supported
BS100221,Beschoeiing,5.0075689,52.1206057,-0.7923152945138019,1.3571302708827708,0.48337571911964594,-12.351103550028972,686.766701536875,0,no support
BS050247,Beschoeiing,5.1309768,52.0788958,0.44373541257976845,1.791586311952021,0.1832080751473346,-3.233392702362501,106.01570963223034,2,interpolated
BS060010,Damwand,5.1288845,52.0863825,0.9824095782533419,2.282021333359293,0.4010314367712146,-167.77325670723042,226.7418900452543,1,interpolated
WF060021,Muur,5.1212998,52.0891854,1.4481593233721421,3.469326333367588,0.4649885468865298,-58.60409114242935,228.58773800820617,3,interpolated
WF060713,Muur,5.1235652,52.0956272,0.6495498902143487,2.552113475414868,0.4590948890484004,39.49609595004473,363.1159007742444,1,weakly supported
WF060186,Muur,5.1163907,52.0941942,0.6864774776485919,2.59430339450208,0.5444745842088068,-119.45884207610767,231.9608820287488,1,interpolated
WF060522,Muur,5.1215117,52.0878031,1.0894081785225747,3.2031723854960887,0.3889994917364346,-55.67919595691578,368.90463393775383,3,weakly supported
BS100214,Beschoeiing,5.0185982,52.1198073,-1.2448157508036826,0.6458254656040048,0.4605663390097764,-17.33795698298547,247.89094132588673,1,interpolated
KW040005,Muur,5.1135371,52.1000939,-0.03076276055289368,2.0223789555304177,0.4068813534576165,-23.68820473394392,283.27539669829594,2,weakly supported
KWM09001,Muur,5.0702306,52.0981177,-0.8332864386711268,2.204783784209279,0.8323123516096805,-625.2436210901811,255.8318879254193,1,weakly supported
KM060059,Kademuur,5.1187275,52.0917739,1.3996762062945218,3.403336273215537,0.492338108553619,-66.97008733718891,256.55748560415014,2,weakly supported
BS040149,Damwand,5.1246701,52.0982904,0.19163875271752362,2.0987468067800688,0.4198208030837359,55.18539645602222,302.0272264428269,4,weakly supported
BS030192,Beschoeiing,5.1014711,52.1119556,-0.2355362176011964,1.7903510001455463,0.44637755840306925,-6.870038946873952,392.4048880890654,1,weakly supported
BS040023,Damwand,5.1240527,52.098787,0.1459031829537301,2.0903873987126786,0.4082547675263976,33.89572520760244,244.0970911891793,3,interpolated
OOM04001,Muur,5.1272744,52.0996541,0.16575234871853126,2.1277452029831596,0.45103298256357144,68.56696900123455,317.2211095719349,4,weakly supported
WF060172,Muur,5.1167972,52.0938799,0.761665066342442,2.6890661644397778,0.5373257681259878,-113.10380988607496,250.82575523004357,1,weakly supported
WF060341,Muur,5.1246058,52.0885085,1.2559243593834577,3.097016825708137,0.41902938478659557,-82.67655642315579,331.24292030733744,2,weakly supported
WF060829,Muur,5.1236475,52.0962506,0.2531798489933929,2.3948806049349924,0.4070573388889722,62.07479059990923,336.75653709445857,3,weakly supported
WF060830,Muur,5.1192435,52.0917472,1.4900418932940038,3.485991247052833,0.49814425108076005,-63.567871118246615,221.90711596220163,2,interpolated
KW090012,Muur,5.0658113,52.0947409,-0.35374201656837045,1.698038421020937,0.5348357573028687,-75.33556888282536,67.8667002515371,3,measured nearby
BSH05016,Beschoeiing,5.1535423,52.0752072,0.46698967478948655,1.4527604918525825,0.2392605524857898,-5.9612442431254795,309.06385915929013,3,weakly supported
BS090182,Beschoeiing,5.0540767,52.0943851,-0.08419239382319317,1.8665588215012028,0.3014829119009552,-10.282276042173091,501.29539455028544,0,no support
BS040075,Beschoeiing,5.1285856,52.1063687,-0.18873065278311538,1.3621711083744565,0.3363488570559754,-2.2566925931007162,248.34482830693273,1,interpolated
WF060028,Muur,5.1217366,52.0872366,0.9825049872308265,3.0858907953824346,0.3686640895949408,-54.33041224651322,386.2800181278936,1,weakly supported
BS030066,Damwand,5.1058464,52.1279349,-0.7224685337508782,1.9974359210300956,0.26851343276527795,-0.8259147836850288,654.9442770252757,0,no support
WF060174,Muur,5.1165319,52.0935651,0.7602712827921779,2.6642805534855936,0.5439917361526115,-119.6714956170725,229.7506998992142,1,interpolated
BS050177,Kademuur,5.1400123,52.0880147,0.5352907271517001,1.6723403128358154,0.35065642884835163,-25.148743649565926,381.734931322269,2,weakly supported
WF060334,Muur,5.1248843,52.088444,1.2252677201364097,3.036753439645738,0.4146828873454978,-87.22110249053465,346.7702278715556,3,weakly supported
KM040014,Kademuur,5.1156685,52.0968675,0.2300837091753819,2.2159869782118973,0.4853190008182258,-65.51933847435684,256.20772483178115,2,weakly supported
KWB08002,Muur,5.1209328,52.076584,0.2388463394919014,1.7197983574264328,0.32924270037944764,38.97216066724114,356.0079859873256,3,weakly supported
WFM06374-X,Muur,5.1234766,52.0947469,0.8860233926233864,2.7682164831178486,0.4604378932748489,14.347242460635568,408.25123589174376,0,weakly supported
KM040016,Kademuur,5.1380172,52.0977709,0.2663326908373805,1.645873167099665,0.3847801359850817,8.673780397318025,210.74165887502545,3,interpolated
WF060539,Muur,5.1216467,52.0874729,1.0247896823020526,3.134039836723192,0.3768372382362881,-54.99521203406607,378.04230146036315,1,weakly supported
BS100054,Beschoeiing,5.0102175,52.1152192,-0.6385587517841705,1.325239351572739,0.4495837518020894,-8.96210767783952,730.2998689133947,0,no support
WF060205,Muur,5.1170704,52.0925446,0.9701359954836934,2.956042219414553,0.5181197545534657,-98.50339014244952,288.35924744755096,3,weakly supported
BS030174,Beschoeiing,5.0826546,52.1238704,-0.6322975590920346,1.4133693538710472,0.16245391883406893,-21.18527438172215,324.669992735649,1,weakly supported
WF060517,Muur,5.1215585,52.0884694,1.2735393772227068,3.3486437521933663,0.4251503930513647,-58.736989158101416,301.6226246217539,3,weakly supported
WF060831,Muur,5.1255071,52.0875962,1.0807249793919171,2.813234741417469,0.3847823765982226,-102.7784584747682,346.9264703298449,1,weakly supported
OOM10011-01,Muur,5.011572,52.0830524,-1.1228620981034962,1.174712910228502,0.2492455068270881,-6.3875177049147664,181.35047227433236,4,interpolated
BS050016,Beschoeiing,5.1546634,52.0769024,0.5145471958201048,1.604420840482591,0.20392957898243172,67.45235567932966,253.78466342191007,1,weakly supported
KM010005,Kademuur,5.1038489,52.0901853,-0.0025893548836467056,2.2872373467281695,0.4920800538644196,-32.44801690109653,338.2153499004094,1,weakly supported
BS090089,Beschoeiing,5.0860652,52.0694631,-0.4064780126822519,1.0613941164213712,0.1300343485507567,-8.330912165212832,117.0673662717685,3,interpolated
BS050037,Beschoeiing,5.1578795,52.0748262,0.5185139140643948,1.684894182637254,0.18340852628119372,67.45235567932966,130.80988650629791,3,interpolated
BS040043,Beschoeiing,5.1323819,52.1084945,-0.12677321479494152,1.6124127469630376,0.2728398949189301,1.8364583052544352,488.364288121969,0,weakly supported
KW070014,Muur,5.1391219,52.065056,0.408359392093269,1.1992989187950795,0.34135475431970863,-1.1775126994451246,128.22122122744517,8,interpolated
KWM01012-01,Muur,5.0992316,52.0947531,0.06468213032788438,2.16889068263761,0.2935958609424565,-20.584225119568075,144.3367118724302,2,interpolated
KM060011,Kademuur,5.1221193,52.0868913,0.9410172802704296,3.012886231340171,0.35853950139215796,-55.1074321677967,418.1181169021546,0,weakly supported
KM090017,Damwand,5.0635891,52.0951968,-0.1780324349087191,1.8526839907192285,0.4288637656680295,-41.869803035328744,188.56444158376735,4,interpolated
BS100055,Beschoeiing,5.0099153,52.1154759,-0.63864867253884,1.3292950595864708,0.4535697608650503,-9.153462695897623,756.6195998772677,0,no support
BS090157,Damwand,5.0583368,52.0857749,-0.22245786867040915,1.4347227566233829,0.48207996275142917,2.773403144556888,160.51941423975924,4,interpolated
BS030008,Kademuur,5.0946152,52.127009,-0.7018206841333289,2.238355388996742,0.20914875523873253,0.050860928139901763,395.98419230079287,1,weakly supported
KM100025,Kademuur,5.0192594,52.0801097,-1.212462824654747,1.55786499757167,0.39897375221519854,1.9104197892971797,234.43334538951459,3,interpolated
WF060632,Muur,5.122913,52.0848787,0.6669525460677124,2.7182974040585,0.2454532953262294,-35.79025678262364,208.05991468963288,1,interpolated
BS100435,Beschoeiing,5.0261272,52.0887741,-0.6631368114205066,1.329562932736121,0.31860528480907924,8.36938608003326,294.1087898346849,2,weakly supported
BS040008,Beschoeiing,5.1481825,52.1123361,0.01120853290121347,1.5798813921333432,0.1927704954840896,-26.861401428653235,402.4939684678453,0,weakly supported
BS020014,Beschoeiing,5.1019594,52.1108883,-0.201416150616927,1.7323876870093216,0.45341717720186686,-7.671786666502515,270.7750433528556,1,weakly supported
WF060161,Muur,5.116745,52.094539,0.6831343394393679,2.6354750851776014,0.531299046518509,-107.79878266506083,268.592965232607,1,weakly supported
BS040147,Damwand,5.1196147,52.0968014,0.2147135379853702,2.359079577681108,0.3706258526061869,-30.944876943891394,274.4530553569098,1,weakly supported
BS090237,Beschoeiing,5.0577343,52.102054,-0.5082402154388311,1.6842453385347909,0.20941918139011348,-11.927317453654519,251.6774839728302,2,weakly supported
WF060137,Muur,5.1161781,52.0958462,0.43540859377606916,2.451864185582279,0.5115094152018924,-83.17272588172338,329.0087062853249,2,weakly supported
WF060541,Muur,5.1218656,52.0877801,1.112397685407436,3.1944267552586645,0.39396667234251115,-58.34118555475259,374.8995121855653,3,weakly supported
KM060035,Kademuur,5.1271054,52.0855456,0.814005883476218,2.5515399823823746,0.3021172705717763,-83.18077031947033,266.05879096500087,2,weakly supported
BS100292,Beschoeiing,5.0383484,52.0869712,-0.047880940862184314,1.2101783715446965,0.42296619339945424,-25.440835061095555,79.87823769800967,1,measured nearby
WF060506,Muur,5.1213391,52.0882305,1.1848566089929586,3.294403973176362,0.4070152781505227,-56.40458612223146,330.552557356911,3,weakly supported
WF060576,Muur,5.1222164,52.0867955,0.9288355096275399,2.9932218573251457,0.3551020088960191,-55.149430029583975,410.70205278134756,0,weakly supported
WF060437,Muur,5.116981,52.092274,0.9880600282004846,2.9908968761537866,0.5127150608990912,-96.07626191126674,295.7197481606987,3,weakly supported
BS100173,Beschoeiing,5.0377288,52.0765272,-0.8687589348783374,1.296499340571913,0.49358655984628347,2.419888703162805,96.02632807112934,4,measured nearby
WF060289,Muur,5.1238307,52.0897636,1.5659509891592969,3.4940380244667515,0.4816864080422742,-64.33270411465284,184.12873911962754,2,interpolated
KW070003,Muur,5.124442,52.0595306,0.33265864927285627,1.2479592411361813,0.3303008699776749,-20.813467150935903,312.9448665776053,3,weakly supported
BS040026,Damwand,5.1326452,52.1004215,0.13468337220825885,1.913973865548025,0.4276200777985009,55.65776152874181,379.59246495051246,1,weakly supported
WF060599,Muur,5.1223038,52.085342,0.7250125114405349,2.777745822916207,0.29106687136893944,-41.46666555236516,274.11558937933154,2,weakly supported
BS020009,Kademuur,5.0930124,52.1176272,-0.5070440909572026,2.1866114428304106,0.24423507121157687,-4.8419956131299875,295.3574823143857,1,weakly supported
KW060009,Muur,5.1266205,52.0921966,0.9380818330291336,2.5436763423082644,0.3468960086211266,-48.74404540938126,213.06956437985025,4,interpolated
WF060331,Muur,5.1242998,52.0887994,1.3309094345475432,3.2060727816241075,0.4334972991606378,-76.3282826836825,292.89740093867294,2,weakly supported
WF060512,Muur,5.1214011,52.0880761,1.1488010872810583,3.2612903701042,0.4001681448298793,-56.154610010050455,346.564648557024,3,weakly supported
BS020026,Beschoeiing,5.0919861,52.1175071,-0.45648853918734805,2.0620846384563927,0.2678986617757937,-23.180392883670585,354.4109132593703,1,weakly supported
DW010068,Damwand,5.082686,52.1000791,-0.3203201695863219,1.918461001259452,0.28681207223824023,-25.10557138204193,186.93567742861325,2,interpolated
BS050248,Beschoeiing,5.1325404,52.0784511,0.46520870712891643,1.8079643098859663,0.20915506497264638,-0.6925956664231755,131.36008876137518,2,interpolated
BS030164,Damwand,5.1112284,52.1059052,-0.33968869002961993,2.0398601881179923,0.4248051433850673,-7.57845176281519,88.81132691324298,3,measured nearby
BS100051,Beschoeiing,5.0123119,52.1146308,-0.5429563715881848,1.1525097453029833,0.3760982120801764,-8.573843460475064,698.1696059800197,0,no support
KW010006,Muur,5.0881585,52.0834211,-0.016539843013148574,1.9803815655994028,0.20753816884982623,-7.130781417438546,487.550238783279,0,weakly supported
WF060319,Muur,5.1243185,52.089047,1.3760500601846752,3.2568281907527354,0.4434552234773281,-74.0184580822538,269.39160693219736,2,weakly supported
BS080027,Beschoeiing,5.1125353,52.084243,0.28260991538700997,1.9887474138839816,0.17356823856464845,-14.39352166915993,174.89751825905185,5,interpolated
KW090009,Muur,5.0647465,52.0850091,-0.14164558784173137,1.5847450487054648,0.5713941437791996,-0.7242121503597764,150.82660989085622,3,interpolated
WFM06750-X,Muur,5.1253712,52.0905349,1.379962719895815,3.198304754673545,0.4526439131036799,-65.15249923052772,218.3354250815806,3,interpolated
KM060006,Kademuur,5.1122596,52.0922153,0.5822541218439854,2.4201438266595936,0.5963332579874782,-153.4167198955489,159.36545295678033,1,interpolated
BS100092,Beschoeiing,4.9957907,52.1006254,-0.6588612415487604,1.2401322109345359,0.3191484155975729,5.805323323452289,328.3321511729576,3,weakly supported
WF060361,Muur,5.1252535,52.0878461,1.1212260853008529,2.882330532043598,0.3929805812475184,-97.58364825262076,360.19837619748625,1,weakly supported
DW020002,Damwand,5.1084939,52.1052291,-0.35068230628355296,1.987862756934719,0.540572207955604,6.915493645471364,83.3930305692587,2,measured nearby
WF060551,Muur,5.1219257,52.0875808,1.0696216862343249,3.1515930468815103,0.3855399011432722,-57.85276648195279,396.6546054561798,3,weakly supported
WF060154,Muur,5.1168445,52.0937047,0.787000172407873,2.715838824697185,0.5365675927534624,-112.49490795205656,251.81556706299995,1,weakly supported
WF060123,Muur,5.1167067,52.0952782,0.5575072413334914,2.5156276483710056,0.5229450222206933,-92.05834046824967,309.7804485039829,1,weakly supported
WF060318,Muur,5.1242845,52.089106,1.3905169867617309,3.2755683976564725,0.44636256311874073,-73.10355922173139,262.55862750050676,2,weakly supported
KW050005,Muur,5.124504,52.0783198,0.2646081386052212,1.8121485228236023,0.30260585487769975,-3.9111578546184904,363.7637103212871,1,weakly supported
WF060655,Muur,5.1231556,52.0842051,0.6065701059589699,2.5647750368168034,0.20280227084589064,-27.83665693229839,147.9445081128637,1,interpolated
BS050163,Damwand,5.1607283,52.08021,0.5354720970772502,1.7089707160512988,0.25768079572386177,16.445110538969978,288.9144881517706,2,weakly supported
WF060450,Muur,5.1172584,52.0916285,1.1097043688368111,3.1652998886744315,0.4942880931470445,-81.72114455351075,350.6194388764202,3,weakly supported
WF060148,Muur,5.1164281,52.0950809,0.5719859072489606,2.5024234441452147,0.5338706515624757,-100.83843637889322,281.24392686325655,1,weakly supported
WF060155,Muur,5.1168557,52.0936674,0.792703175258929,2.72225586624526,0.536289857484977,-112.26487198344746,252.3050483632172,1,weakly supported
DW090006,Damwand,5.0704206,52.0916926,-0.38924507041680456,1.9338721695280476,0.557724442263252,-183.3293061599935,484.3070174971413,0,weakly supported
BS040045,Beschoeiing,5.1441723,52.10465,0.0854069635998627,1.5750405055609076,0.26889916511833767,-5.9144016494447325,496.84382454359036,0,weakly supported
WF060837,Muur,5.1199526,52.091433,1.613420272779795,3.6001280851074076,0.5076166070756621,-59.77947955323859,166.1356433156692,2,interpolated
WFM06751-X,Muur,5.1252303,52.0904886,1.4125637941148121,3.2426796089914336,0.45871201286751284,-65.07784592481663,210.90062607069396,3,interpolated
WF060406,Muur,5.120064,52.0913246,1.6313807910112508,3.616967742042424,0.5091458072487208,-59.310327489510385,156.6503882178765,2,interpolated
WF060459,Muur,5.1179154,52.0915674,1.2385594206633255,3.296170131336684,0.49440011486804464,-73.93925087006933,305.970769446933,3,weakly supported
WF060197,Muur,5.1170906,52.0929863,0.9142136706106491,2.8757574233781464,0.5258361489700661,-103.50291302969005,274.77040380853947,1,weakly supported
KW010005,Muur,5.0883101,52.0835524,-0.015500939790569941,1.9826513079510002,0.2069183161928275,-6.7532601134317956,476.12330945091196,0,weakly supported
KW070030,Muur,5.1350998,52.0728961,0.3867280389291111,1.5573889576241005,0.22786383199722876,-13.060967305890413,453.85579578045093,0,weakly supported
KM060030,Kademuur,5.1161427,52.0963457,0.3502437842528213,2.4218947959328383,0.4951079931128611,-70.65961080540917,310.10642409925254,3,weakly supported
WF060125,Muur,5.1167167,52.09525,0.5626606049747277,2.51816437029994,0.5236963417990168,-92.605170762611,308.36963932218185,1,weakly supported
WF060654,Muur,5.1231354,52.084266,0.6125339693537044,2.5623439240567776,0.2068115898927754,-28.645316091611885,152.6727010089504,1,interpolated
WF060680,Muur,5.1225963,52.0822771,0.491928577252381,2.3547899852247847,0.1997483582341393,-15.871496906757168,216.01697436088142,1,interpolated
WF060164,Muur,5.1167376,52.0943978,0.6987767750797171,2.6420397687556236,0.5337185804617411,-109.88570198248954,261.99102594031444,1,weakly supported
KW010008,Muur,5.0814355,52.0876137,-0.0430826670204882,2.0772758354883987,0.20562498677927082,-6.471836679287655,340.9196598609411,1,weakly supported
BS080008,Damwand,5.1168597,52.069449,0.4288094958688949,1.3666151947309317,0.286178459742099,-19.06041943563729,250.79147219737877,7,weakly supported
BS050002,Beschoeiing,5.1482196,52.0860404,0.44184377981035866,1.727358569260189,0.37696325904759237,5.547311069232902,238.51597673269123,2,interpolated
WF060839,Muur,5.1218266,52.0878527,1.1274354612692967,3.2105246031187136,0.3968845849009776,-58.361025938206176,367.098698131452,3,weakly supported
KM100028,Kademuur,5.006484,52.082371,-1.3702628040450198,0.9385374211930434,0.24306395991009352,0.0649646557219677,89.7526967471162,5,measured nearby
BS090115,Beschoeiing,5.0474551,52.0972497,-0.3333376939785807,1.7834873326983514,0.33265837635636053,2.2013725005917495,123.04626522503983,2,interpolated
BS030104,Beschoeiing,5.1257524,52.1154195,-0.16594435273749553,1.8816754359759922,0.1984966980203754,2.0289511617474227,221.78061548561348,3,interpolated
DW010069,Damwand,5.0811307,52.1001892,-0.34890256139471015,1.9220198637535328,0.2808094050293755,-36.23821621255273,175.15330151402537,1,interpolated
WF060116,Muur,5.1166037,52.095597,0.4989104928688951,2.488475873428544,0.5138541222329339,-85.35662549123946,328.01123946449593,2,weakly supported
DW010067,Damwand,5.0736441,52.1050995,-0.5561193883049793,1.9816353549589565,0.41587355401387494,-128.53518957362658,627.7261468117925,0,no support
WF060245,Muur,5.1254376,52.0920415,1.3053442286470207,3.020855122930177,0.422671071948589,-57.550501161910816,234.6218685931671,3,interpolated
WF060530,Muur,5.1217247,52.088083,1.1790338645737735,3.261753963160536,0.40686073859197086,-58.5394841601142,342.41129388825567,3,weakly supported
WF060633,Muur,5.122717,52.0842808,0.532661381128238,2.648570204500158,0.20648944912771797,-27.495263486816185,178.22383818392842,1,interpolated
BS050059,Beschoeiing,5.1433645,52.0948015,0.49868640250948426,1.5068130187573463,0.20463044866447747,-2.181329404005356,287.19640888347163,4,weakly supported
WF060037,Muur,5.1227567,52.0851443,0.7006554947749385,2.74704513991656,0.26718575054082666,-39.56209349421044,237.11226449833322,1,interpolated
WF060636,Muur,5.122963,52.0847601,0.6525832618749078,2.707194575036248,0.2361419801315901,-34.048957508465605,196.28207731266383,1,interpolated
WF060171,Muur,5.1167841,52.0939571,0.7517671866118736,2.6799002127072176,0.5372585847722914,-113.01964944327585,251.39859195596864,1,weakly supported
KM060005,Damwand,5.1113942,52.0935147,0.4815939557821718,2.213403432554103,0.5829101445766347,-169.47794404883484,121.70241851890997,1,interpolated
KW070018,Muur,5.135341,52.0613262,0.2502245652091975,1.4229621667586216,0.2703932703051846,4.745540811400865,129.5489207724553,5,interpolated
BS030166,Damwand,5.1112299,52.1070197,-0.3450740509923527,2.041311895177676,0.4232764427921211,-8.859152184977662,98.61819903194534,3,measured nearby
KWMZ02001-03,Muur,5.1038321,52.0981541,0.0810526950483682,1.9326132291784197,0.3130185370325114,-24.735029269345254,241.27378889414038,2,interpolated
BS050178,Kademuur,5.140323,52.0877525,0.5206673623122271,1.6869228660157092,0.3552026734052084,-20.188233569435784,348.50379170954676,2,weakly supported
WF060629,Muur,5.1226827,52.0844031,0.6455613151510732,2.5433048148415107,0.23598337793329804,-32.84055446494911,187.01111386222667,1,interpolated
BS100200,Damwand,5.0345822,52.0718087,-1.025048979734082,1.2163244304651526,0.3127672037744338,1.6173178666079584,472.3247468786228,0,weakly supported
BS040142,Beschoeiing,5.1522412,52.100497,0.2892260928671934,1.2236716674581816,0.17616425563503296,4.034487386751017,262.2006517634519,1,weakly supported
KW080009,Muur,5.1013657,52.072076,-0.12337443018537463,1.8016583195736384,0.5478574057660578,77.99937857083937,117.70502970927359,3,interpolated
BS050142,Beschoeiing,5.1419932,52.0945068,0.5103895314445098,1.4531168713659413,0.25500978627673415,-2.2881806175309567,276.35891328745066,3,weakly supported
WFM06410-X,Muur,5.1261573,52.0914107,1.1337558283666755,2.8054838142102447,0.3924061880318161,-57.44793664330149,235.7766773568488,3,interpolated
WFM06093-X,Muur,5.117017,52.0932463,0.8675679978591588,2.8146705284630436,0.530430222386424,-107.26426222703743,264.84341319162513,1,weakly supported
KM060023,Kademuur,5.1254027,52.0905616,1.372957256814346,3.189158070445859,0.4512827609216678,-65.00051340039586,219.49322766190784,3,interpolated
KM100035,Kademuur,5.0081755,52.082167,-1.344296467068331,0.9711327626456441,0.24923891032708512,0.1843705070485642,115.74780486977903,4,interpolated
BS070044,Beschoeiing,5.1352141,52.0559795,0.3590795591742028,1.3449357967301656,0.3258498291635455,-8.890956338829131,387.7961426017039,3,weakly supported
KW080011,Muur,5.1017352,52.0716493,-0.12265525455268426,1.8052269682803554,0.580989411765632,69.86704299497102,109.40911603183882,3,interpolated
BS040156,Beschoeiing,5.1330851,52.1053701,-0.01803571898481949,1.6944207207915942,0.32667644703200827,0.5051775733869541,236.02085489676773,2,interpolated
KWMZ02001-02,Muur,5.1039959,52.0989975,0.019260860951203652,1.8255777107915965,0.3175894054207083,-18.04569828322331,189.00629927215502,1,interpolated
DW010060,Damwand,5.0748846,52.10116,-0.7577660146167514,2.1242854335943018,0.5807686973988556,-342.9844705446437,472.07175374356717,0,weakly supported
BS030073,Damwand,5.1192995,52.1219975,-0.3909496946284084,2.0823804307049505,0.276720854855339,-6.144710607889896,383.0142076679386,2,weakly supported
WF060678,Muur,5.1225643,52.082352,0.5005926591128195,2.4426313127593025,0.20590363462584574,-16.012914586058464,212.48551242477862,1,interpolated
BS100153,Beschoeiing,5.0100041,52.0861798,-0.9406146238222078,1.34750494605261,0.26647286916268126,-8.084855808384509,182.37070996151095,3,interpolated
KM040007,Kademuur,5.1143139,52.0998443,-0.009676703444386479,2.0776858225170245,0.40777130079845647,-20.769207507500955,280.9899704319319,2,weakly supported
DW080005,Damwand,5.1062055,52.0821075,0.24048128119051115,2.002900642365467,0.2058662971031672,-26.02745385837116,318.9796552627279,4,weakly supported
KM060057,Kademuur,5.1179108,52.0917256,1.231994780480703,3.278551627797259,0.49839607013285525,-75.850516464403,309.48484945037154,3,weakly supported
KW060010,Muur,5.126724,52.0922917,0.9060934433646116,2.4996515207741226,0.33959488455387205,-47.47695814518046,209.89339118295288,4,interpolated
BS030112,Beschoeiing,5.087157,52.1235055,-0.6079468745715918,2.0046248725057563,0.17594282631369004,-20.218306246704387,440.72079673950526,0,weakly supported
WF060674,Muur,5.122562,52.082543,0.5009615796902772,2.461365554356146,0.20133630153482718,-15.851106192877959,200.2854792383359,1,interpolated
WF060841,Muur,5.1199697,52.0914177,1.6162585340138609,3.602784929587255,0.5078561892148846,-59.704231452277874,164.66704382630758,2,interpolated
KM060033,Kademuur,5.1229625,52.0798101,0.3867628914016127,2.012350577860476,0.2878141073714697,-16.438565050122868,436.2050850104675,0,weakly supported
WF060240,Muur,5.1248713,52.0921597,1.435951476906659,3.200205058710715,0.4492271754720381,-58.74854570924784,207.1472872211729,3,interpolated
BS090112,Beschoeiing,5.0529439,52.0948869,-0.1270837144696779,1.8581386585170037,0.3013711148465289,-9.23919238412499,505.30076539560207,0,no support
BS040056,Beschoeiing,5.1428669,52.1121652,-0.017755861522919327,1.6556452785419598,0.1854065857986034,-45.38232408091379,460.6253577694768,0,weakly supported
WF060290,Muur,5.1240404,52.0895921,1.5105361885488138,3.424876390075179,0.47065604752724255,-66.72616314864497,207.95279271278508,2,interpolated
WF060015,Muur,5.1172046,52.0916525,1.098773063683828,3.151575642122695,0.49519081457884534,-82.76669790837828,346.0770316033141,3,weakly supported
KM060067,Kademuur,5.1208645,52.0895588,1.51093897394056,3.5305142396173115,0.47552611137416295,-57.73856497217621,202.57695944293616,3,interpolated
BS100018,Beschoeiing,5.0424262,52.0765723,-0.7929622884829048,1.1391476723094678,0.3714015487309047,2.6005275696504917,219.57532014915836,2,interpolated
WF060591,Muur,5.1222001,52.0856696,0.761803334071974,2.8186470363813108,0.3087392144381801,-44.578774782062254,306.33593256795575,2,weakly supported
BS070104,Damwand,5.1123029,52.0606921,0.3466657488332437,1.1289304794605166,0.37363042010355085,-43.38440364337916,260.5558840031417,4,weakly supported
BS030017,Beschoeiing,5.1029665,52.1292363,-0.8315233163579197,1.8867684233614073,0.2237695828033456,-0.22091965805100694,755.8433925113474,0,no support
BS100417,Beschoeiing,5.0072081,52.0868737,-0.9145557524869266,1.3133097528490751,0.28491445343130656,-5.856286336642787,176.50236677325523,2,interpolated
WF060149,Muur,5.1164303,52.0950281,0.5798376765333914,2.504645545704599,0.5355135472404943,-102.13596233716873,277.8156524070509,1,weakly supported
WF060842,Muur,5.1220726,52.0871875,0.9948948585430213,3.0697342221412898,0.3702154094875727,-56.788420103665814,409.74265751636295,0,weakly supported
BS040055,Beschoeiing,5.1432129,52.1124734,-0.018832149703049528,1.6570759776318154,0.18462598179196527,-47.77958412706017,476.0533034205814,0,weakly supported
BS020032,Damwand,5.1118952,52.1007124,-0.04892532665281182,1.967259685652311,0.41500754162156617,-15.350291605285982,336.60064914660495,2,weakly supported
WF060156,Muur,5.1168675,52.0936284,0.7987591495918726,2.729178966979348,0.5359655710794334,-111.99602466833811,252.89296275665268,1,weakly supported
KM060010,Kademuur,5.1215489,52.0878897,1.1141357040158077,3.221128930199932,0.3938292256196552,-56.388619585071474,365.3108230579338,3,weakly supported
KW070011,Muur,5.1404176,52.0653009,0.42379561815119493,1.1414182166462834,0.321753814544696,3.4757842536221135,99.28681317626595,9,measured nearby
KM060021,Kademuur,5.1240297,52.092299,1.5476592038204928,3.4042063996917604,0.4716038514525173,-51.25258244506974,173.19422914509107,3,interpolated
WF060484,Muur,5.1210656,52.0889999,1.3732161710968858,3.4245476975889515,0.45028431273256025,-57.42903048100889,253.3026899259358,3,weakly supported
KW040004,Muur,5.1117658,52.1033188,-0.16488561001818194,1.8267789512485564,0.4347130591703665,12.12603274034638,269.5715532796933,3,weakly supported
KW050012,Muur,5.124561,52.0798997,0.3660822567132402,2.038660610877175,0.24395798454487688,-7.3674347010781265,403.326160735633,0,weakly supported
WF060578,Muur,5.12223,52.0867616,0.9235198878101752,2.986854040174689,0.35376560798917545,-54.98625103468644,406.9405211283978,0,weakly supported
KM060022,Kademuur,5.1242215,52.0922514,1.5522189655347358,3.36785317375035,0.47377359683522485,-59.2971724033932,178.5402097689519,3,interpolated
BS070041,Kademuur,5.1381308,52.0647313,0.3743062729632833,1.2338374631841384,0.3031918129631844,-1.7853175069510114,143.948834818686,8,interpolated
BS090122,Damwand,5.0536762,52.0866757,-0.19393053288682582,1.3083575492368118,0.4508780723716975,1.7132831677682756,289.83719593410063,3,weakly supported
KM060061,Kademuur,5.120251,52.0910634,1.655145620264556,3.640194116419201,0.5109684573978346,-58.601228153125355,142.7945710076239,2,interpolated
BS100053,Beschoeiing,5.0108897,52.1149676,-0.6432370625852557,1.3181652450887738,0.4436194567863837,-8.709736791650089,709.5197831321652,0,no support
WF060402,Muur,5.1226146,52.0830007,0.5016048404230763,2.5008587038431056,0.1904728239244947,-15.463102525386136,174.33275582570803,1,interpolated
BS020048,Damwand,5.1146775,52.0971603,0.0318222930936167,2.225290414598127,0.48059520626531754,-62.0944601635133,181.39043020040353,2,interpolated
BS090183,Damwand,5.0573934,52.0963643,0.17151357082982147,1.818008183666776,0.288081274329785,-16.75099932725055,193.4793605460137,1,interpolated
BS030020,Damwand,5.1034889,52.1289562,-0.7794326438977387,1.8890242387812062,0.24195769228848124,-0.5250536462811762,727.6743922711746,0,no support
BS080006,Beschoeiing,5.1017068,52.0706742,-0.033300682777876664,1.798421745448775,0.5052828657648823,7.3623588265866875,192.27569792304132,8,interpolated
WF060165,Muur,5.1167362,52.0943681,0.7019817621501421,2.643495365862807,0.5341789337757269,-110.28607409657518,260.71602304454905,1,weakly supported
BS060013,Damwand,5.1272346,52.0917036,0.7509158012136364,2.3592297069735837,0.31432635395641717,-43.054288394968374,161.30855816825843,4,interpolated
BS090151,Beschoeiing,5.043949,52.0968928,-0.21226173019711883,1.7544106962003465,0.2282271266474359,-6.194379796309726,163.86576934601726,2,interpolated
WF060844,Muur,5.1270063,52.0856437,0.8256282423859579,2.5519249751350075,0.3077794052762958,-85.30931055229547,271.855569583456,2,weakly supported
DW010073,Damwand,5.0936205,52.0885844,0.5234737712894778,1.680952303279653,0.14155679382268022,-8.297191180913368,185.81435061279723,3,interpolated
KW080010,Muur,5.1072901,52.0796124,0.24225797146731268,1.9306761796008602,0.1680496897353224,-27.24872226361962,392.5978154447779,1,weakly supported
BS040096,Kademuur,5.1114908,52.1033394,-0.17698861072041175,1.8385282652578276,0.4385346622731338,11.213088633795556,282.6982575656929,3,weakly supported
KW060013,Muur,5.1191888,52.0920923,1.4365293025332406,3.4439638934762447,0.5014746741237166,-67.35716837489595,239.74365620153768,2,interpolated
KM060066,Kademuur,5.1213949,52.0888364,1.3565322617825877,3.3954455462528585,0.44869485094626316,-58.65046705935539,264.07499312240014,3,weakly supported
WF060846,Muur,5.1167462,52.0946757,0.650857215904223,2.5540987960361314,0.5399947224635828,-104.77027567725806,275.33109160062793,1,weakly supported
WF060682,Muur,5.1226979,52.0821677,0.49157130568878865,2.349871667930951,0.19939461087639643,-15.851012145966113,218.94113584959305,1,interpolated
KM050003,Kademuur,5.1239892,52.0812152,0.49995981068371187,2.2607925691770436,0.20933295104222974,-13.879420867244981,266.2519454792958,1,weakly supported
BS100293,Beschoeiing,5.0380453,52.0859283,-0.1244316883501633,1.2601336933391336,0.4682517920862043,-18.35360014492867,127.67605086476046,2,interpolated
WFM06369-X,Muur,5.1233956,52.0943519,1.001873948121409,2.895500637288952,0.46660869192467264,1.6053158039896436,364.1195982579933,2,weakly supported
BS050069,Beschoeiing,5.1329297,52.0851599,0.7199833120038966,2.036959825456576,0.3463500427709378,-120.25614744518343,373.31760413765306,1,weakly supported
WFM06362-X,Muur,5.1232639,52.0937751,1.1925278207027161,3.1022757176714757,0.47808991212552937,-16.350497168085308,299.53590429657527,2,weakly supported
WF060620,Muur,5.1227434,52.0852437,0.7128637905671095,2.7575467981140256,0.27360307109042187,-40.888151553175824,246.17183677407877,1,interpolated
BS100423,Damwand,5.0263268,52.078857,-1.0335015785479333,1.3363096449336065,0.4139554871023554,-17.61015604137645,122.4585696675256,6,interpolated
WF060169,Muur,5.1167521,52.0941389,0.7286561425399131,2.66036477092216,0.5365874901086386,-112.40035897201014,253.83551933997953,1,weakly supported
BS030076,Damwand,5.1228729,52.1206047,-0.3034637715225626,2.0020941312426883,0.24599729444951543,-4.318706086706412,436.94585399948215,0,weakly supported
WF060287,Muur,5.1266718,52.0863546,0.9255840071455216,2.5442401362988045,0.3558161592062502,-106.29310012975004,329.9656053777849,2,weakly supported
KM100004,Kademuur,5.0477611,52.0832683,-0.3488261074984239,1.2605719706077232,0.43137766131587607,-0.6892491329741439,378.8660732395471,3,weakly supported
BS040088,Damwand,5.1116847,52.1012217,-0.05824551480011104,1.9273388792380768,0.4144656872331272,-7.6341458326307485,394.07971323600776,2,weakly supported
WF060848,Muur,5.1262169,52.0867297,0.9714932543873519,2.583510821783513,0.3722635777712177,-107.05532570220785,333.2641659172425,2,weakly supported
WF060589,Muur,5.1223407,52.0864684,0.8789325789865978,2.9338757973332634,0.34165826486749556,-53.28565073356695,374.70179657662925,1,weakly supported
WF060419,Muur,5.1204357,52.0905538,1.6421360821334356,3.6363960338335906,0.5071991144749072,-57.706252635851314,145.36913695401387,2,interpolated
BS100050,Beschoeiing,5.0128394,52.114505,-0.541858574085425,1.1559576568358614,0.3751717356477953,-8.39652723953964,697.7849407695646,0,no support
BS040041,Beschoeiing,5.1443603,52.1116456,-0.0009872225689230537,1.6160449841946087,0.18625760015003562,-31.873240425969797,357.21034303012897,1,weakly supported
KM090005,Damwand,5.0633744,52.0915024,-0.11890156401888373,1.9318211746848444,0.37710489372893613,-5.656361116940802,197.86779247904275,2,interpolated
BS030056,Damwand,5.1110833,52.1257545,-0.5234168292300472,2.162351140854402,0.3165748835308793,-3.1677683024540197,700.6639813188918,0,no support
WF060485,Muur,5.1212515,52.0893756,1.4973455523109047,3.5085975422539724,0.4739317574408378,-58.5876602540301,209.73396031902243,2,interpolated
WFM06609-X,Muur,5.1268005,52.0859229,0.8633027758571238,2.5512631856066066,0.3260491777508091,-92.66605923270573,292.98694111651133,2,weakly supported
BS100291,Beschoeiing,5.0295161,52.086243,-0.6642986568530775,1.1258090252519417,0.321687530302845,9.0240255530932,128.1688215016583,4,interpolated
DW010015,Damwand,5.0816715,52.0998798,-0.3458811278137665,1.9137341574187319,0.25546726511409273,-18.82377003460776,142.13182599728484,1,interpolated
BS030144,Beschoeiing,5.1063823,52.1079025,-0.2694317925533324,1.85903129316839,0.46131988321800493,-2.028358681846576,287.6400355445664,4,weakly supported
WF060849,Muur,5.1252303,52.0904886,1.4125637941148121,3.2426796089914336,0.45871201286751284,-65.07784592481663,210.90062607069396,3,interpolated
BS030095,Beschoeiing,5.0804111,52.1246375,-0.6607017039720176,1.0467328226771855,0.15235604237179431,-16.56187181396306,150.62944451794854,1,interpolated
KW010003,Muur,5.087665,52.0830046,-0.020035408542870038,1.972925517307846,0.20948529984633274,-8.342381982546925,526.0447748031878,0,no support
BS030113,Beschoeiing,5.0852276,52.1197783,-0.41318039612670754,1.8367986586526712,0.21677964550052062,-49.036378120865976,389.6290863374595,2,weakly supported
WF060350,Muur,5.125335,52.0879885,1.1350774717125505,2.885916450134468,0.39807413388999935,-98.64296560191832,353.42181060763994,1,weakly supported
BS010005,Damwand,5.0850276,52.0816496,-0.04254958861566539,1.8579406110413128,0.20368810026338524,-10.940460367121423,553.6564857325778,0,no support
BS020060,Damwand,5.0875747,52.1184631,-0.41699368022721345,1.920337838278058,0.2632407982001913,-39.9678302303213,342.3711590297091,2,weakly supported
WF060850,Muur,5.1170575,52.0931082,0.8922667723380395,2.846687691817669,0.5280899351083501,-105.33265415546313,269.86125421056124,1,weakly supported
WF060544,Muur,5.1216999,52.0873243,0.9975394391000614,3.103671639267865,0.3716095879627875,-54.56441595980488,382.79234905484526,1,weakly supported
BS100196,Beschoeiing,5.008049,52.0839278,-1.0768619451878456,1.185951857841112,0.26044130408346355,-5.69488181112455,158.35765257166508,4,interpolated
BS100270,Beschoeiing,5.0144836,52.1001741,-0.4735610668951655,1.3988203620873922,0.3292264808098653,-5.175834547224455,432.80581160910936,0,weakly supported
KW070021,Muur,5.1267886,52.0596509,0.3537400670560567,1.2979307114008953,0.35813773719186337,-5.60477372031416,272.97638273824253,2,weakly supported
WF060348,Muur,5.124738,52.088349,1.2209622217342504,3.045446630390608,0.412128424839034,-85.91039994669033,351.14554120037656,3,weakly supported
WF06,Muur,5.121299,52.0884498,1.2435876597002262,3.3420020559621197,0.4184761343779897,-57.043160390528456,307.37439856180475,3,weakly supported
WF060671,Muur,5.1225702,52.0826903,0.5011986500752021,2.4750072513472965,0.19777235176256205,-15.723401690935711,191.35604208043597,1,interpolated
WF060447,Muur,5.1171642,52.0919521,1.073471306519373,3.0969448935265786,0.5054909554076549,-88.44240957576113,324.7058811090633,3,weakly supported
WF060851,Muur,5.1234099,52.095368,0.7146481228674798,2.6266231547786187,0.46455587826613537,31.721451668832987,384.7341638844557,1,weakly supported
KW040022,Muur,5.1322906,52.1034622,0.007475076482467625,1.7023533873495535,0.3001664008619499,0.11747184025047996,210.93351642764492,2,interpolated
BS040155,Damwand,5.1193144,52.0996045,0.053054062698360334,2.153971885179064,0.3557127081570595,-0.9572168576496665,52.313763927674174,2,measured nearby
WF060177,Muur,5.1164427,52.0947657,0.6167540008338102,2.5151312163523785,0.5431909695808478,-108.21116526678215,262.16285182663813,1,weakly supported
WF060609,Muur,5.1226162,52.0855451,0.7513173246766456,2.7947222148079196,0.294182853516077,-44.581069711937154,278.00522386864384,1,weakly supported
BS010008,Damwand,5.0912727,52.0855966,0.05048191911193875,1.9047485481111555,0.21109820584631803,-1.3131147140244792,346.6030817854097,1,weakly supported
DW050004,Damwand,5.1298235,52.0838765,0.6086286329530166,2.2392874606604023,0.24425259187020254,-66.18059399921103,331.10398380102623,1,weakly supported
OOM02001,Muur,5.1031651,52.1036376,-0.2776997187713065,1.8986776057787484,0.4571825631923165,4.82194523369857,323.3800706921031,1,weakly supported
KW050011,Muur,5.1245863,52.0801099,0.3742952207776537,2.0659635332375488,0.23788276552511745,-7.729912785151103,380.786328491693,1,weakly supported
BS030141,Damwand,5.1020024,52.1111778,-0.20907793477558553,1.7467422733620264,0.4509343042263519,-7.199976203417875,302.6674476442357,1,weakly supported
KWM04001,Muur,5.1287337,52.0990969,0.18951655897800287,2.1358724399632205,0.48541184463581516,94.10773103752425,233.14794226045382,3,interpolated
BS030108,Beschoeiing,5.1222402,52.1142238,-0.22740946011501714,1.9247838627698204,0.2637497885463197,4.671127074272463,254.84118574066537,3,weakly supported
WF06,Muur,5.1258394,52.0908038,1.2702856420992494,2.971773829334037,0.42343816085945496,-64.65805901510961,242.61511900093134,3,interpolated
WF060604,Muur,5.1225168,52.085846,0.7907264958022191,2.835737053420863,0.3117706206575734,-47.843291437479415,309.3366461354308,1,weakly supported
WF060468,Muur,5.1185122,52.0915669,1.3664362556045766,3.383891226838655,0.4871608915905922,-66.92277837335132,265.70770493476476,2,weakly supported
WFM06612-X,Muur,5.1269961,52.0856571,0.8273969460171754,2.551820135398754,0.3086530283212642,-85.66874874255649,272.8010140208662,2,weakly supported
KM060038,Kademuur,5.1260955,52.0869647,0.9965508218944398,2.6880146678582104,0.3635328041161779,-109.82330884841974,329.14570701069493,2,weakly supported
BS070048,Damwand,5.119518,52.073378,0.3859332336048876,1.5185830963694555,0.19629657299049594,114.0032002900416,251.54912985274328,5,weakly supported
WF060605,Muur,5.122529,52.0858122,0.786252216133681,2.830881791703605,0.3098913479263277,-47.505339441504695,305.75004488469585,1,weakly supported
DW080004,Damwand,5.1066755,52.0826062,0.23010044375991956,2.01484441078816,0.19453921406184993,-24.773484720061006,266.96140016987954,4,weakly supported
BS080024,Damwand,5.1053363,52.0812085,0.23543549155869944,1.9535952816701088,0.1530197338264129,-22.156013183937837,422.4395810465873,0,weakly supported
WF060698,Muur,5.1238498,52.0965751,0.4525070562507684,2.139858000398868,0.4517600286280755,53.43005862797855,317.2280776071736,3,weakly supported
KM020007,Kademuur,5.0716955,52.1214135,-0.5107707184314472,1.284766921327971,0.23985016910857712,-39.54358441522628,662.170152283773,0,no support
DW010016,Damwand,5.0843708,52.0998821,-0.1638463764697516,1.9380560309182553,0.2910991069285095,14.865238387804034,245.7495096628142,2,interpolated
BS040087,Kademuur,5.1117534,52.1009884,-0.05323062291658168,1.9434100499694715,0.41370715093241667,-11.061904271391246,367.85449856279416,2,weakly supported
BS100113,Beschoeiing,5.0567106,52.0319901,-0.5631111449783314,1.543904647654323,0.4827478656507905,-6.348893948063814,510.4760277447883,0,no support
WF060904,Muur,5.1184752,52.0916005,1.3591314323697141,3.375384826992438,0.48729096473053485,-67.46575510601858,268.8813212512552,2,weakly supported
KW010018,Muur,5.0875514,52.0840951,-0.03819121576710351,2.048736656621657,0.19625303868455435,-5.544248458921203,405.37665503755454,0,weakly supported
KM100033,Kademuur,5.0083138,52.0822583,-1.3263306419680765,0.986951193568738,0.25016325568251374,-0.27922950757084647,129.30080041754368,4,interpolated
BS050001,Beschoeiing,5.1482784,52.0861033,0.44254550117379043,1.7259239318017985,0.37671359019285927,5.4138129308709155,242.14650973743886,2,interpolated
WF060853,Muur,5.121423,52.0880194,1.1359185118023047,3.249167743283471,0.39773305959526806,-56.05331180494541,352.49103032247865,3,weakly supported
DW030002,Damwand,5.0904028,52.1184405,-0.45159980837350716,2.0306354286016277,0.26087549199834154,-28.744106292870054,395.7668035855469,1,weakly supported
KM060017,Kademuur,5.1229374,52.0824169,0.5015250627494894,2.4740538236683403,0.19197378170467344,-15.52973898228046,188.17775758824715,1,interpolated
BSA01002-00,Beschoeiing,5.0926632,52.0860537,0.069404041054769,1.8563904820210995,0.2485868724554498,-0.9100512032707753,257.55972143307895,1,weakly supported
WF060226,Muur,5.12332,52.0940054,1.1139016564374788,3.0172574010973543,0.4731069948483242,-9.341113159542015,325.3676844708973,2,weakly supported
KWN09005-01,Muur,5.0715771,52.0914074,-0.41673354402118257,1.9458550961741212,0.578063527426397,-205.53713409407376,557.7004324838931,0,no support
DW080002,Damwand,5.1067684,52.0818296,0.25475042852418844,1.9773584323281452,0.19746800064243894,-24.485365589112185,302.62651677072535,4,weakly supported
BS090102,Beschoeiing,5.0868985,52.0665488,-0.18408840407197646,1.360227244686079,0.20772954784237205,-8.779634480290875,444.83323246328246,0,weakly supported
WF060701,Muur,5.1235093,52.0953378,0.7144215812970809,2.6244062631440164,0.46471408152533145,32.38687718693156,380.15738144294306,1,weakly supported
KW080013,Muur,5.1192973,52.0726606,0.45508715433968483,1.467693354915568,0.16132047590708876,-21.45321322565604,215.65085636870916,5,interpolated
BS100154,Beschoeiing,5.0314577,52.0829687,-0.5492740581928552,1.2504682468476362,0.46277701191309323,-0.8925870382412718,290.23833267439625,1,weakly supported
WF060392,Muur,5.1166315,52.0920675,0.9679670564731641,2.9616370777457233,0.5146937694137209,-99.26261784111418,287.2723130764537,1,weakly supported
BS030059,Damwand,5.1099218,52.1262647,-0.5349067220994326,2.1689136509588822,0.3197186241704904,-2.8450540327332425,668.8828723986089,0,no support
WF060602,Muur,5.1224947,52.0859089,0.7991222190943821,2.8449241527505715,0.3151885856727413,-48.458870795752574,316.01615013497957,1,weakly supported
BS100403,Beschoeiing,5.0270724,52.083017,-0.8430706064975583,1.4496570106200402,0.3000650493222334,-0.7400199908885396,315.39565317524267,4,weakly supported
WF060399,Muur,5.1218111,52.0868032,0.9078098400402157,3.003035172691485,0.35363721431603284,-52.025045651944914,399.60715924049225,1,weakly supported
BS060015,Damwand,5.1259931,52.0957334,0.47284572228401683,2.050223859919383,0.42078666938615705,73.52209476706581,212.33181752212718,3,interpolated
WF060401,Muur,5.1222025,52.0856387,0.7581203692576227,2.814659990714682,0.30732368485180644,-44.27431973829769,303.5727696168953,2,weakly supported
DW010036,Damwand,5.0784996,52.1062034,-0.4000879643367818,1.8484303564630535,0.4380417240888129,-23.477526355807807,421.88980218261685,0,weakly supported
BS090096,Beschoeiing,5.0874436,52.0688715,-0.24142773311323779,1.2533316592228354,0.177974822340947,-8.569963597703188,206.53714689615003,4,interpolated
WF060905,Muur,5.116733,52.0948724,0.6219219344521265,2.5416958332263837,0.5349074699766415,-100.9884565426081,285.2865497839923,1,weakly supported
BS100392,Beschoeiing,5.0052337,52.0871228,-0.8840829708428182,1.2818540643693448,0.27143842501824966,-6.3173179063941705,250.45133213042845,1,weakly supported
WF060708,Muur,5.1238977,52.0968187,0.4249533371831597,2.13687441237236,0.44743694454351435,54.131878053579314,312.0745267589723,3,weakly supported
BS050199,Beschoeiing,5.1567103,52.069069,0.5364642357881412,1.4350018549511077,0.3196321673529625,,117.31324151607002,13,interpolated
BS090092,Beschoeiing,5.0869467,52.0675207,-0.2090864948426748,1.3174940599539753,0.19880497841725572,-8.689923892422799,338.670952149864,1,weakly supported
WFM06284-X,Muur,5.1169992,52.0923511,0.9819595110376185,2.979136958825339,0.5145126692460446,-96.96160267289733,292.8717566734585,3,weakly supported
WF060666,Muur,5.1226331,52.0830799,0.5016977545853041,2.5068314881661893,0.18866126290622573,-15.39964863426801,170.37360297897,1,interpolated
WF060492,Muur,5.1213471,52.0891345,1.437568474218795,3.4593009641344215,0.4632015261985236,-58.731159140265746,233.01041926556042,3,interpolated
KM040006,Kademuur,5.1138983,52.1000665,-0.03035911754654327,2.0230915165640058,0.4044621275940525,-22.092388029008916,289.59409667490286,2,weakly supported
BS090190,Damwand,5.0807097,52.0693006,-0.5312213559939908,1.0179463838838836,0.20300907790930553,-8.229420767326818,117.8245704248614,2,interpolated
BS030062,Damwand,5.1089007,52.1266968,-0.5709471831728983,2.205032539274972,0.3071016901504121,-3.342776418869251,650.503842193274,0,no support
BS030127,Beschoeiing,5.1120499,52.1082523,-0.2937091740916152,1.9482405107312786,0.41756280259771744,0.6509000490196136,241.84255237223644,1,interpolated
BS100180,Damwand,5.0087057,52.1108288,-0.5226172431669435,1.2683549610516953,0.43462204416402406,-7.63017870660241,238.2514857115073,2,interpolated
BS100296,Beschoeiing,5.0211143,52.088333,-0.8600568774459945,1.7069717898894394,0.26146770760742716,18.86209365989714,316.26299651978496,7,weakly supported
KWM09003,Muur,5.0726047,52.0978926,-1.2439044599597355,2.4886843131841903,1.0980124676516778,-850.2321410212044,116.6786951248922,1,interpolated
BS020038,Damwand,5.1080808,52.1055427,-0.3489476941045398,1.9880986386126704,0.5332011600042008,5.952554532112697,92.63566537501036,2,measured nearby
WF060855,Muur,5.1245407,52.0921922,1.5027159808522903,3.296109334359655,0.46334474548447835,-59.1374388728893,190.806136294612,3,interpolated
BS050053,Beschoeiing,5.1700471,52.0809156,0.5155830407126079,1.7702780103874638,0.3106174030390702,-6.750196537534462,451.10858841814667,0,weakly supported
KM060060,Kademuur,5.1188063,52.0916066,1.4192030741531358,3.428771063706708,0.49135104373040384,-65.25319458668007,246.82427512486072,2,interpolated
WF060634,Muur,5.1229426,52.0848114,0.6587143226596665,2.7118628290898705,0.2401252140113766,-34.80027413711903,201.2852063896341,1,interpolated
KWMZ02001-00,Muur,5.1068795,52.103066,-0.266291916699894,1.911825572429062,0.4936710410266698,8.312631515356143,196.05461227078982,1,interpolated
WF060472,Muur,5.1189372,52.0915827,1.443109362785457,3.4508624358449347,0.4928230089054472,-64.32243832484536,237.51836282957976,2,interpolated
WF060188,Muur,5.1164067,52.09407,0.6991681484360047,2.602234607875258,0.5455045522244202,-120.44944356024442,229.0235435291908,1,interpolated
BS050082,Damwand,5.1274869,52.0917411,0.6703675225890506,2.2779285250766828,0.29823324355423475,-38.840034347891375,144.43919000853177,4,interpolated
KW070016,Muur,5.1356161,52.0613285,0.2497180129662496,1.423964528510039,0.27373500031669956,5.111669311210675,125.3532741785866,5,interpolated
WF060439,Muur,5.1168849,52.0917761,1.0345979395143905,3.069123466562791,0.5010421134481173,-89.24435617819664,320.3628340305915,3,weakly supported
WF060157,Muur,5.1167484,52.0948456,0.6269172657481223,2.544836867402148,0.5353933228839215,-101.30803878545706,284.6505564729461,1,weakly supported
WFM06120-X,Muur,5.1234605,52.0956301,0.6556937261015684,2.5614606774038275,0.45950802238578403,38.03307237116656,369.60993818388334,1,weakly supported
WF060189,Muur,5.1164241,52.0939813,0.7088467194485378,2.609895020114256,0.5458472438361278,-120.82244873913837,227.82793423647402,1,interpolated
KWN02002-01,Muur,5.0725065,52.1224313,-0.547798260598253,1.2010180186880786,0.22172757287145886,-29.15151722077342,545.9015696495857,0,no support
KM090003,Damwand,5.0760221,52.0963612,-1.021606244709323,2.3288178572639797,0.9453922499950713,-701.0878562292245,186.53103106585078,1,interpolated
BS040164,Beschoeiing,5.1215901,52.1058316,-0.188986561663764,1.6088062702839674,0.3483872742657757,-3.695591180396001,265.60108576857607,4,weakly supported
WFM06813-X,Muur,5.1268121,52.0861825,0.9039347359794316,2.53883511425394,0.3463842485157351,-103.20933910179852,319.7426655748384,2,weakly supported
WF060696,Muur,5.1235563,52.0960199,0.5410871294263825,2.153269081336837,0.46687950522336075,46.08146922595068,349.1078748698014,1,weakly supported
WF060017,Muur,5.1183601,52.0915743,1.3383352669393935,3.35812500867597,0.4855870161755641,-68.11132907582754,276.096155576279,2,weakly supported
WFM06485-X,Muur,5.1222175,52.0855675,0.7499050915766641,2.8055070760743264,0.30381247403617384,-43.59989225857821,296.8276574769172,2,weakly supported
WF060714,Muur,5.1234286,52.0955041,0.683462309917977,2.592371437331997,0.4619113124771404,34.99186215710353,377.14233867627087,1,weakly supported
BS090123,Beschoeiing,5.0629003,52.0925056,-0.11994484517337409,1.9668959543660602,0.359721298243858,-5.80959039483461,84.84546980332365,3,measured nearby
WF060112,Muur,5.1165181,52.0957406,0.47015976084386074,2.4744767786139668,0.510167242271175,-82.59149571958953,335.3340682132988,2,weakly supported
KM010004,Damwand,5.0969337,52.0880607,0.4132994836411043,1.7483152829309714,0.20006656450758492,-6.728445108162393,193.96593954627195,3,interpolated
WF060561,Muur,5.1220463,52.0872577,1.007531032109753,3.0840069030844766,0.3728989401550392,-57.01368171592312,407.0842379874301,0,weakly supported
BS040071,Damwand,5.1260282,52.1012357,0.10334393151589927,2.0618678659550778,0.40860178350766396,24.120928638180487,248.1489025975541,1,interpolated
WF060383,Muur,5.1205614,52.0903055,1.6230616007957437,3.6246598251579347,0.5034374036440324,-57.187881559128506,152.76349859775843,2,interpolated
WF060672,Muur,5.1225674,52.0826584,0.5011492905458642,2.4721013039305584,0.19855449102201528,-15.751413257183751,193.266230671028,1,interpolated
WF060610,Muur,5.1226446,52.0854764,0.7425132276628404,2.785864490276329,0.28972482723192555,-43.7852318038975,270.7161699907492,1,weakly supported
BS030139,Damwand,5.1014395,52.1115737,-0.22615959563970447,1.7737269204730621,0.4491550448736535,-7.157774365413628,350.7786000280071,1,weakly supported
BS070065,Damwand,5.1262285,52.0679,0.5284903293032519,1.2088324411529532,0.3985864938774736,3.2775127787653267,170.07440297809595,6,interpolated
BS100001,Beschoeiing,4.9976358,52.1286509,-1.2099023245492158,1.4083694458828007,0.3515746154002149,-24.240879445938837,380.8705705244612,1,weakly supported
BS030070,Damwand,5.1205072,52.1214803,-0.37770282452874954,2.068988554206342,0.27561144880804983,-5.682494665138287,383.29493330321566,2,weakly supported
WF060141,Muur,5.1162875,52.0956184,0.47932989430125467,2.4689245335972507,0.5178708251646307,-88.28138608730103,314.6535441439208,2,weakly supported
WF060313,Muur,5.1274577,52.0849523,0.7401795929131707,2.38739810503911,0.25941483625109524,-66.01871113545093,230.2308180343244,1,interpolated
WF060002,Muur,5.11625,52.0961357,0.3899986427435506,2.4381161977286716,0.5004759490671462,-74.95089573445225,328.2043900373554,3,weakly supported
BS050057,Beschoeiing,5.170946,52.0832153,0.5361122526996213,1.7416225981000133,0.35357520968516576,-13.303377338665992,422.4725558376231,0,weakly supported
BS030057,Damwand,5.1106263,52.1259542,-0.5281033011920604,2.164988313906558,0.31788510693288335,-3.0309131289438,686.6155914145204,0,no support
BS040150,Damwand,5.1254589,52.0991829,0.16401288223864788,2.09986603918559,0.424070062980043,48.6008487156063,268.55559956197135,4,weakly supported
WF060617,Muur,5.1225407,52.0847941,0.666532067673149,2.72105731417322,0.2543405709096492,-35.45908215318837,220.28407462810247,1,interpolated
KM090012,Kademuur,5.0689665,52.0823802,-0.23481884476680087,1.2478419317625744,0.3810398764791923,3.370402034800099,226.40772677061682,3,interpolated
BS070016,Beschoeiing,5.1276665,52.0656142,0.4312257990744211,1.2186765885687252,0.4813100655192649,11.37840157350209,151.57488153571543,2,interpolated
BS050066,Damwand,5.1284132,52.0840621,0.5801386242522035,2.355164521918998,0.21543673989227033,-51.527029512366745,239.86187654990414,1,interpolated
WF060381,Muur,5.1261235,52.0868666,0.9893477971808963,2.595558822467358,0.3786806605967281,-108.10163774065697,331.99205243022925,2,weakly supported
WF060274,Muur,5.1235253,52.0925004,1.57390370106007,3.4367956466434655,0.47678812952803484,-52.074045142743756,171.60141046987675,2,interpolated
BS100356,Damwand,5.0309885,52.107556,-0.5791862193058822,1.1652607498563639,0.3998533689158927,-2.4407118237340573,420.855301812135,0,weakly supported
BS050119,Beschoeiing,5.1395512,52.0954833,0.41496088639851675,1.4889259619583364,0.31920453638342094,-3.4567957407052066,283.44663906979014,2,weakly supported
WF060857,Muur,5.1212755,52.0893213,1.484310796221181,3.4977977116341936,0.471582574833539,-58.62333385072565,214.8304191548299,3,interpolated
BS030129,Damwand,5.1108149,52.1075237,-0.33717243972950867,2.0242999589199138,0.4305557746157015,-6.800547199872739,132.09233538898604,3,interpolated
BS100274,Beschoeiing,5.0076948,52.0863392,-0.9272505861328421,1.2639170570167846,0.27920576526243013,-5.739282889980776,119.01993542401449,2,interpolated
WF060630,Muur,5.1228878,52.0849387,0.6743320644891573,2.724192977676216,0.25012802939896434,-36.66033586793884,214.0890265469901,1,interpolated
WF060253,Muur,5.1259705,52.0916343,1.179473832985454,2.8630049226743925,0.40002346133879196,-56.923064583571005,247.47669237263997,3,interpolated
KW040001,Muur,5.1443297,52.1088929,0.0392111713918898,1.5272796758634601,0.1911418314120071,-16.406307211494813,170.94005187432063,1,interpolated
WFM06545-X,Muur,5.1232013,52.0818167,0.5047248237180559,2.335434915145403,0.20583858513288444,-14.707924746507596,226.93450456160454,1,interpolated
WFM06783-X,Muur,5.1246578,52.0886647,1.277862200508032,3.11831726549989,0.42446372173201163,-81.80121826151913,317.77873805361094,2,weakly supported
WFM06812-X,Muur,5.126751,52.0862576,0.9134120640347004,2.540816138973996,0.35057529384076125,-104.6374430775576,325.92542746551277,2,weakly supported
BS070092,Damwand,5.1367564,52.0645291,0.35682482377902774,1.2592012322908062,0.2911386548602292,-0.8615575268464304,190.36444996371645,5,interpolated
WF060510,Muur,5.1213861,52.0881162,1.1581192102128175,3.269885627984572,0.40193592222547153,-56.22920028465589,342.37386731344145,3,weakly supported
WF060355,Muur,5.1248952,52.0881894,1.1868484154533976,2.9918708781061323,0.4055625248282871,-89.54088796028348,371.85219066809714,3,weakly supported
BS070089,Kademuur,5.1383309,52.0648413,0.37360152755232257,1.2334040824719086,0.30621908410663423,-1.885370478374926,132.59436754717825,8,interpolated
KWM10003,Muur,5.0111532,52.0843445,-1.0090954041635627,1.432731364526351,0.23701337285757829,-13.617674901124435,39.065007879698314,2,measured nearby
WF060859,Muur,5.1192196,52.0916153,1.4913745827762634,3.4916514472309492,0.49705830673864404,-63.01334095274296,219.4959806127397,2,interpolated
WF060860,Muur,5.1239434,52.0899614,1.5834099537155175,3.4856985421754234,0.48969397884637217,-63.502992965166655,171.15524540626024,2,interpolated
BS040143,Beschoeiing,5.1521274,52.1004631,0.2901023190259077,1.2274988364150063,0.17585487851422493,4.007404451837559,266.46382356680255,1,weakly supported
WF060183,Muur,5.1163996,52.0943602,0.6718061113098232,2.590287339640743,0.5418220788571382,-117.04520296976426,238.994593018875,1,interpolated
BS040112,Beschoeiing,5.1375389,52.098697,0.26556338604351576,1.5922356980428007,0.3986151456963548,4.53591413871675,113.50580025629746,3,interpolated
BS030126,Beschoeiing,5.1123161,52.1081222,-0.28921418455322895,1.941952851372267,0.41694208913429154,1.1308873916567486,240.13056318425674,2,interpolated
BS070007,Beschoeiing,5.1126971,52.059248,0.32408508931618696,1.1424733557714108,0.3706617526780829,-47.018932013088964,345.97249745614306,2,weakly supported
WF060352,Muur,5.1247884,52.0882987,1.2098783303972118,3.028177574305227,0.410002133946532,-87.06233336642909,357.6932047147495,3,weakly supported
WF060525,Muur,5.1216698,52.0882329,1.2154228941041323,3.2953628518125897,0.41391403244459296,-58.69896311111709,326.389374711298,3,weakly supported
WFM06774-X,Muur,5.1242545,52.0891598,1.403776741924205,3.2925813017184287,0.44903186542586226,-72.29543065956118,256.3641818899327,2,weakly supported
WF060581,Muur,5.1220871,52.0859637,0.7959556355732,2.8606344991051023,0.3227447877584597,-46.92388681217857,336.9244595339667,2,weakly supported
BS050200,Beschoeiing,5.1484201,52.0780723,0.4779131340233388,1.686972756523638,0.17900313359545117,35.68455029137361,148.12255697418394,1,interpolated
BS100406,Muur,5.0295126,52.0884638,-0.5019669746291864,1.4037953288513545,0.37042542880746776,7.465072519165036,211.02125019879338,4,interpolated
BS060004,Damwand,5.1163048,52.0878708,0.3861021190470314,3.4089417440636893,0.17518598198966845,-19.291316823170746,29.37095123271345,2,measured nearby
WF060664,Muur,5.1226479,52.0831637,0.5017531350852086,2.5122792339623072,0.1871159668643363,-15.34411752128771,166.9187252434945,1,interpolated
WF060212,Muur,5.1167851,52.0929032,0.8735448375267184,2.81934177790036,0.5305215764133793,-109.11929633766051,256.810716827749,1,weakly supported
KW040020,Muur,5.1317976,52.1035643,-0.02654890551254188,1.751709667687294,0.3517382598645652,21.74835416477943,243.01251524455517,2,interpolated
WF060264,Muur,5.1260871,52.0909841,1.185838476342071,2.864906565293314,0.40564582641506697,-62.17959657907386,249.5251184703742,3,interpolated
WF060445,Muur,5.1170804,52.0920159,1.0528373110945595,3.0683170303640668,0.5081413519556516,-90.83677199914327,316.05807067112397,3,weakly supported
KM060016,Kademuur,5.1227446,52.0845363,0.6376301508949285,2.6973546010176177,0.231836866584911,-32.03863809181157,191.68230441368937,1,interpolated
WF060284,Muur,5.1264919,52.086589,0.9549387653800723,2.555655763048251,0.36786332690581364,-109.66103635775833,325.03779734702283,2,weakly supported
BS070008,Beschoeiing,5.1128798,52.0612124,0.3617114253275971,1.12092566236062,0.3695661564428349,-40.22896888034974,202.03099645424967,5,interpolated
WF060540,Muur,5.1216608,52.087434,1.0175439032003608,3.126052464615898,0.37545572870647687,-54.88903580872873,379.2337038018567,1,weakly supported
BS020063,Damwand,5.0946248,52.1162321,-0.47690227574610916,2.1064797559517143,0.2948253699229657,-7.3222881948183804,386.4576235078698,1,weakly supported
KW080005,Muur,5.1014344,52.0721116,-0.12242425285900932,1.798215382812102,0.5512860552056351,80.83677615582671,112.6787271818374,3,interpolated
WF060863,Muur,5.122104,52.0871042,0.9802472573785761,3.052996222966178,0.36703609492185013,-56.49781715387268,413.0792155199648,0,weakly supported
BS040140,Beschoeiing,5.1513592,52.1017896,0.21282895561011947,1.2958688659341515,0.19814153401354126,1.4348810922758084,139.22653491632698,1,interpolated
WF060377,Muur,5.1263089,52.0868631,0.9888292988115102,2.5743858067844005,0.38067515230407245,-112.461935300889,320.80225526613765,2,weakly supported
BS030152,Kademuur,5.1062559,52.1080776,-0.2604702367462624,1.842071772666309,0.46060243369961623,-2.426455331154362,275.5404908465631,4,weakly supported
BS010045,Kademuur,5.0920222,52.0861074,0.1064121167193684,1.8365838083194743,0.21128504612319876,-2.5178700196511112,301.675397997911,1,weakly supported
KWH10001,Muur,5.0480609,52.0816142,-0.4482786645103904,1.302564938496637,0.3837963876539531,-2.8996996359353306,304.1926817867654,2,weakly supported
WFM06038-X,Muur,5.1164708,52.0937512,0.7348664542160813,2.6343725207569166,0.545728925522676,-120.958684430315,226.82947218199809,1,interpolated
KW090010,Muur,5.052955,52.0859295,-0.19210825657215327,1.2990199056989504,0.4473734855143384,1.5162096853603846,270.3785907723522,3,weakly supported
BS100112,Beschoeiing,5.0570306,52.0366784,-0.6059136523340775,1.959304159565107,0.5174652799721925,-1.9501052107823007,187.0274128864006,1,interpolated
WF060615,Muur,5.1225205,52.0848563,0.6728836222464116,2.726546506665482,0.25851406174205543,-36.181623070497075,225.80343712410792,1,interpolated
BS100107,Beschoeiing,5.0087053,52.0824121,-1.2850480663786514,1.0252112942010876,0.25252339726470785,-1.3408879267660292,161.03498699954275,4,interpolated
WFM06796-X,Muur,5.1255781,52.0877658,1.097724620381902,2.8173039460458726,0.3913322835648131,-104.42533905068485,339.16899692494206,1,weakly supported
WF060370,Muur,5.1261006,52.0871744,1.0203575475529556,2.6922257800278855,0.3736286045091693,-113.30476271019864,320.07873012692147,1,weakly supported
WFM06437,Muur,5.1214403,52.0879735,1.125640799022977,3.239393263201192,0.3957936797101845,-55.96625935082171,357.2983659790488,3,weakly supported
WF060568,Muur,5.1221518,52.0869764,0.9584888900079735,3.027806781267708,0.3621480989294524,-55.998715145660015,418.5493641997892,0,weakly supported
BS040081,Beschoeiing,5.1440109,52.1034388,0.10408633576244232,1.5791073217817415,0.27382071707584554,-5.399655267732142,411.884814146391,0,weakly supported
WFM06384-X,Muur,5.1237288,52.0924297,1.5415543529418565,3.447281887821199,0.501689563599386,-43.45646253193904,172.03440197919724,2,interpolated
WF060866,Muur,5.1246539,52.0886682,1.2787664246349066,3.1196933719887547,0.4246318834409626,-81.71441065245233,317.3080469498533,2,weakly supported
BS020036,Kademuur,5.0857634,52.115106,-0.4116311529392171,1.8662612176292843,0.30629523723256263,-31.959513667808828,189.30945936833487,3,interpolated
KW010013,Muur,5.0809948,52.0876826,0.02723854999769635,2.0173408390562684,0.21885673409537332,-7.6115667820428525,370.9917580083922,1,weakly supported
BS040107,Beschoeiing,5.1500216,52.1044214,0.1931477934754267,1.3200574646218959,0.1902011923877951,-1.2501122231667494,239.99702205933693,1,interpolated
WF060209,Muur,5.1167772,52.0926126,0.9093912234848999,2.8739450401929765,0.5245737657592271,-105.33255501409747,266.9382844197972,1,weakly supported
KM060050,Kademuur,5.1167044,52.0942658,0.7100702831755102,2.644164931601105,0.5362415354249913,-112.1094848535783,254.83178147478972,1,weakly supported
WF060906,Muur,5.1185397,52.0915659,1.3715040819631934,3.3884771125966733,0.48747106394133555,-66.72088360034009,263.8349732382279,2,weakly supported
BS100049,Beschoeiing,5.0096121,52.115819,-0.6394001991886336,1.3344045949950014,0.45852426593055895,-9.385592151118725,793.2269720761172,0,no support
BS070001,Beschoeiing,5.1342501,52.0617222,0.24476762021868892,1.4246553604995842,0.27451860462429634,3.667468467524003,202.57451897143892,5,interpolated
WF060670,Muur,5.1225734,52.0827354,0.5012615637861713,2.4789477621902862,0.19672431053716344,-15.68567827013786,188.7824505929265,1,interpolated
BS100405,Damwand,5.0266047,52.0812529,-1.0299538740133074,1.4512145643815244,0.3417217030851232,-11.715894448257822,204.06410996083534,3,interpolated
KW100017,Muur,5.0187755,52.0813485,-1.050171822987731,1.5915664726579457,0.3014732955281494,8.10347194790486,282.1007561879093,3,weakly supported
WF060657,Muur,5.1231795,52.0841219,0.5284141443521352,2.6385807636708307,0.18264638691076268,-24.095456604303784,142.0037958957889,1,interpolated
BS090103,Beschoeiing,5.0881285,52.0666622,-0.12405290253966259,1.4213739625230366,0.21613103165619985,-8.906351013106004,440.2287037969267,0,weakly supported
WF060907,Muur,5.1164859,52.0949165,0.5991381697571796,2.514240301540012,0.5379756376019235,-103.97781694194042,273.7320760828743,1,weakly supported
WF060367,Muur,5.1260443,52.0872524,1.0294792845833973,2.703648532166274,0.3762520557501526,-112.88884997674224,320.84675000794044,1,weakly supported
BS080029,Damwand,5.116125,52.0809552,0.5763075234664152,1.7570444547201667,0.32751100449719184,-36.495743680568474,155.9074700120972,4,interpolated
BS040131,Beschoeiing,5.1393263,52.1110467,-0.03264750502349971,1.70059350901966,0.18931425202784719,-45.45691752845857,542.8509779508751,0,no support
WFM06313-X,Muur,5.1199689,52.0914172,1.6161658720194445,3.6027173784921613,0.5078436366169145,-59.70463573290131,164.70407481982917,2,interpolated
BS030005,Kademuur,5.0922825,52.1284273,-0.8275374271330815,2.127722399427481,0.1975044037299427,-0.15823591083110672,411.0131831193899,0,weakly supported
WF060650,Muur,5.1231075,52.0843612,0.6090255179211105,2.6764134475671093,0.20678602515580485,-28.416413065180155,160.17262805223754,1,interpolated
BS060008,Kademuur,5.127939,52.084472,0.5835541823773888,2.5253312282349625,0.2176457911464215,-54.187236204310686,225.86793847574597,1,interpolated
BS050047,Beschoeiing,5.1601556,52.0669791,0.3818559545600883,1.7244539192430186,0.38528467679150247,,124.23060948266568,3,interpolated
BS100149,Beschoeiing,5.0336481,52.0888115,-0.3499083634899153,1.6896679355967938,0.4271975054184819,-0.5319312392651359,90.57902509526774,3,measured nearby
BS090090,Beschoeiing,5.085122,52.0683591,-0.3667436276535423,1.1479347967457214,0.17633870279796354,-8.420312430344573,247.79832404486365,2,interpolated
BS100402,Beschoeiing,5.0047606,52.0835188,-1.2390317506557813,1.0612374610141038,0.26006821318634155,-3.6304365084592853,228.55913518068334,3,interpolated
WF060227,Muur,5.1233572,52.094172,1.0589828685345064,2.9576872081291747,0.4698419090337075,-4.126331544592959,344.00905296415243,2,weakly supported
DW010064,Damwand,5.0699642,52.10059,-0.6209927783463637,2.0330866113533466,0.5443773103645899,-327.6919379999745,466.6412784795398,0,weakly supported
WFM06366-X,Muur,5.1233343,52.0940704,1.092331269864131,2.9938837822362467,0.4718069417172932,-7.3250402034157975,332.63253771044305,2,weakly supported
WF060110,Muur,5.116449,52.0958298,0.4515292268478489,2.465363126155817,0.5080874857476294,-80.9829674770126,339.5101642716499,2,weakly supported
BS100334,Beschoeiing,5.037764,52.0821216,-0.48801790610579593,1.366409606655593,0.6151805122699088,5.345819909496425,204.21611238373598,3,interpolated
BS040160,Beschoeiing,5.1291528,52.1041164,-0.08567222039796765,1.623455795628099,0.3302482200509007,-3.58514735997263,424.7779017885828,0,weakly supported
BS050007,Damwand,5.1264674,52.080752,0.41132708081568325,2.10629940944495,0.2104889494004718,-7.865380789950547,323.87709710086614,2,weakly supported
BS090217,Damwand,5.0390713,52.0962932,-0.1915422813194607,1.7363151911889259,0.2269580132090419,-7.070304319283683,217.3467423695019,1,interpolated
KW010009,Muur,5.0814568,52.0875745,-0.04473887653450465,2.079795645055514,0.20528629390327094,-6.40152986786244,339.57474286391454,1,weakly supported
BS100264,Damwand,5.0277315,52.0764156,-1.280674870717211,1.0893856114549156,0.19567620974277408,6.362827508803021,58.13160477481455,7,measured nearby
BS030072,Damwand,5.1197729,52.121795,-0.3866505341251249,2.078101764203409,0.2763652156338029,-6.002101827497755,382.6555294340246,2,weakly supported
WF060867,Muur,5.1167141,52.0931742,0.8288263308289994,2.7564413855173764,0.5362938724071517,-113.48533214044251,245.4712057254125,1,interpolated
WF060583,Muur,5.1222913,52.0866,0.8985918276107461,2.9572038054339282,0.3472241477380836,-54.10414965428533,389.1418489738064,1,weakly supported
BS010038,Beschoeiing,5.0907573,52.0867903,0.0769195538200806,1.9702261723360917,0.18608836892257402,-5.29330125051941,312.6277437967542,1,weakly supported
BS090108,Beschoeiing,5.0494473,52.0943107,-0.18843835093926592,1.7690670948651048,0.2906930767880077,-4.74597458062967,452.8599458267926,0,weakly supported
WF060140,Muur,5.1162589,52.0956787,0.46778033340523034,2.4643649869217867,0.516183139794119,-86.93646224683783,318.32304939191874,2,weakly supported
WF060533,Muur,5.1215978,52.0875991,1.0488275538628795,3.1602396069817327,0.3813878359898897,-55.29824626280287,374.31176714813654,3,weakly supported
BS030054,Beschoeiing,5.1120277,52.1253319,-0.5132890638588598,2.156885699594466,0.3135851409206545,-3.494730950404811,734.1424753866486,0,no support
WF060597,Muur,5.1224403,52.0860713,0.8211551402261399,2.869451769447133,0.32353863355805945,-49.96027682907837,333.2360803605406,1,weakly supported
BSH09015-01,Beschoeiing,5.0595336,52.0842524,-0.15896894409524118,1.4034520586020276,0.5342443041571217,4.936584285826569,67.34781090036454,4,measured nearby
KM100037,Kademuur,5.0090905,52.0821104,-1.2918847094048542,1.0162990882111131,0.2545172774705695,-0.9125084408994684,168.92982717339652,5,interpolated
WF060870,Muur,5.1170204,52.0932383,0.869145692276692,2.8167122599370336,0.5302817442655247,-107.13674769182765,265.18149286126777,1,weakly supported
BS020056,Beschoeiing,5.0802285,52.1188933,-0.2915562279917593,1.7068715326596122,0.21272331068988126,-90.64687129384083,159.9717859339713,3,interpolated
WF060535,Muur,5.1216105,52.0875537,1.0396606792852754,3.1508498142640775,0.37965372317324675,-55.15320522182901,375.2582919478186,1,weakly supported
BS070061,Damwand,5.1251173,52.0681744,0.5172803299146105,1.2249931819485536,0.384366992776866,3.3564920496773123,166.12486814014576,9,interpolated
WF060640,Muur,5.1229956,52.0846802,0.6431673655600947,2.7001873974937576,0.22992349462529663,-32.874857865833725,188.54778359534893,1,interpolated
WF060349,Muur,5.1238574,52.0896328,1.5374140703755483,3.4613835174590704,0.4757500525133534,-65.41415677686881,197.3365542760504,2,interpolated
BS040079,Beschoeiing,5.1443861,52.1027116,0.15846776894067782,1.5803424145727438,0.28755130142543067,-3.658967536014457,355.34676585198133,1,weakly supported
WF060120,Muur,5.1166604,52.0954399,0.5283138357837411,2.5021372438273217,0.5183279821089259,-88.66234967207126,318.9548047919174,2,weakly supported
BS090153,Beschoeiing,5.0442308,52.0977522,-0.26040671449192176,1.7174559965484715,0.24161398781705362,-4.392567057444799,177.81870770974615,2,interpolated
WF060129,Muur,5.1167466,52.095063,0.5940992061395772,2.532058034394004,0.5290692431209517,-96.56790146357544,297.6441058882798,1,weakly supported
BS030019,Damwand,5.1034619,52.1289361,-0.7785781426494274,1.891001339344637,0.2422618432843954,-0.5290269527407361,725.2582374795887,0,no support
BS050040,Beschoeiing,5.1573568,52.0740539,0.4924569548034085,1.5187616076658164,0.20935608417529525,,191.76602227565604,3,interpolated
KW010015,Muur,5.0815099,52.0876948,-0.04372360665954325,2.0814984621775086,0.20387208428449585,-6.536220500371364,335.76721679466243,1,weakly supported
WF060255,Muur,5.1260608,52.0915292,1.1574858573861995,2.835641076245171,0.3963389607154015,-57.10012863156464,241.47780716780142,3,interpolated
BS070105,Damwand,5.1130317,52.0603901,0.343499677820935,1.1265092780072883,0.3679014668576714,-45.94295272927965,237.1732949685343,4,interpolated
WF060871,Muur,5.1213716,52.0890394,1.4124691768820414,3.439079488599303,0.45870793791139963,-58.74913476929551,242.68508615084065,3,interpolated
BS070102,Beschoeiing,5.113,52.0607679,0.3529340894752117,1.1225403087853647,0.3674811371767908,-43.52138192033936,214.68878932528958,4,interpolated
WF060181,Muur,5.1164126,52.0944405,0.6650311238422931,2.5899530466393945,0.5401493975577206,-115.55093085558259,243.36737528890586,1,interpolated
WF060461,Muur,5.1179236,52.0917471,1.2335254773132056,3.27854687950008,0.4989672587804777,-75.97628621754507,309.141512413139,3,weakly supported
BS090094,Beschoeiing,5.087117,52.0682547,-0.23022598047802467,1.2800730580928945,0.18820573639875057,-8.618660839796323,261.94861069420335,3,weakly supported
WF060872,Muur,5.121441,52.0879736,1.1257284409653843,3.2394124597955085,0.3958123147465479,-55.971696542330015,357.2797404826436,3,weakly supported
BS080022,Beschoeiing,5.0989356,52.0791114,-0.04189126504849848,1.8661032161073916,0.2478393797066271,1.897482689597769,227.68672070618695,3,interpolated
BS090220,Damwand,5.0400059,52.0965816,-0.16575088536198526,1.765023767530176,0.2093170450124442,-7.897848750254788,146.78630268092394,1,interpolated
WF060271,Muur,5.124681,52.0903056,1.5165480125353212,3.3865100189359487,0.47781322699393936,-64.24406542586803,185.40252102357684,3,interpolated
KM060020,Kademuur,5.1238286,52.0923745,1.562488193209583,3.423200416132603,0.4746671024212586,-51.703949578953846,170.95317040251152,2,interpolated
BS060022,Damwand,5.1222247,52.0808344,0.47661283196495846,2.139948447244626,0.2364601453364177,-17.37187648430333,354.87966791962464,1,weakly supported
KWM10004,Muur,5.0098509,52.0854567,-0.9823352515071021,1.3509337925693825,0.2528509630357611,-9.97569971386887,113.50925345518561,2,interpolated
BS050201,Beschoeiing,5.1490383,52.0781307,0.47886722974047263,1.685746231899522,0.18036750330730725,39.3127676431368,153.0239097602357,1,interpolated
POM05001,Muur,5.1256038,52.0802354,0.3898845964332955,2.0546957305006153,0.22625887188905466,-7.322201289726311,362.52408140367885,2,weakly supported
WFM06307-X,Muur,5.119262,52.0917424,1.4933469886814554,3.4890806946701445,0.49835867953935375,-63.446488878245965,220.54301420425776,2,interpolated
BS100422,Damwand,5.0347477,52.0767107,-0.915433329582495,1.352337988404345,0.44254654204248106,2.9764796932077977,111.4197623954418,4,interpolated
WF060563,Muur,5.1218361,52.0867202,0.8954219370418198,2.9876652639401073,0.3508953327570684,-51.61035014048027,403.4848221070669,0,weakly supported
WFM06797-X,Muur,5.125697,52.0876575,1.0812973917928344,2.7864517006793545,0.3883024879355788,-107.08563892181311,332.94340770258174,1,weakly supported
BS050190,Damwand,5.1351347,52.0849601,0.6403656538309106,1.979858554185306,0.34344507526684437,-87.94125154344569,477.1707005474191,0,weakly supported
KM090021,Damwand,5.0795512,52.0718318,-0.4450309865488635,1.0745857649602368,0.1969184578581528,-8.27874398221841,290.9500100896036,1,weakly supported
DW030004,Damwand,5.0907095,52.118465,-0.4558018469249518,2.047204092889009,0.25922254500462727,-26.771413990863113,375.10289812305354,1,weakly supported
WF060235,Muur,5.1236711,52.0924579,1.5426802401696895,3.4487344405629097,0.5020680099133386,-43.44129210190551,172.53455217662372,2,interpolated
WF060014,Muur,5.1170105,52.0917419,1.0590031656882863,3.0999100995328193,0.4990454258485819,-86.84692950239263,329.49383209033414,3,weakly supported
DW010025,Damwand,5.066387,52.1081077,-0.502914834063288,1.8028584707520574,0.21579671521764532,-10.540806248055725,447.6802097351427,0,weakly supported
WF060703,Muur,5.1237356,52.0965066,0.250874094504674,2.354773322661909,0.40828113238660707,62.62731672584747,325.90773082243766,3,weakly supported
WF060208,Muur,5.1167574,52.0925409,0.9151314945698017,2.884065371459913,0.5231745235893775,-104.63058928313298,268.8654324334716,1,weakly supported
KW070028,Muur,5.1259418,52.059128,0.36952494897284777,1.2473781767885421,0.36811447719629176,-16.966565820904318,337.7566501822846,2,weakly supported
KW010017,Muur,5.087167,52.0835936,-0.03156778467854561,2.02171222060243,0.20109728538803215,-6.730645569602908,456.51597986082527,0,weakly supported
WF060389,Muur,5.1207489,52.09004,1.5964213453470486,3.607147115259029,0.4983844306560352,-56.522194065700255,163.52580980097093,2,interpolated
KW050001,Muur,5.1486036,52.0909816,0.5191541777872509,1.5829282771264663,0.1868612780659675,4.887474747384973,350.1326482526109,1,weakly supported
WF060222,Muur,5.1231737,52.09354,1.2777080410502422,3.194227998035541,0.4840297963915004,-23.373539107648583,272.697091531857,2,weakly supported
WFM06073-X,Muur,5.1167452,52.0946651,0.6522543674444659,2.5545792821276567,0.540284923108356,-104.991360502538,274.730636214654,1,weakly supported
KW070006,Muur,5.1245531,52.0596693,0.3303453489351891,1.2524647361432792,0.33133655922029154,-20.440532164370165,323.7378856671735,3,weakly supported
BS040046,Beschoeiing,5.1438572,52.1061551,0.06499048674760409,1.5675539456302032,0.25090036651726033,-8.244553314356066,358.32201080754686,1,weakly supported
WF060612,Muur,5.122659,52.0854154,0.7347162215551755,2.7784630392500245,0.2859189559552449,-43.03399493884436,264.71975075964787,1,weakly supported
BS100094,Beschoeiing,4.996354,52.1003711,-0.6603592720918718,1.2616707401364307,0.31307576129604636,7.315957110021241,297.70123099494106,3,weakly supported
BS040130,Damwand,5.1196545,52.0994426,0.059105950977736396,2.1492457976825263,0.3536000885844003,-1.4028429893009595,59.51851629296364,2,measured nearby
WF060699,Muur,5.1235018,52.0952444,0.7368824385065558,2.6490806109565916,0.4665897131665087,30.035193997763496,385.44438065854524,1,weakly supported
WF060113,Muur,5.1165434,52.095705,0.4774919623037622,2.4781018497714253,0.5110268288334784,-83.24427448547051,333.6461122873528,2,weakly supported
WF060281,Muur,5.1238695,52.0895894,1.5274674215417876,3.4498822235756994,0.47368565236085075,-65.81011322202777,201.88487337159475,2,interpolated
WF060295,Muur,5.1263305,52.0865728,0.9509219999746437,2.571900972166767,0.3644308879348156,-105.40850949798502,335.3382825876696,2,weakly supported
BS100329,Damwand,5.0230541,52.0852475,-0.857359961065538,1.6796865402755774,0.25871502100081356,16.991746375938646,138.45735037359148,10,interpolated
BS100215,Beschoeiing,5.0085649,52.1263276,-1.3240403046699152,1.1433398397735675,0.361955962451494,-12.793809496722814,768.5463675171436,0,no support
BS070083,Beschoeiing,5.115973,52.0605145,0.2989295534443406,1.1151099153033308,0.35218002663470555,-73.80955645403479,124.72470109992628,6,interpolated
BS030189,Beschoeiing,5.1154064,52.1126819,-0.28521629226375333,1.9518091516997715,0.3097370881245768,6.437955221400027,185.21484950738713,2,interpolated
WF060466,Muur,5.1185077,52.0917571,1.3608183967832301,3.368194367223509,0.4899938149276679,-68.53074442713466,270.5724215866118,2,weakly supported
BS050012,Beschoeiing,5.1555682,52.0714106,0.4665945811157104,1.5216154618130124,0.36421120842244376,,123.90077967216646,15,interpolated
KM060024,Kademuur,5.1252154,52.0904976,1.4166510965696608,3.2484808855300553,0.4594329366518752,-64.94342285897447,209.60151522514275,3,interpolated
WF060504,Muur,5.1213221,52.0882791,1.1967741278304125,3.304842147897465,0.40930106602912875,-56.49735326188884,325.5190219969725,3,weakly supported
KW100003,Muur,5.0069563,52.1017012,-0.2689079851405915,1.371519875369562,0.3440354906196417,9.630905991412538,187.60623170897915,1,interpolated
WF060621,Muur,5.1225753,52.0846967,0.6567106853104413,2.7127988751815946,0.24765418081328364,-34.31644230548307,211.65054605471317,1,interpolated
WF060452,Muur,5.1175137,52.0918109,1.1494744109925588,3.190171006315347,0.4999851743559568,-81.46221843380195,338.05199805989383,3,weakly supported
BS090110,Beschoeiing,5.0518443,52.0939821,-0.05916849627689066,1.8593136298277466,0.31177209901952324,-6.800653305600799,544.9006201436563,0,no support
BS100095,Damwand,5.0247242,52.0798484,-1.1018163950232116,1.5996232327085185,0.4235243591620474,-9.194672656414879,188.52947303696814,3,interpolated
WF060201,Muur,5.1170913,52.0927361,0.9482954930436128,2.9229440738166317,0.5216823007664774,-100.65059230000759,282.286083589036,1,weakly supported
WF060519,Muur,5.1216311,52.0883414,1.2427461694606523,3.319835603568822,0.41922475287946565,-58.80206211001906,314.84355135103965,3,weakly supported
WF060210,Muur,5.1167571,52.0925189,0.9178613545726052,2.888560381604338,0.5226186327096276,-104.28741042848218,269.8576113820822,1,weakly supported
BS070093,Kademuur,5.1358183,52.0644369,0.2886732321166509,1.330845292878134,0.3063263867644409,-0.4494468990422202,181.21992808066355,2,interpolated
BS030051,Damwand,5.1133572,52.1247455,-0.4990064475247456,2.1499162142976926,0.30887914539814454,-4.054289865876267,665.64749885205,0,no support
BS090181,Beschoeiing,5.05384,52.0936474,-0.0930961773386058,1.8741244266790582,0.3057961276374603,-9.840961459005928,565.5289466066331,0,no support
WF060700,Muur,5.1235047,52.0952916,0.7254527053073931,2.6365475643316674,0.4656389508636013,31.224579747468667,382.7980232078589,1,weakly supported
BS040098,Damwand,5.1121654,52.1003482,-0.046270395356498045,2.0076715632288127,0.4206843812513148,-21.297713764080328,295.61743563509606,2,weakly supported
KM090008,Damwand,5.0562436,52.0881534,-0.19677055446425384,1.3467860707749588,0.4641151626567565,2.7773321360755574,392.41293191132803,1,weakly supported
WF060875,Muur,5.124226,52.0922857,1.545575095156824,3.3571215606915965,0.47212123791560323,-59.266871638287775,181.41257930095014,3,interpolated
BS090188,Damwand,5.077901,52.0723399,-0.43479610117107836,1.0423189015288115,0.21398224358761603,-5.228692586931034,409.2338572650657,0,weakly supported
KM060053,Kademuur,5.1168439,52.0928428,0.8911193720126893,2.844442408016495,0.5281951860148915,-107.10088150975254,262.5629188790823,1,weakly supported
WF060908,Muur,5.1213451,52.0883558,1.2209084315586833,3.3217763857541924,0.414126072674649,-56.97001821957143,316.85513999326275,3,weakly supported
WF060503,Muur,5.1214165,52.0888704,1.3679464514160546,3.4029636173596542,0.4508380937153429,-58.78618661177346,260.05556247947663,3,weakly supported
BS050125,Damwand,5.1380761,52.0955059,0.40277800795665425,1.4812141369223846,0.3210312912672524,-4.750848754297018,335.9899587737256,2,weakly supported
BS040029,Damwand,5.1147227,52.0999969,-0.026746233102563993,2.063020115972939,0.40648652692641785,-16.49647001372615,295.5226932054473,2,weakly supported
WF060330,Muur,5.1242696,52.0888282,1.3387642059286982,3.2170272340394406,0.43503188623297306,-75.74602726566927,289.10897734884117,2,weakly supported
WF060343,Muur,5.124612,52.0884753,1.2499705124517284,3.0896935832843644,0.41770872298601797,-83.06198943414182,334.70364157942714,2,weakly supported
BS030102,Beschoeiing,5.1321381,52.1167402,-0.10608504795336249,1.9135851174700753,0.06146342679872851,-47.131583825358305,133.8083224677092,2,interpolated
KM020003,Kademuur,5.072458,52.1219583,-0.5254258098550911,1.2478734872468207,0.23531135717858379,-36.301914170416126,582.7250632224807,0,no support
WF060432,Muur,5.1166391,52.0919663,0.9780758195008087,2.9833383533987994,0.5106960179286347,-96.95368197123288,294.21837352385114,1,weakly supported
BS100343,Beschoeiing,5.01944,52.0812903,-1.0383972814435445,1.6663386632027477,0.30451967414067993,4.953974759448665,240.78859087805944,3,interpolated
BS060014,Damwand,5.1234907,52.0811197,0.5000338793671445,2.230378761722549,0.22018711017449233,-14.340178353614363,287.06884479668344,1,weakly supported
DW010017,Damwand,5.0642334,52.1104421,-0.5248643211079639,1.744051858471373,0.24127761424507704,-12.73468746022978,689.9931336145424,0,no support
WF060359,Muur,5.125789,52.0875709,1.0689966687631387,2.7636141527542417,0.3859340700828976,-109.03113024703553,328.5408566970698,1,weakly supported
BS030101,Beschoeiing,5.1319507,52.1165579,-0.10579878177553718,1.9212682603566256,0.05590303490288782,-45.256933279696504,111.08044856570021,2,interpolated
KW080007,Muur,5.1011828,52.0723382,-0.11786825257920601,1.8053496228722106,0.5217183723305971,83.82282324141718,130.71070810209827,4,interpolated
WF060080,Muur,5.1243258,52.0889822,1.363126518684168,3.241378832090592,0.4407155396300789,-74.75576233226516,275.87856037527416,2,weakly supported
WF060488,Muur,5.1211286,52.088867,1.3520964555996704,3.4307681101064995,0.4397242750325276,-57.5514142758845,265.85378309009764,3,weakly supported
WF060278,Muur,5.1266526,52.0861196,0.8900107962895276,2.553992386488344,0.3384227775861376,-97.24919607210532,309.18209187018414,2,weakly supported
KW050008,Muur,5.1253206,52.0798865,0.37595205240019647,2.0159709114840134,0.23651821990349733,-6.845004613266169,357.0063467587903,1,weakly supported
WF060434,Muur,5.116707,52.0918821,0.9963624877179026,3.0137585128854067,0.5066415278810453,-94.06144374649963,303.540047765616,3,weakly supported
WF060194,Muur,5.1165132,52.0936095,0.7534914161305182,2.655768104335594,0.5445982399685619,-120.14679155739252,228.59275634969472,1,interpolated
WF060451,Muur,5.1175242,52.0915959,1.1611455799539283,3.2201034961028356,0.49347344947451377,-78.21637257415065,332.89258292716545,3,weakly supported
WF060590,Muur,5.1221702,52.0857361,0.7693187138752073,2.8278107209054943,0.3121745598479169,-45.12492211124318,313.38623989355636,2,weakly supported
WF060527,Muur,5.1216896,52.0881789,1.2021691873268947,3.2832419997362217,0.4113437322674956,-58.645911046103706,332.1406582323817,3,weakly supported
BS090101,Beschoeiing,5.0879965,52.0673328,-0.13570408249873858,1.3961168983817125,0.2115361812457973,-8.846722484904552,378.30154352937984,1,weakly supported
BS100145,Beschoeiing,5.0108217,52.0866493,-0.8553321130099022,1.499482763487539,0.2871619282003697,-4.723971383143263,226.7195204900483,3,interpolated
KW060015,Muur,5.1117705,52.093168,0.4994673771653899,2.2301441402452338,0.6043274425618688,-171.88266934859521,104.22917835698783,1,interpolated
KM060042,Kademuur,5.1246902,52.0884665,1.242948310888545,3.0748373861346394,0.4168227901885353,-84.19930368441021,338.0829615440957,3,weakly supported
WF060499,Muur,5.1212575,52.0884981,1.253612789583082,3.352126129634462,0.42034106357206663,-56.97068686479236,302.8263500424304,3,weakly supported
BS100266,Beschoeiing,5.0274465,52.0765608,-1.2833194701846111,1.0950968890337176,0.18636252789156202,6.082709593973706,55.66774885750644,7,measured nearby
DW050002,Damwand,5.1334217,52.0786045,0.45880520680570724,1.8131324143850667,0.211311423595891,-0.8824964894815872,176.39159560339186,2,interpolated
WF060326,Muur,5.124545,52.0887787,1.3067632164323428,3.160941587939995,0.42994490748254593,-79.21509306336283,302.95208233029786,2,weakly supported
WF060089,Muur,5.1249472,52.0881586,1.1792926152645073,2.9781142516164816,0.40429567504434866,-90.59872832593148,376.54897340273516,3,weakly supported
BS050054,Beschoeiing,5.1702214,52.080911,0.5144450413734366,1.7742314003023114,0.3127418480525478,-7.116108453655987,462.70422272800374,0,weakly supported
BS050115,Damwand,5.1564343,52.0982445,0.43024916367785493,0.7745588701736421,0.1548153741975888,17.848610290031647,92.31568485902581,2,measured nearby
KM100024,Kademuur,5.0192505,52.0790967,-1.2469694095962505,1.494262073031283,0.4077026452558495,0.26303463306209074,205.78881414718344,3,interpolated
BS050118,Kademuur,5.1382782,52.095539,0.40307834332371545,1.48412410365639,0.3212947325272533,-4.492270650429217,324.32386715899247,2,weakly supported
WF060133,Muur,5.1163465,52.0954674,0.5072862293949673,2.4797432976640184,0.5222342084798496,-91.72234654053302,305.36888329081523,2,weakly supported
KM060025,Kademuur,5.1250914,52.0904585,1.4434353381451286,3.285185298283034,0.46438713171167345,-64.80036844101431,203.23404652055757,3,interpolated
KW080008,Muur,5.101066,52.0722434,-0.12071597995397776,1.8110346386881457,0.519595522149714,77.48036521948656,137.73673136017308,4,interpolated
WF060403,Muur,5.1230077,52.0819106,0.49057459194761227,2.338760778043303,0.19803233476251916,-15.733256577561896,226.06765096515085,1,interpolated
WF060162,Muur,5.1167427,52.0944957,0.6880176298113468,2.6374568976613992,0.5320768330591812,-108.46678305382821,266.4863204089668,1,weakly supported
BS040073,Damwand,5.1271209,52.1009501,0.12292528406507579,2.088297200065332,0.4278394736105661,41.1845225424058,317.8866989633375,1,weakly supported
WF060060,Muur,5.1230136,52.0933608,1.3513296365364205,3.273785730793463,0.48980469809091165,-28.968824861072246,251.01104873561545,2,weakly supported
WF060877,Muur,5.1164774,52.0937153,0.7389841569894381,2.6386545245603257,0.5456013412896371,-120.8928073347972,226.88905035711755,1,interpolated
WF060878,Muur,5.1192827,52.0917369,1.4970573357436943,3.4925506653847327,0.4986008871909768,-63.311058106203106,219.00322853760503,2,interpolated
WF060242,Muur,5.1252192,52.0921165,1.3557131015128618,3.088018498655809,0.43258140506227155,-58.04448556001333,225.1021875844934,3,interpolated
BS070100,Beschoeiing,5.1267461,52.0582281,0.444460700441444,1.2005341367908346,0.3685376125274896,-11.780574062865828,262.65683827271874,1,weakly supported
WF060554,Muur,5.1217673,52.0870145,0.9422331745403227,3.0428450435843244,0.360748642328571,-53.14803520955824,391.91680496656744,1,weakly supported
BS020061,Damwand,5.0900872,52.1181393,-0.44341246394412426,2.002270845778563,0.266233612175032,-31.258778244008518,427.9548603996735,0,weakly supported
WF060879,Muur,5.1269841,52.0856755,0.8299116535124222,2.551575151777673,0.3099024353073039,-86.20063171622769,274.173311439925,2,weakly supported
KM100049,Damwand,5.0078217,52.0827109,-1.2928187837251581,1.0124957848870466,0.24948633409752688,-1.260220717043706,144.34959325638442,4,interpolated
BS040020,Damwand,5.1254258,52.0989511,0.1762872521905865,2.102365616825888,0.42586421764052934,53.78041808413579,284.42452904842224,4,weakly supported
KW070012,Muur,5.1257455,52.0589755,0.37210226565737636,1.2418215998423154,0.36682505708273816,-17.657324573046306,345.1515171607338,3,weakly supported
WF060880,Muur,5.1174439,52.0918086,1.1361286256755394,3.176504070440585,0.49998964315250355,-82.2962143600414,342.6576467393405,3,weakly supported
WF060588,Muur,5.1221524,52.0857771,0.7739788355511157,2.8335644432864084,0.3142182124449032,-45.45217305478383,317.7218967625509,2,weakly supported
WF060565,Muur,5.1218738,52.0865966,0.8776124285487813,2.9652624964224032,0.3467601805618854,-50.95848156581057,403.2770115789256,0,weakly supported
KM050009,Kademuur,5.1248873,52.0812567,0.49874716718644596,2.276264604904467,0.19763985224993888,-13.120892944057964,252.35759528112817,1,weakly supported
WF060108,Muur,5.1163732,52.095941,0.4288806484708914,2.454962275427348,0.5053394707249181,-78.83117713177471,345.5868675383614,2,weakly supported
KW070008,Muur,5.1404667,52.065822,0.434804369269098,1.147348717479132,0.3473712549010581,3.6882936279447085,98.6207222125979,11,measured nearby
WF060489,Muur,5.1212922,52.0892753,1.4728579237655683,3.4884342053038817,0.469514605279316,-58.64475518572935,219.27312906669061,3,interpolated
KW090006,Muur,5.0424155,52.0976905,-0.14529029107117555,1.7833183810088882,0.19055691012265766,-8.572923955322219,59.122189319893515,2,measured nearby
BS030047,Damwand,5.1165518,52.1232375,-0.4248989952717209,2.0980952340110113,0.2984850854270874,-4.318742795719886,465.10060664863437,0,weakly supported
WF060702,Muur,5.1238641,52.0966266,0.25235576668703713,2.3330106660406384,0.4091935066217606,64.00279739768246,315.66425729402675,3,weakly supported
BS070006,Beschoeiing,5.1123765,52.059437,0.3271865396136893,1.14066650399174,0.37212486048616084,-46.50952751042931,343.4068631471405,2,weakly supported
BS070021,Damwand,5.1189624,52.072262,0.49670223137976205,1.4283049522769027,0.13087842647110515,-21.453213225656043,192.629455929666,2,interpolated
BS010044,Kademuur,5.0917951,52.0859527,0.09426043489166905,1.8524852465171604,0.21027498590220975,-2.847541594428707,314.0049924986188,1,weakly supported
BS070055,Beschoeiing,5.1125337,52.0610012,0.3537870506872796,1.1253090861802617,0.37253415192953515,-41.83835441134197,232.12744563701622,4,interpolated
BS090177,Damwand,5.0864376,52.0661498,-0.19574622287952223,1.3539385056003426,0.20775744624581852,-8.771127131116243,486.0340646728805,0,weakly supported
WF060475,Muur,5.1211014,52.0896283,1.551782738912441,3.5545596578895418,0.4837487149394029,-58.37598952784483,188.106551948356,2,interpolated
BS040086,Beschoeiing,5.1264925,52.1052235,-0.16902626524016692,1.4367747256192247,0.3194843065716592,-4.445997143407076,260.93430340238064,1,weakly supported
WF060193,Muur,5.1164948,52.0936525,0.7470448089696158,2.6478055754743277,0.5451413114402724,-120.57054151912173,227.5646042442589,1,interpolated
KM070013,Damwand,5.121603,52.0771007,0.22200143677850276,1.7626637706387542,0.34236850877820896,26.061061498347573,376.0727446570605,2,weakly supported
BS070094,Damwand,5.1357257,52.0644959,0.287685067198971,1.3328979417505145,0.3064248472105584,-0.4729079164420397,179.60457205384813,2,interpolated
WF060249,Muur,5.125623,52.0919319,1.2630925216686928,2.966918631876472,0.4148183963016183,-57.19682193480088,241.4605750474106,3,interpolated
WFM06805-X,Muur,5.1261791,52.0870583,1.0069557856749434,2.6775789559644436,0.3694540391883429,-113.49433634262482,319.78150028181,1,weakly supported
BS030004,Beschoeiing,5.0930229,52.128092,-0.8124795507189042,2.1146828445583834,0.1972019715237372,-0.18067191196596752,467.2866525891495,0,weakly supported
KM060045,Kademuur,5.1123361,52.0961467,0.07618965348866062,2.2461522915402314,0.5024018612599995,-83.55953225864803,171.69415466032868,2,interpolated
WFM06515-X,Muur,5.1227014,52.0833742,0.5018599421363774,2.5246685220720186,0.18346855174783583,-15.21476049863273,159.22396337788615,1,interpolated
BS020046,Beschoeiing,5.1102034,52.0956445,0.1420891246358419,2.186257892424235,0.481246845096096,-96.78904644290931,263.893761119572,2,weakly supported
WF060909,Muur,5.1172039,52.0918827,1.0858883828955848,3.116523911132143,0.5030316966135555,-86.6760431532989,331.2062324683967,3,weakly supported
KM090013,Kademuur,5.0445674,52.1072196,-0.8186038972264484,1.0128870678448443,0.31590668154587,-6.800921235239683,182.9113559507409,2,interpolated
BS050117,Kademuur,5.1399052,52.0955379,0.42068159309961,1.516754809952083,0.3071451071592303,-1.6270654338796633,268.6077133376496,2,weakly supported
675fe5374c858,Damwand,5.1122755,52.1083209,-0.28864462023521875,1.9378307065283273,0.41571020367769845,1.390821668285804,256.57080154856106,1,weakly supported
KM090011,Damwand,5.0404256,52.0968952,-0.15729202118854416,1.774148462720679,0.1971515738533605,-8.42486671072832,103.16578840416588,1,interpolated
WF060883,Muur,5.1261971,52.0870309,1.0037941778104984,2.674451585840981,0.368419375330423,-113.47265694781967,319.8331097456933,2,weakly supported
BS030048,Damwand,5.1155718,52.1237179,-0.4778377797224521,2.1421812423932165,0.30031898910055754,-5.231183438292257,521.3522441413353,0,no support
DW050005,Damwand,5.1293857,52.0837599,0.5925878270998525,2.2744042332608765,0.2315010715938191,-58.40331493301267,299.9888062663553,1,weakly supported
BS100331,Beschoeiing,5.0186002,52.1009604,-0.3946851218135887,1.384376725709212,0.3663693203303411,-3.7856568231419976,710.3665407869885,0,no support
WF060363,Muur,5.125367,52.0877344,1.1024694560811386,2.850358631306461,0.3892480243781846,-99.99400890564031,353.94702859839197,1,weakly supported
KW040011,Muur,5.1370916,52.0957105,0.2576264616367312,1.7008880679723226,0.44375432793138136,21.98751396990247,368.3728097345255,1,weakly supported
WF060885,Muur,5.1247032,52.0886209,1.2669516428834486,3.101775858408833,0.4224207575234896,-82.85244530089254,323.5482291217895,3,weakly supported
BS010029,Beschoeiing,5.0928368,52.087586,0.27711890505136877,1.8037882972479515,0.21048874158934966,-6.958160749076117,301.98747523602094,2,weakly supported
WF060357,Muur,5.1250167,52.088067,1.162404044267276,2.952335662616744,0.4008477747065552,-92.33885482600364,374.8025937209392,3,weakly supported
KM050004,Damwand,5.1381877,52.0733637,0.4433046086946558,1.5108255644803648,0.19288069167283106,-14.760291170005452,264.7800957849433,1,weakly supported
BS040004,Beschoeiing,5.1320623,52.1035658,0.005662414353205751,1.6981097274239985,0.3039309847863611,0.02447197073105976,224.9681964480276,2,interpolated
BS100278,Beschoeiing,5.0312938,52.084337,-0.5100199706676496,1.2497933208517482,0.39704291791700447,8.171931049748295,331.34517566530724,3,weakly supported
BS040080,Beschoeiing,5.1438352,52.1034994,0.10185277096794175,1.5829015414718655,0.27572674573486083,-5.376098456619996,412.9112479800624,0,weakly supported
WF060549,Muur,5.1219138,52.0876096,1.0753888450911617,3.157763966400167,0.3866831092611404,-57.90315185209095,393.52766408093436,3,weakly supported
BS040059,Damwand,5.1226237,52.098749,0.11304227954860659,2.090555150377337,0.39255666779097187,18.603932895032763,223.6612536338662,2,interpolated
WF060320,Muur,5.1240641,52.0891298,1.415426919909773,3.315915818407346,0.4505649918408001,-71.04742415434194,252.88958988334588,2,weakly supported
WF060626,Muur,5.1226489,52.084517,0.63903325052589,2.698655277275357,0.23496316477488935,-32.183372438343525,195.81446340945516,1,interpolated
WF060557,Muur,5.1217898,52.0869298,0.9284318672750923,3.0266256603288144,0.35791586726067204,-52.75053153537413,395.1768589061901,1,weakly supported
WF060642,Muur,5.1230159,52.0846283,0.6371986635789246,2.6958512011258184,0.22593994331993555,-32.117616291464756,183.63233506622015,1,interpolated
WF060379,Muur,5.1260397,52.0869754,0.9980578962416876,2.696106568669027,0.3632342221731671,-108.70967739308385,332.1649132668539,2,weakly supported
WF060269,Muur,5.1254796,52.0905788,1.3535499812685348,3.1627939162487406,0.4476711783325763,-65.0620492453175,223.9847822324408,3,interpolated
BS100008,Beschoeiing,5.0102246,52.1067483,-0.36549084072861227,1.1855156568431422,0.42347267562113156,-8.395475637460429,173.1790633511602,4,interpolated
WF060627,Muur,5.1228638,52.0849885,0.6805800533824257,2.7293248714134637,0.2540895852153349,-37.38054584175556,219.27867555094397,1,interpolated
BS090113,Beschoeiing,5.0501469,52.0959537,-0.2836931840550764,1.7548040707388604,0.2883348684997339,-3.586371833415571,296.9571512601809,1,weakly supported
WF060464,Muur,5.1182276,52.0915539,1.3140934110173037,3.3373916808080617,0.4838250108062314,-68.96755746591249,284.64872360060997,2,weakly supported
66703c5f6c130,Kademuur,5.1351368,52.0645162,0.2884023846725507,1.3481802576537583,0.31445690237581375,0.9216471410814235,150.11742624097604,2,interpolated
WF060298,Muur,5.1265977,52.0862035,0.9015776476454194,2.555451573009726,0.34367279425031905,-99.19042917200703,316.5948247291276,2,weakly supported
WF060569,Muur,5.1219435,52.0864365,0.8565026390534259,2.9367980268761853,0.341198901629137,-50.18666697873303,385.71639577194014,1,weakly supported
BS080002,Damwand,5.1186383,52.0724665,0.5189092506818581,1.4061987967530734,0.11037895362456479,-21.45321322565604,169.32631568537613,3,interpolated
WF060594,Muur,5.122261,52.0854563,0.7375727106112854,2.7914609242374926,0.29767260813685026,-42.578147116361116,285.5235571001751,2,weakly supported
BS090179,Damwand,5.0858441,52.0649175,-0.2544180276215837,1.2006923114207,0.1997280689593689,-3.978376792578394,596.0780824204268,0,no support
WF060373,Muur,5.1258648,52.0872012,1.0263236418604573,2.729416207542984,0.3717262515578305,-108.00124386732386,334.2954804011066,1,weakly supported
WF060647,Muur,5.1230555,52.0845172,0.6249522486814397,2.687205973293139,0.21770270666087793,-30.533000384062777,173.53308064908373,1,interpolated
WF060337,Muur,5.1244229,52.0886718,1.297817996548087,3.1595443358081305,0.4270138210263803,-78.89206455997095,309.3658360618131,2,weakly supported
KW070005,Muur,5.1243475,52.0595463,0.3324524847608811,1.247097001950451,0.3297751759461816,-20.87433681341274,306.97154504418336,3,weakly supported
BS100210,Beschoeiing,5.0098847,52.081185,-1.292676704976796,0.9222823289345388,0.2534575315263805,0.8191418899493043,217.32638428026442,4,interpolated
BS050018,Beschoeiing,5.1512717,52.0747966,0.4442290434598304,1.5116829884572893,0.2740840467043943,-5.9612442431254795,290.2385528319568,4,weakly supported
BS050246,Beschoeiing,5.12947,52.0838286,0.5979490018988434,2.266927424426753,0.23534618828361423,-60.94681421357898,306.4789438410368,1,weakly supported
BS070033,Damwand,5.1129143,52.0618519,0.375463511935193,1.1175952532382438,0.38044655026408003,-36.13388565152748,190.83725148011047,5,interpolated
BS040002,Beschoeiing,5.1432656,52.1048141,0.07538497590134711,1.595018649739424,0.2794559746236246,-5.633748722514357,506.6301241697698,0,no support
BS030169,Beschoeiing,5.0899794,52.130419,-0.8726070576187295,2.003551715204063,0.18187032163607736,-0.9463727853407289,298.81616541881783,1,weakly supported
BS030146,Damwand,5.1074696,52.1063477,-0.33616230908015166,1.97942267734697,0.48908122088824085,0.7765592265468279,173.44987875881978,2,interpolated
BS030061,Damwand,5.1092802,52.1265472,-0.5680522450662372,2.203271637221292,0.30704457487123865,-3.445478668609226,656.9657659241107,0,no support
BS080001,Damwand,5.1057053,52.0809709,0.23859962041430652,1.9476512057785385,0.15509915671293265,-22.548884411050654,419.0809336800271,0,weakly supported
WF060889,Muur,5.1257338,52.0876224,1.076259389796349,2.777144326632528,0.38733393739684596,-107.87601466413635,331.1517045579263,1,weakly supported
BS070082,Beschoeiing,5.1215786,52.0602,0.34046364793885525,1.2048216662091906,0.3422258937012297,-19.84150353781638,168.340042963458,5,interpolated
WF060261,Muur,5.1261829,52.0910717,1.1493725966480253,2.8200946717886244,0.3978370499836364,-60.78466329257278,240.6196657527344,3,interpolated
BS050085,Damwand,5.1466216,52.0944851,0.458820091409558,1.6009011723550235,0.1552950394994885,-2.6910224307245385,207.51161457669951,3,interpolated
BS050056,Beschoeiing,5.1704216,52.0827898,0.5366219579328662,1.735589978471599,0.34755747358669625,-12.745316565151096,445.07985483644785,0,weakly supported
BS010028,Beschoeiing,5.0437531,52.1222445,-1.0650112005260282,1.7808761567834541,0.2103758862716795,-6.968110440251104,334.2574239824035,1,weakly supported
WF060910,Muur,5.1164665,52.0948544,0.6064819410580597,2.514593504906783,0.540176943765112,-105.75982089919637,268.80549188960356,1,weakly supported
WF060160,Muur,5.1167454,52.0945922,0.67681302176698,2.6327234067725747,0.5303489399239896,-106.98699116247327,271.13151859355395,1,weakly supported
DW030003,Damwand,5.0947833,52.1165066,-0.5127270568083687,2.185468804233369,0.24937107944240566,-4.946337613522865,354.33400815828867,1,weakly supported
BS050028,Beschoeiing,5.141406,52.074757,0.533991817105596,1.5800174092852939,0.11713736375422641,-5.9612442431254795,85.6660599357537,1,measured nearby
KM090025,Damwand,5.0593272,52.0978097,0.3152528152465813,1.798648097356846,0.2689047642876251,-19.03515293220227,96.76444111261337,2,measured nearby
DW010071,Damwand,5.0698132,52.1056571,-0.5347223859691751,1.9392300817381933,0.298432644105347,-88.56365348061878,391.558873002933,1,weakly supported
WF060685,Muur,5.122931,52.0819585,0.4907321839470884,2.3399681197986846,0.1985979802621145,-15.774760668971236,225.14580771555808,1,interpolated
BS070085,Beschoeiing,5.1141909,52.060899,0.37314677331261326,1.1070144460244242,0.3523825139447129,-42.916937175786124,140.22935242604524,5,interpolated
WF060891,Muur,5.1190634,52.0918061,1.4567434670027684,3.4540573925591675,0.49628664390159066,-64.93017367897413,235.6441193064054,2,interpolated
KM060028,Kademuur,5.1228202,52.0826522,0.50188766587744,2.489175660039199,0.1896283164663523,-15.46202640723602,178.86374830612792,1,interpolated
BS040119,Beschoeiing,5.140919,52.1032138,0.09829318036787014,1.6504754193265034,0.31863122264143495,-3.860137486194361,346.59768670295443,3,weakly supported
BS090043,Beschoeiing,5.0447208,52.0947471,-0.223838737655353,1.676865841578999,0.280088163316146,-4.567958155655762,359.70581581213565,1,weakly supported
BS070022,Damwand,5.1172888,52.0693207,0.36632757568044844,1.3795562534860386,0.3077442417137226,-12.911377163402403,219.8315267961974,7,interpolated
WF060280,Muur,5.1266833,52.0860767,0.8841540759554927,2.553255373398665,0.33574472941541117,-96.26961644082834,305.5270543866599,2,weakly supported
WFM06295,Muur,5.1174312,52.0918265,1.1326527738372019,3.171420785781443,0.50054332105272,-82.72825253330325,343.933189453332,3,weakly supported
WF060486,Muur,5.1210998,52.0889522,1.362765502420496,3.4154008344301916,0.44850401560165054,-57.48204894796146,257.5103392272361,3,weakly supported
BS100195,Beschoeiing,5.0142758,52.0835882,-1.0120928397135993,1.3873968779038885,0.26535923928068145,7.300934627170409,264.8142768102992,2,weakly supported
KW080017,Muur,5.1086518,52.0817624,0.2952833681073103,1.9081811516435587,0.163683251654694,-15.888767387101426,202.46830619540452,5,interpolated
WF060716,Muur,5.1236072,52.0957854,0.6177959985909387,2.5162030733395597,0.45621015681212107,43.13387187350064,353.9750764583684,1,weakly supported
WF060079,Muur,5.1238262,52.0899534,1.595771282515309,3.503615150022057,0.4918548947319092,-63.1014227089129,166.81373241710114,2,interpolated
WF060496,Muur,5.1212395,52.0885795,1.2760364265670785,3.369810614463187,0.42475622853987416,-57.16992996855787,294.3698638080914,3,weakly supported
WF060190,Muur,5.1164391,52.0939054,0.7172345501665294,2.617165146115701,0.5459756027573357,-121.00542002915816,227.14670707079236,1,interpolated
BS090091,Beschoeiing,5.0866209,52.0672474,-0.21897297348512046,1.312692526458694,0.19954450274948407,-8.683684417183747,365.4656375238414,1,weakly supported
WF060016,Muur,5.1175535,52.0915937,1.166839873823661,3.2258817379776703,0.49348127390233393,-77.87225472780739,330.8800815367926,3,weakly supported
WF060026,Muur,5.1220085,52.0873293,1.020029144276152,3.098969043202415,0.3755329550761815,-57.13524432699801,403.77482315479284,0,weakly supported
WF060435,Muur,5.1169885,52.0923132,0.9846656100297477,2.9844979153534017,0.5136675854404084,-96.56412206119343,294.1335241192226,3,weakly supported
KW060006,Muur,5.109793,52.09192,0.26200081173649764,2.413648538428586,0.5488068729863629,-117.97644922472705,292.6534495977741,1,weakly supported
KM090020,Damwand,5.0705998,52.0778908,-0.41389110844765287,0.968530046456159,0.3162467374326611,5.312848388639816,323.0642622062304,3,weakly supported
BS100280,Beschoeiing,5.0324863,52.0856082,-0.43083139926927255,1.2952490954801108,0.38746022600135593,13.031638293571165,185.29252577577466,5,interpolated
BS060018,Damwand,5.1199003,52.0965277,0.24415729238691003,2.4055260341453275,0.3674506402835016,-34.457329824455485,308.3004259158848,1,weakly supported
WF060892,Muur,5.1268888,52.0860801,0.8907917418321196,2.537463836534425,0.34037995347869676,-100.94421877345893,311.3897471624616,2,weakly supported
BS020018,Beschoeiing,5.0886525,52.1052291,-0.3695776909125991,2.093669592728959,0.42654541707844557,2.7546864904075705,241.1667874809971,2,interpolated
DW010013,Damwand,5.0663504,52.1119875,-0.398575189960202,1.8160993238218976,0.339445831893231,-43.2422124308557,869.8677693290936,0,no support
BS070103,Damwand,5.1125025,52.0610673,0.35466039287763107,1.1253333599392188,0.37313690134129135,-41.44785485170954,231.5960549353629,4,interpolated
WF060387,Muur,5.1206386,52.0901538,1.6057624035271347,3.613379756722075,0.5002322735873083,-56.80964361498054,159.68690062300243,2,interpolated
KM060014,Kademuur,5.1223205,52.0856428,0.7606513811472168,2.813162749026081,0.30522885704004876,-44.759964501792645,298.87886095264696,2,weakly supported
WFM06302-X,Muur,5.1183026,52.0917361,1.3241503579410077,3.334964573536891,0.48792104928999414,-70.07996486615264,283.6142861254504,2,weakly supported
BS010049,Damwand,5.0995146,52.0890293,0.25041527392020463,1.9463512309670632,0.2938755368422425,-17.794391352194612,267.80320191524095,2,weakly supported
WF060360,Muur,5.1250915,52.0879996,1.1491745239077058,2.9299163969031845,0.3983589308494042,-94.00482285571326,369.9845870706925,3,weakly supported
BS050111,Beschoeiing,5.1707945,52.0866152,0.5472327633801457,1.6836543961847072,0.3613608251966972,-14.036395448130179,350.76165595512356,1,weakly supported
WF060365,Muur,5.1254435,52.0876584,1.0903500779174373,2.8297019123590608,0.3867751975068038,-101.54440493396037,350.02307889488884,1,weakly supported
WF060382,Muur,5.1205471,52.0903283,1.6249238675123499,3.6258333932745055,0.5038028453126419,-57.23896843930674,152.03005628718788,2,interpolated
BS030058,Damwand,5.1102449,52.1261227,-0.5318603931313366,2.167143075355028,0.31890678178485027,-2.926558004097113,676.4616365439434,0,no support
BS100017,Beschoeiing,5.035792,52.0952723,-0.22796892856190978,1.6585090741012354,0.2952846485741555,-4.186382903142618,467.712032865396,0,weakly supported
BS020062,Damwand,5.0926505,52.1177333,-0.4653094404134508,2.106691985293709,0.25994692578405326,-17.77472647317238,303.9576998062143,1,weakly supported
WF060649,Muur,5.1230874,52.0844226,0.6151048043077211,2.6804753528078646,0.21098068457363764,-29.23143951685272,165.31215096657223,1,interpolated
WF060572,Muur,5.1221894,52.0868721,0.9412333910922961,3.0077146625914692,0.35810967356252293,-55.52920552978613,419.11008919531884,0,weakly supported
BS090005,Beschoeiing,5.0446777,52.1090206,-0.8451237801753476,1.0406613373273994,0.345283670333264,-2.9058989237032917,291.5678029882092,3,weakly supported
WF060665,Muur,5.1226417,52.0831255,0.5017335980745807,2.509904346286675,0.1877735497690408,-15.367992025251313,168.40030293176108,1,interpolated
BS990009,Beschoeiing,5.1776066,52.0691753,0.4086701696298671,1.996148548253359,0.39450638922101394,-93.10910194771937,686.8776480402768,0,no support
WF060132,Muur,5.1163496,52.0959794,0.4212032861941825,2.4515737180877,0.5043589181990711,-78.05961628927982,343.31200676958514,3,weakly supported
BS050029,Beschoeiing,5.14087,52.0749378,0.5431705680193532,1.6000806427793637,0.1114053289972968,-2.8379390714339525,46.244763036167605,1,measured nearby
WFM06679-X,Muur,5.1220845,52.0871553,0.9891637593323861,3.063235979687224,0.36898214960926895,-56.676540393891166,410.99093394437654,0,weakly supported
WF060118,Muur,5.116271,52.0961189,0.39383927145863423,2.4398815165811576,0.5007326268454823,-75.19586519153745,330.4076156728504,3,weakly supported
WF060711,Muur,5.1235442,52.0955453,0.6671789713445915,2.5719441226510003,0.46065384721525954,37.50773322116943,368.0552187744178,1,weakly supported
WF060556,Muur,5.1219913,52.0874039,1.0347803641889104,3.1142280067808996,0.3785384069303426,-57.42890754027249,401.9970354227034,0,weakly supported
BS030195,Beschoeiing,5.0934334,52.12765,-0.7301712735864265,2.236285547648956,0.20837667427902734,0.007674176929439589,461.23818583753024,0,weakly supported
BS100213,Beschoeiing,5.0190763,52.1205378,-1.245733856203011,0.5927806063246964,0.4722420550133645,-19.043905982041846,164.714553729269,1,interpolated
WF060548,Muur,5.1217278,52.0871576,0.966394314441166,3.070747762627228,0.36557895506456983,-53.76352132505333,386.7739737522528,1,weakly supported
KM060055,Kademuur,5.1167773,52.0920516,0.9948498291191753,2.9964414246031263,0.5123056799512663,-96.42403728801844,296.51672277984505,3,weakly supported
BS030027,Beschoeiing,5.0958894,52.1233684,-0.6403590546380464,2.303912282618836,0.18766942317846924,0.47216293727892356,157.245861188993,1,interpolated
BS020040,Damwand,5.1079081,52.1057914,-0.3430029633455981,1.9885268767679212,0.5160024513021793,3.9552655797194127,114.9011796407427,2,interpolated
BS100328,Damwand,5.0346925,52.083201,-0.4172283962679935,1.3718973314559468,0.5959742083884875,4.510848197759977,190.7062201050323,2,interpolated
WF060109,Muur,5.116413,52.0958802,0.4411780705300438,2.460521963762706,0.5068647615396691,-80.02760450538956,342.14010428465394,2,weakly supported
WF060010,Muur,5.1167276,52.093233,0.8239682806791078,2.750538371796538,0.5366760369638249,-113.62809113484488,245.4042635390065,1,interpolated
WF060247,Muur,5.125571,52.0919669,1.2749769888912992,2.9818999914395126,0.4169879866814317,-57.28576273140259,239.6134071033145,3,interpolated
BS050203,Beschoeiing,5.1491294,52.078166,0.4789614138757985,1.686372956127563,0.180320385267723,40.09776038274423,152.06504263713416,1,interpolated
BS100383,Beschoeiing,5.0065007,52.0808121,-1.4052809240237465,0.9244684133517761,0.24950731761766232,0.6401313757734381,87.72818686884152,4,measured nearby
BS100172,Beschoeiing,5.038865,52.0784749,-0.7509875299595636,1.1123599979128118,0.41144098980637916,6.918515370404828,107.25672485630119,4,interpolated
WF060175,Muur,5.1165557,52.093505,0.7694561986354194,2.6759526975783055,0.543135357683,-119.00304225073123,231.37404869986867,1,interpolated
WF060223,Muur,5.1231956,52.0936049,1.2544732068372144,3.1691669216278915,0.48237584181745263,-21.503620306651523,280.0654939017934,2,weakly supported
BS010043,Beschoeiing,5.0910303,52.0878541,0.19085238823041903,1.907441990283733,0.1737722219349821,-6.372747244385068,316.03568515004736,2,weakly supported
KM060036,Kademuur,5.1267774,52.086176,0.9020312711599708,2.541957040643091,0.34519236806277165,-102.16902629864013,318.17390938980463,2,weakly supported
WF060211,Muur,5.1167731,52.0929607,0.8642955355032023,2.8060780992894214,0.5317897949485956,-110.05432587185642,254.33996414058586,1,weakly supported
BS060017,Damwand,5.1237926,52.0972153,0.22671385948086228,2.0788926371446865,0.4109867172541339,57.37363893516286,321.1336783950677,3,weakly supported
BS090099,Beschoeiing,5.0879698,52.0689496,-0.1871839579512615,1.308083563023483,0.1897409116668687,-8.655959608738511,218.57282075985256,3,interpolated
KW080001,Muur,5.1066444,52.0827005,0.22649167186662547,2.0210411395919703,0.19514583730749438,-25.044536229545525,265.52064162862024,4,weakly supported
KW040014,Muur,5.1282701,52.102156,0.10033487230319786,2.013953462173722,0.4088254437678953,48.388989170195586,425.1199662611023,0,weakly supported
WF060207,Muur,5.1170447,52.0924718,0.97495528758812,2.9648468620529727,0.5168443861821787,-97.94273060147708,289.93642719936184,3,weakly supported
KM090004,Damwand,5.0759443,52.0963934,-1.0419284653408485,2.3424602949442535,0.9593173546407421,-714.6335628531788,180.253941575351,1,interpolated
WF060329,Muur,5.1245852,52.0887367,1.2960659126678378,3.1453798967099726,0.42790257661465503,-80.13833992750298,308.3724066151959,2,weakly supported
KW040003,Muur,5.1117381,52.103368,-0.16659633664183016,1.8290828847627916,0.4357668383906725,12.117776918429795,267.5007216269242,3,weakly supported
WF060897,Muur,5.1258862,52.087413,1.0495845125498542,2.7368899072117054,0.38092234537063474,-110.52127011674371,326.0908501667708,1,weakly supported
WF060608,Muur,5.1225841,52.0856234,0.7613997847929208,2.8051130087970697,0.2991022247880068,-45.45507369185878,286.3512664734593,1,weakly supported
WF060523,Muur,5.1216562,52.0882736,1.225675728485498,3.3045384045282167,0.41590787745286517,-58.74601256187511,322.0385535025686,3,weakly supported
BS100431,Beschoeiing,5.0261675,52.0888308,-0.6602227047835435,1.3337419957831,0.31955964804616,8.36776859996511,299.0706236206855,2,weakly supported
WF060514,Muur,5.1215134,52.0886098,1.3110811657044228,3.3802717426413706,0.43251134356043536,-58.86785317598351,286.86511324671255,3,weakly supported
BS010037,Beschoeiing,5.092767,52.087525,0.26451218389111303,1.81025834682535,0.21255589219826915,-6.775232943839017,310.23958517403406,2,weakly supported
BS060009,Beschoeiing,5.1273604,52.0853139,0.7897150833067464,2.5512659268099354,0.29015030009613735,-78.62905698524652,255.3043483913129,2,weakly supported
BS100174,Beschoeiing,5.0369609,52.0752187,-0.9175625026434514,1.190490211879737,0.39244226387107356,-0.6742029348918618,131.21713842748582,4,interpolated
BS020021,Beschoeiing,5.0954792,52.106834,-0.28268210744312594,1.9227644947839693,0.43169340145824053,-0.30961997161175225,388.7402357316253,1,weakly supported
BS030065,Damwand,5.1073168,52.1273187,-0.5894661866538109,2.230857672482379,0.3004854012490375,-2.533835927144826,638.8321572025375,0,no support
WF060418,Muur,5.1204154,52.0906005,1.6448451432622264,3.637937390953301,0.5077667349795123,-57.79404263077236,144.38136330680567,2,interpolated
KM040008,Kademuur,5.1164447,52.0980534,0.04054003267021506,2.1552143610696195,0.41326126312117256,-30.205823311579174,210.36575293895052,2,interpolated
WFM06172,Muur,5.1186531,52.0915615,1.392306194386557,3.4072060431532836,0.4887983680435776,-65.9188945208732,256.1203731519049,2,weakly supported
WF060574,Muur,5.1222027,52.0868372,0.9355995876931429,3.001058091493782,0.3567473614633161,-55.36705270139773,415.24651163641886,0,weakly supported
KM090007,Damwand,5.0546299,52.0881481,-0.1839527551619937,1.3080418522058268,0.45728469585948994,2.096760913998944,407.9144693254795,0,weakly supported
BS010053,Beschoeiing,5.0382066,52.1172461,-1.0152255436094686,1.4460076323607987,0.299722122378417,-7.801192176423856,496.8058331793698,0,weakly supported
WF060440,Muur,5.1169559,52.091741,1.049249995246541,3.0891896075056353,0.49928301611002196,-87.57742105552808,326.5840506821484,3,weakly supported
WF060218,Muur,5.1231342,52.0930597,1.4768846127092599,3.289968544374215,0.451711895686887,-49.55553449797093,220.10721528923239,2,interpolated
KM100043,Damwand,5.01948,52.1091757,-0.4323562040542344,1.36684351722733,0.4317910058424128,-3.1484282907935834,346.3815244298149,3,weakly supported
BS010050,Damwand,5.0991575,52.0889232,0.28652486498969126,1.9096964256259266,0.2756073434076616,-16.67714957899924,247.79450762704428,2,interpolated
BS030006,Kademuur,5.0926254,52.1282182,-0.8188558168951299,2.12337074729982,0.19730532700296619,-0.17188008686391526,437.9096152249926,0,weakly supported
WFM06108-X,Muur,5.1237605,52.09631,0.4884559544460422,2.1448389966911625,0.45784124520422786,51.20267330935367,327.83825744276743,3,weakly supported
WF060220,Muur,5.1231263,52.0933543,1.3423833248642782,3.2639242464862783,0.48876396962551005,-28.413380939588492,251.83489169141654,2,weakly supported
WF060282,Muur,5.1238188,52.089829,1.5746760769056862,3.4777344412446283,0.48795419689451763,-63.94932426214417,177.66952935364654,2,interpolated
WF060899,Muur,5.1227088,52.0834121,0.5236193226612675,2.53322732016659,0.19426077838491615,-24.125327452933902,158.32703504998506,1,interpolated
BS030190,Beschoeiing,5.1156292,52.1126588,-0.28379841671773204,1.9525961093944906,0.31011675432635627,6.585951395548571,169.95204455772208,2,interpolated
KM070014,Kademuur,5.1238301,52.0682207,0.46861260343537825,1.2749590419481978,0.3673408046193686,1.4690828809823906,133.22561720246497,8,interpolated
