gld_bro_id,lon,lat,screen_depth_below_ground_m,first_date,last_date,n_readings,mean_level_m_nap,trend_mm_per_year,ground_level_m_nap,glg,ghg,n_years,gvg,swing,glg_depth_m
GLD000000002032,5.21499643,52.15830091,3.12,1996-07-03,2025-05-08,68143,2.0900796119924276,11.663433180761572,3.48,1.700060047490754,2.430811697936972,24,2.2211688946759263,0.7307516504462181,1.779939952509246
GLD000000002046,5.08492989,52.15908203,0.0,2014-02-08,2025-05-20,21848,-2.376135618820945,10.613506381665442,-2.29,-2.50655,-2.308019444444444,5,-2.435968055555555,0.19853055555555565,0.2165499999999998
GLD000000002108,5.18685967,52.07799299,0.98,1993-06-25,2025-05-20,22348,0.9261365670306068,0.13733716023148385,2.23,0.6418253968253967,1.2137583678398893,14,0.9183444940476191,0.5719329710144926,1.5881746031746031
GLD000000002123,4.97676537,52.02141675,1.52,2005-10-14,2025-05-20,14629,-1.5202583225100825,-1.4930146447205734,-1.28,-1.7263492063492063,-1.3939960317460316,14,-1.510142857142857,0.3323531746031747,0.4463492063492063
GLD000000002136,5.0712304,52.15583743,2.0,2014-12-16,2025-05-20,14861,-3.152504340219366,13.427906272089423,-2.86,-3.3002070932539684,-3.099996527777778,8,-3.2179609375,0.20021056547619054,0.44020709325396856
GLD000000002157,5.15057197,52.04105677,2.62,1998-12-04,2025-05-20,22336,0.5451079423352436,1.7603617119150408,1.95,0.3066688596491228,0.9187646198830408,19,0.5357955043859649,0.612095760233918,1.643331140350877
GLD000000002176,5.16729335,52.06409857,0.89,1992-01-13,2025-05-20,22472,0.7075416518333927,-1.5107921527989108,2.47,0.5311447368421053,0.9970899122807017,19,0.7288393640350878,0.46594517543859637,1.9388552631578948
GLD000000002199,5.08443651,52.05719194,2.6,1997-05-28,2025-05-08,55941,-0.6183298832698736,3.6581988888372963,-0.3,-0.6759900793650794,-0.5798095238095238,14,-0.6403794642857142,0.0961805555555556,0.3759900793650794
GLD000000002200,5.09071078,52.14681003,2.45,2007-05-15,2024-03-25,48092,-1.1121355111037179,5.5113813365398086,-0.95,-1.171703125,-1.0726371527777778,8,-1.1404292881944444,0.09906597222222224,0.2217031250000001
GLD000000002265,4.98716234,52.09543421,1.81,1972-10-13,2025-05-20,20724,-0.6965181432155955,-1.732345426083156,0.42,-0.8160329861111111,-0.5634887152777778,16,-0.7221464843750001,0.2525442708333333,1.236032986111111
GLD000000002333,5.05739921,52.15881958,0.0,2015-03-05,2024-03-25,2869,-3.6915099337748347,7.335422981683121,-3.57,-3.7327500000000002,-3.6132500000000003,2,-3.679125,0.11949999999999994,0.1627500000000004
GLD000000002346,5.24925738,52.14195179,4.51,1984-05-01,2025-05-13,21868,3.028912566306932,5.916294751450978,7.44,2.431342592592593,3.002047619047619,21,2.877672619047619,0.570705026455026,5.008657407407407
GLD000000002377,5.15243436,52.10285334,1.5,1984-05-01,2025-05-20,22946,0.27627608297742523,0.9232293007938585,1.5,0.17736197916666668,0.3781206597222222,16,0.2546171875,0.2007586805555555,1.3226380208333333
GLD000000002425,5.06570824,52.14953988,2.0,2013-11-21,2025-05-20,13658,-2.9369531410162546,7.969486167076238,-2.74,-3.0135972222222223,-2.8699444444444446,6,-2.9645781250000005,0.14365277777777763,0.27359722222222205
GLD000000002436,5.1920928,52.04540221,2.44,1997-11-21,2025-05-20,21588,1.0793450528071151,0.185022276557647,2.61,0.744547385620915,1.4675800653594773,17,1.1007683823529408,0.7230326797385622,1.8654526143790848
GLD000000002478,5.05739921,52.15881958,2.0,2015-03-05,2025-05-20,11635,-3.650868414267297,4.016248109682183,-3.57,-3.711324074074074,-3.6174444444444447,3,-3.6737256944444443,0.09387962962962915,0.141324074074074
GLD000000002581,5.19009306,52.0857551,1.44,1996-04-12,2025-05-20,17006,1.0909419616605904,3.347370678710772,1.79,0.8654064814814816,1.207774074074074,15,0.9793662037037038,0.34236759259259253,0.9245935185185185
GLD000000002653,5.07313289,52.12841095,2.5,1979-09-13,2025-05-20,20791,-0.6461124044057525,0.4867136766767888,0.04,-0.7084425925925925,-0.5362175925925925,15,-0.648938425925926,0.17222499999999996,0.7484425925925925
GLD000000002666,5.04026492,52.15781774,1.35,2011-08-10,2025-05-20,14019,-1.7705029602682074,2.0082571282343773,-1.28,-2.433924242424242,-1.3585454545454545,11,-1.635875,1.0753787878787877,1.1539242424242422
GLD000000002825,5.00584442,52.03177906,1.97,1994-02-02,2025-05-20,21357,-1.0381718874373742,1.1023696332652417,-0.32,-1.1693064412238325,-0.8330166666666667,15,-1.0903026086956522,0.3362897745571658,0.8493064412238325
GLD000000013140,4.975570449,52.146574582,1.18,2021-08-05,2025-11-17,42732,-1.7250231208462041,-11.056208582943873,-1.412,-1.9192094389765364,-1.4124135739480979,3,-1.6630262445887445,0.5067958650284385,0.5072094389765365
GLD000000013686,5.1074987,52.06722563,5.96,2021-04-21,2024-08-14,29586,-0.0009221591293179192,,1.94,-0.12498433048433048,0.16813425925925926,3,0.0349375,0.29311858974358973,2.0649843304843305
GLD000000013687,5.11216801,52.09768818,5.11,2021-04-28,2026-06-01,38343,0.08656904780533604,-60.216854689761334,2.26,-0.07905236111111111,0.4392839673913044,4,0.26066723278985504,0.5183363285024155,2.339052361111111
GLD000000013688,5.11612547,52.08763069,5.38,2021-04-28,2026-06-01,42127,0.4520470719491063,-19.109136765746275,3.8,0.3784805555555556,0.5501361111111112,5,0.43622916666666656,0.17165555555555556,3.4215194444444443
GLD000000013689,5.08187907,52.10937917,1.07,2021-04-30,2026-06-01,45085,-0.30741699012975493,-9.80347704330196,1.41,-0.42122500000000007,-0.13690555555555556,5,-0.28786875,0.2843194444444445,1.8312249999999999
GLD000000013690,5.06016847,52.09991949,6.09,2021-04-23,2026-06-01,45302,-0.4003144894265154,-32.25375902977719,1.24,-0.5020595238095239,-0.2792638888888889,5,-0.4329375,0.22279563492063498,1.742059523809524
GLD000000013691,5.12501617,52.08352614,3.02,2021-04-21,2026-06-01,45215,0.5682629879464779,-13.88129518851879,3.13,0.5098194444444445,0.6434777777777778,5,0.5711187500000001,0.13365833333333332,2.6201805555555553
GLD000000013692,5.10600081,52.08744523,3.45,2021-10-08,2026-06-01,41855,0.25109492294827385,-53.669511814576666,2.55,-0.27207291666666666,0.6499340277777778,4,0.3471328125,0.9220069444444444,2.8220729166666665
GLD000000013693,5.00501097,52.09603296,0.63,2021-04-09,2026-06-01,43438,-0.8921787375109349,-19.771184708533543,0.318,-0.9809903333333334,-0.7628311787439614,5,-0.9106741408651733,0.21815915458937196,1.2989903333333335
GLD000000013694,5.02297202,52.10683254,1.12,2021-04-12,2026-06-01,43782,-0.2578307295235485,0.7416106336585171,1.091,-0.42779015151515154,0.04707345679012346,5,-0.23323049242424246,0.474863608305275,1.5187901515151516
GLD000000013695,5.08804705,52.09631606,0.92,2021-04-15,2026-06-01,44360,0.9213024346257891,-2.342069239313482,2.081,0.7686527777777777,1.1095027777777777,5,0.95476875,0.34085,1.3123472222222223
GLD000000013696,5.13810805,52.06602653,1.56,2021-04-19,2026-06-01,43439,0.48379391790787085,-5.456707317047352,1.644,0.3220537037037038,0.6843924242424242,5,0.5171104166666667,0.3623387205387204,1.321946296296296
GLD000000013697,5.06298963,52.09326709,1.05,2021-04-23,2026-06-01,45262,0.16637254208828597,-4.678916793294924,1.86,-0.018427777777777772,0.3851612222222222,5,0.18454791666666664,0.403589,1.8784277777777778
GLD000000013698,5.12893815,52.06449719,1.04,2021-04-20,2026-06-01,42876,0.6932739061479616,23.097053861881385,1.59,0.4091555555555556,1.0057644444444445,5,0.8098625,0.5966088888888889,1.1808444444444444
GLD000000013699,5.14126563,52.09780529,1.62,2021-04-14,2026-06-01,43498,0.5264532622189526,1.5210187043798151,1.98,0.37407500000000005,0.7343,5,0.5176972222222223,0.3602249999999999,1.605925
GLD000000013700,5.06512987,52.07703285,1.21,2021-04-13,2026-05-28,42900,-0.3930563869463869,10.553829314689835,0.515,-0.5338717908902691,-0.21943005037957214,5,-0.38443376084965764,0.314441740510697,1.0488717908902692
GLD000000013701,5.04376408,52.08090801,4.99,2021-04-22,2026-06-01,45123,-0.48118644593666204,-14.716385685213323,0.74,-0.5797361111111111,-0.3415157169990503,5,-0.49198125,0.2382203941120608,1.3197361111111112
GLD000000013702,5.09633963,52.08555231,4.82,2021-04-21,2026-06-01,32312,0.08894330279772221,8.072113602579465,1.63,-0.026388888888888892,0.25736875000000003,4,0.10630208333333334,0.28375763888888894,1.6563888888888887
GLD000000013703,5.16371404,52.08204902,3.11,2021-10-05,2026-06-01,37839,0.6888965088929411,-5.446466890708564,2.2,0.5539236111111112,0.8410590277777779,4,0.7485703125000001,0.28713541666666664,1.646076388888889
GLD000000013704,5.07872573,52.12550997,5.38,2021-04-26,2026-06-01,45152,-0.6085251816087881,-14.647731792100274,0.25,-0.6682611111111111,-0.5290805555555556,5,-0.6110374999999999,0.13918055555555553,0.9182611111111111
GLD000000013705,5.04169657,52.09739514,5.1,2021-04-23,2026-06-01,41895,-0.04178224131757967,-9.066954831392744,1.67,-0.12730277777777782,0.057102350427350436,5,-0.05566041666666667,0.18440512820512825,1.7973027777777777
GLD000000013706,5.01397329,52.0802714,1.13,2021-04-12,2026-06-01,38774,-1.1318604477227008,12.112002416102737,-0.633,-1.2904597686244597,-0.9873057446514839,5,-1.1145236274509802,0.30315402397297575,0.6574597686244597
GLD000000013707,5.17680466,52.08201108,5.24,2021-04-20,2026-06-01,41598,0.6699537958555699,-19.08222580432543,2.36,0.4792027777777778,0.8845166666666667,5,0.7180833333333334,0.4053138888888889,1.880797222222222
GLD000000013708,5.08603824,52.07051639,3.99,2021-04-29,2026-06-01,45286,-0.4495651857086075,-8.226098429688829,0.46,-0.4855194444444445,-0.40000100000000005,5,-0.4456270833333334,0.08551844444444445,0.9455194444444446
GLD000000013709,5.0596571,52.03621034,4.58,2021-05-10,2026-06-01,45199,-0.40117838890240937,0.6482656410274046,1.51,-0.6239777777777779,-0.11302222222222222,5,-0.2871625,0.5109555555555556,2.133977777777778
GLD000000013710,5.11575939,52.06427706,0.27,2021-04-21,2026-06-01,45182,0.8760337523792662,1.0994729435999782,1.81,0.6191083333333333,1.2047166666666667,5,0.9446395833333334,0.5856083333333334,1.190891666666667
GLD000000013711,5.11797835,52.1121605,1.66,2021-04-14,2026-06-01,41773,-0.12379740502238289,7.89017751014217,1.683,-0.27327200854700856,0.044024999999999995,5,-0.09515,0.31729700854700854,1.9562720085470087
GLD000000013712,5.11392949,52.08057798,0.65,2021-04-16,2026-06-01,45236,1.0624686090724202,-52.08705678169512,2.429,0.8461055555555556,1.2800051282051281,5,1.0023802083333333,0.4338995726495726,1.5828944444444444
GLD000000013713,5.11475636,52.10489875,0.8,2021-04-14,2026-06-01,54314,0.16380964392237732,40.27496673954779,1.738,0.0387809478970496,0.49401388888888886,5,0.2669416666666667,0.45523294099183925,1.6992190521029504
GLD000000013714,4.99206735,52.12863303,6.55,2021-05-19,2026-06-01,45169,-1.1952127122584073,-29.745682387424885,0.24,-1.25925,-1.1000341594202898,5,-1.2060020833333334,0.15921584057971017,1.49925
GLD000000013715,5.11885821,52.09922669,1.62,2021-04-14,2026-06-01,39571,0.1991184958681863,-0.22749426005028087,2.23,0.058413194444444434,0.41182291666666665,4,0.21771093749999998,0.3534097222222222,2.1715868055555556
GLD000000013716,5.1763464,52.09133625,0.53,2021-04-20,2026-06-01,39989,1.0784968866438271,27.267140405347607,2.24,0.8723377777777778,1.4187611111111111,5,1.1320062499999999,0.5464233333333334,1.3676622222222226
GLD000000013717,5.10750849,52.10478716,1.29,2021-04-15,2026-06-01,44899,-0.1407657186128867,11.005375520211164,1.618,-0.3703263285024155,0.21235833333333334,5,-0.11656666666666667,0.5826846618357489,1.9883263285024155
GLD000000013718,5.0487241,52.08670169,2.71,2021-04-26,2026-06-01,45256,-0.14289539508573448,1.3220474025703979,1.02,-0.28194722222222224,0.04623055555555555,5,-0.15115208333333333,0.3281777777777778,1.3019472222222221
GLD000000013719,5.04911501,52.10255781,4.07,2021-04-23,2026-06-01,41397,-0.7128179819793704,3.90477379925495,0.19,-0.7908472222222223,-0.6150305555555555,5,-0.7309895833333334,0.17581666666666673,0.9808472222222222
GLD000000013720,5.03164932,52.07748069,1.26,2021-04-12,2026-06-01,37154,-0.8333160628734457,1.9123467140457355,0.518,-0.9690979166666667,-0.6671438888888889,4,-0.8319270833333333,0.3019540277777778,1.4870979166666667
GLD000000013721,5.1318904,52.09373933,1.63,2021-04-14,2026-06-01,44785,0.4346516020989171,-18.667334060807804,1.724,0.323725,0.590286507936508,5,0.44859583333333336,0.26656150793650807,1.400275
GLD000000013722,5.09659352,52.0776555,1.14,2021-04-16,2026-06-01,44963,0.5049244934724106,-10.977862935754386,1.783,0.34890622222222223,0.6727000000000001,5,0.5565315476190477,0.32379377777777785,1.4340937777777776
GLD000000013723,5.08641884,52.0876756,4.97,2021-04-21,2026-06-01,44948,-0.21105435169529232,-1.7907353997557,2.19,-0.2652777777777778,-0.121725,5,-0.2087229166666667,0.14355277777777778,2.455277777777778
GLD000000013724,5.1763464,52.09133625,5.35,2021-04-20,2026-06-01,35295,0.8002226094347641,-26.58106715398512,2.24,0.6931770833333333,0.9880173611111112,4,0.8237161458333334,0.2948402777777779,1.546822916666667
GLD000000013725,5.07349921,52.09699858,4.09,2021-04-30,2026-05-31,36516,-0.714216644758462,-930.9599584326953,1.19,-1.3955844907407406,-0.19205555555555556,4,-0.5921935763888888,1.203528935185185,2.5855844907407404
GLD000000013726,5.12233485,52.09114114,5.04,2021-04-28,2026-06-01,39865,0.5295801078640412,-5.987896644115931,5.57,0.4489166666666666,0.6894956349206349,5,0.5061875,0.24057896825396835,5.121083333333334
GLD000000013727,5.12543488,52.10747938,4.58,2021-04-28,2026-06-01,40127,-0.043288708350985625,-0.3482823538234895,0.84,-0.2373027777777778,0.10186111111111111,5,-0.1859477272727273,0.33916388888888893,1.0773027777777777
GLD000000013728,5.18969046,52.08540479,4.55,2021-04-20,2026-06-01,40976,0.9716144084342053,14.129543283824033,1.85,0.81705,1.2633416666666668,5,0.98813125,0.44629166666666675,1.03295
GLD000000013729,5.08792996,52.10018456,5.36,2021-04-29,2026-06-01,42566,-0.3371451158201381,25.484678659100958,1.63,-0.5300583333333332,-0.15539722222222224,5,-0.3078655,0.37466111111111094,2.160058333333333
GLD000000013730,4.99139582,52.10847227,2.81,2021-05-04,2026-06-01,45244,-0.4018658827689859,-10.274447163468267,1.06,-0.5693972222222221,-0.10912407407407407,5,-0.40125416666666663,0.460273148148148,1.6293972222222222
GLD000000013731,5.13589153,52.10395179,4.86,2021-04-29,2026-06-01,44978,0.19341478055938457,2.288978317124244,1.64,-0.16450277777777778,0.445425,5,0.27299375000000003,0.6099277777777778,1.8045027777777776
GLD000000013732,5.0277193,52.07954958,1.18,2021-04-12,2026-06-01,39257,-0.7291656774587971,-30.624249621173682,0.208,-0.9168631944444445,-0.5140462962962963,4,-0.6662057291666666,0.40281689814814825,1.1248631944444445
GLD000000013733,5.13001802,52.0669546,0.63,2021-04-16,2026-06-01,35080,0.7355968358038769,-9.164271015546717,1.721,0.5669061904761905,0.9264078532578534,5,0.7607791666666667,0.35950166278166285,1.1540938095238096
GLD000000013734,5.12516855,52.07070861,3.14,2021-04-21,2026-06-01,44929,0.4099053840503906,-19.341602984151066,1.73,0.3114416666666666,0.5606555555555555,5,0.41496458333333336,0.24921388888888885,1.4185583333333334
GLD000000013735,5.08187907,52.10937917,3.63,2021-04-30,2026-06-01,44654,-0.17112464728803692,-60.03272884477254,1.41,-0.4230055555555555,0.15839166666666665,5,-0.23514666666666667,0.5813972222222221,1.8330055555555553
GLD000000013736,5.04241707,52.08096711,0.43,2021-04-13,2026-06-01,37775,-0.449553355393779,3.479454773395075,0.789,-0.5749895833333333,-0.2635999228395062,4,-0.4309239583333333,0.3113896604938271,1.3639895833333333
GLD000000013737,5.13726016,52.06014692,1.34,2021-04-20,2026-06-01,43967,0.42572529397047787,15.122396351940854,1.67,0.22142306763285027,0.6589916666666668,5,0.4825867424242424,0.4375685990338165,1.4485769323671496
GLD000000013738,5.00898391,52.10869174,2.54,2021-04-30,2026-06-01,45287,-0.514649126680946,-8.325493217409385,0.72,-0.6975305555555555,-0.22024022222222223,5,-0.5131062500000001,0.4772903333333333,1.4175305555555555
GLD000000013739,5.12794336,52.06200219,1.17,2021-04-19,2026-06-01,42538,0.25193248389675116,3.226136334156385,1.692,0.1179888888888889,0.42935833333333323,5,0.2759104166666667,0.31136944444444437,1.574011111111111
GLD000000013740,5.11668148,52.0615486,4.66,2021-04-21,2026-06-01,45174,0.2241091557090361,-165.2873769140377,1.22,0.12650833333333336,0.496913888888889,5,0.33051041666666664,0.37040555555555565,1.0934916666666665
GLD000000013741,5.09591228,52.07051421,3.79,2021-04-21,2026-06-01,45190,-0.23080723611418455,-28.106908890205332,1.83,-0.31890555555555555,-0.13174444444444447,5,-0.21917083333333337,0.18716111111111108,2.1489055555555554
GLD000000013742,5.08473934,52.11190743,1.13,2021-04-15,2026-06-01,45199,-0.14554492356025578,-39.630681659273705,1.281,-0.4339361111111112,0.3182461111111111,5,-0.18296666666666667,0.7521822222222223,1.7149361111111112
GLD000000013743,5.03718124,52.08694665,0.95,2021-04-23,2026-06-01,36628,0.17043286556732554,-30.357537675035605,1.16,0.003756944444444444,0.4109340277777778,4,0.25483854166666664,0.40717708333333336,1.1562430555555554
GLD000000013744,5.1380579,52.09966709,1.61,2021-04-14,2026-06-01,33493,0.6394019048756456,-1.8653835753169905,1.85,0.31590277777777775,0.7257998067632849,3,0.4552626388888889,0.4098970289855072,1.5340972222222224
GLD000000013746,5.0446667,52.11928979,4.99,2021-04-23,2026-06-01,45256,-0.9841983162453597,-9.678188657053886,1.12,-1.0391527777777778,-0.9166194444444444,5,-0.9866416666666666,0.12253333333333338,2.159152777777778
GLD000000013747,5.05855861,52.08433695,0.82,2021-04-13,2026-06-01,35493,-0.04578474628800045,-3.269673768557211,1.149,-0.2288009259259259,0.21987946998722863,3,-0.012121527777777773,0.44868039591315456,1.3778009259259258
GLD000000013748,5.11317799,52.07159634,0.62,2021-04-16,2026-06-01,42964,0.9337650591192627,-21.45321322565604,2.056,0.7805805555555556,1.1114027777777777,5,0.9494541666666667,0.33082222222222213,1.2754194444444444
GLD000000013749,5.1163877,52.11905361,4.55,2021-04-26,2026-06-01,45146,-0.41168327205068006,-17.02459908117931,1.73,-0.5211777777777777,-0.2607055555555556,5,-0.3890854166666667,0.26047222222222216,2.2511777777777775
GLD000000013750,5.03687316,52.10635371,0.62,2021-04-09,2026-06-01,40983,-0.49990974306419733,-1.8510373968903302,0.508,-0.63575,-0.3140648067632851,5,-0.47506666666666675,0.32168519323671496,1.14375
GLD000000013751,5.11343049,52.11609041,1.62,2021-04-14,2026-06-01,45081,-0.19995787582351765,5.956606717180415,1.62,-0.32900555555555555,-0.03360277777777777,5,-0.17558958333333335,0.2954027777777778,1.9490055555555557
GLD000000013752,5.10236398,52.12244509,1.27,2021-04-26,2026-06-01,39414,-0.413370604353783,15.272940533952774,1.6,-0.5677444444444444,-0.1703388888888889,5,-0.37571458333333335,0.39740555555555546,2.1677444444444447
GLD000000013753,5.01903188,52.09213148,6.71,2021-04-23,2026-06-01,43559,-0.415761518859478,1.2486814749787538,1.48,-0.536525,-0.25532,5,-0.41313125000000006,0.28120500000000004,2.016525
GLD000000013754,5.04042494,52.10920087,1.19,2021-04-09,2026-05-31,43895,-0.7650931085545051,4.536086281766184,0.004,-0.9173194444444445,-0.6087523504273504,5,-0.753125,0.30856709401709403,0.9213194444444445
GLD000000013755,5.10227545,52.10845952,1.27,2021-04-15,2026-05-17,44670,0.16315912245354827,-17.393522348773075,1.453,-0.07994590643274854,0.4069722222222222,5,0.20574166666666666,0.48691812865497075,1.5329459064327486
GLD000000013756,5.06695119,52.0850378,0.64,2021-04-13,2026-06-01,45226,0.2033916773537346,-14.795452795901234,1.529,-0.06996666666666666,0.6640134444444444,5,0.17785416666666667,0.733980111111111,1.5989666666666666
GLD000000013757,5.04339571,52.11178105,2.82,2021-04-23,2026-06-01,42920,-0.6875373019571296,-5.321596092220695,0.22,-0.8665583333333334,-0.4585106666666666,5,-0.7599048611111112,0.4080476666666668,1.0865583333333335
GLD000000013758,5.12248359,52.10075971,1.26,2021-04-14,2026-06-01,44339,0.22801118654006633,-3.7518773853601584,2.152,0.0920972222222222,0.47077777777777785,5,0.20048749999999999,0.37868055555555563,2.059902777777778
GLD000000013759,5.10236398,52.12244509,4.08,2021-04-26,2026-06-01,45174,-0.5847588435825918,-17.642960050796315,1.6,-0.6981972222222222,-0.41251388888888896,5,-0.5617604166666668,0.2856833333333333,2.2981972222222224
GLD000000013760,5.01903188,52.09213148,1.57,2021-04-23,2026-05-01,44550,-0.4820248035914703,-18.387628130415997,1.48,-0.6311833333333332,-0.27234188034188034,5,-0.51855,0.35884145299145287,2.111183333333333
GLD000000013761,5.13057905,52.0580833,0.55,2021-04-20,2026-05-29,36403,0.8442896464577095,-25.044222298249828,1.65,0.6457222222222223,1.0607518162393164,5,0.8691190789473684,0.41502959401709405,1.0042777777777776
GLD000000013762,5.10665814,52.09945342,0.62,2021-05-19,2024-08-01,29190,0.18777697841726618,,1.75,0.10993518518518519,0.3711898148148148,3,0.23039930555555554,0.2612546296296296,1.640064814814815
GLD000000013763,5.00050937,52.10116819,0.53,2021-04-30,2026-06-01,33088,-0.6248264023210832,22.356729454126896,0.58,-0.7396527777777777,-0.5002027777777778,3,-0.6460199999999999,0.23944999999999994,1.3196527777777778
GLD000000013764,5.00477901,52.08146217,5.29,2021-10-07,2026-06-01,40698,-1.251078406801317,-5.0061128491520215,-0.58,-1.318638888888889,-1.1712457264957266,4,-1.239396949404762,0.14739316239316236,0.738638888888889
GLD000000013765,5.08713296,52.09412669,0.62,2021-04-15,2026-06-01,45174,0.8984213706999602,-55.94621542476355,1.827,0.7838472222222223,1.030413888888889,5,0.9361416666666666,0.2465666666666667,1.0431527777777778
GLD000000013766,5.14826296,52.06405525,3.9,2021-04-20,2026-06-01,39607,-0.7544516120887722,283.29193461533725,1.97,-0.964593236714976,-0.4528138888888889,5,-0.7777946557971014,0.511779347826087,2.934593236714976
GLD000000013767,5.12302829,52.1165019,1.63,2021-04-14,2026-06-01,44715,-0.034162026165716196,0.4611747920849447,1.646,-0.168625,0.13857222222222224,5,-0.0217625,0.30719722222222223,1.814625
GLD000000013768,5.06791913,52.08546988,2.67,2021-04-29,2026-06-01,35536,-0.20083416816749214,18.54010888356609,1.54,-0.3041770833333333,-0.030847222222222227,4,-0.1922347470238095,0.27332986111111107,1.8441770833333333
GLD000000013769,5.05438872,52.10111116,1.63,2021-04-09,2026-06-01,47794,-0.5236970540235176,-5.144461790759147,1.269,-0.5888494037093175,-0.382,4,-0.5088098958333334,0.20684940370931748,1.8578494037093174
GLD000000013770,5.05628908,52.08462245,0.59,2021-04-13,2026-03-23,33450,-0.15827333333333332,1.8563901420706581,1.12,-0.32462962962962966,0.12232275132275133,3,-0.12099305555555555,0.446952380952381,1.4446296296296297
GLD000000013771,5.02225918,52.07908926,0.81,2021-04-12,2026-06-01,44769,-1.1000698027653062,-4.691268266958094,0.275,-1.2820040598290596,-0.8392305555555556,5,-1.1183700833333334,0.44277350427350404,1.5570040598290595
GLD000000013772,5.10114794,52.09420919,1.35,2021-04-15,2023-06-20,19441,0.12682593487989302,,2.334,0.0535,0.32311805555555556,2,0.15054166666666666,0.26961805555555557,2.2805
GLD000000013773,5.15551074,52.08657305,4.95,2021-04-19,2026-06-01,41692,0.6192721385397678,-19.530871618249186,2.11,0.4534527777777777,0.9243777777777777,5,0.7774916666666667,0.47092500000000004,1.6565472222222222
GLD000000013774,5.14474089,52.08619011,1.09,2021-10-08,2026-06-01,40855,0.6665602741402521,7.206596252277582,2.19,0.44688541666666676,0.9623020833333333,4,0.7219079071969696,0.5154166666666666,1.7431145833333332
GLD000000013775,5.14182389,52.06552236,0.51,2021-04-20,2026-06-01,37902,0.7425839533533851,7.345828002593731,1.55,0.5399472222222222,0.9328472222222223,5,0.8059973958333333,0.3929,1.0100527777777777
GLD000000013776,5.0487241,52.08670169,0.15,2021-04-26,2026-06-01,32989,0.3069601988541635,-2.0527187967092684,1.02,0.07940740740740741,0.6499228395061728,3,0.2729652777777778,0.5705154320987654,0.9405925925925926
GLD000000013777,5.02274709,52.08203319,1.63,2021-04-12,2026-05-04,38770,-0.8542941449574413,6.247594108941003,1.251,-0.9752395833333334,-0.6925378086419753,4,-0.8602942708333333,0.28270177469135804,2.2262395833333333
GLD000000013778,5.13184185,52.07735002,1.64,2021-04-19,2026-06-01,36195,0.5879126674955105,1.6276161183220024,2.308,0.4963298611111111,0.7207493055555555,4,0.5966888786764706,0.2244194444444444,1.8116701388888887
GLD000000013779,5.02438662,52.06700829,5.6,2021-04-22,2026-06-01,42306,-1.1475988275894673,-10.987346023831659,0.17,-1.2419944444444444,-1.0482964803312629,5,-1.1564625000000002,0.19369796411318152,1.4119944444444443
GLD000000013780,5.12233485,52.09114114,1.24,2021-04-29,2026-06-01,41571,3.551261985518751,-110.46989004175599,5.57,3.1621861111111107,3.984072222222222,5,3.3689833333333334,0.8218861111111111,2.4078138888888896
GLD000000013781,5.11569983,52.06175326,0.76,2021-04-19,2026-06-01,36415,0.7826259233832212,18.034779270931523,1.692,0.6721325396825397,0.9275739437558747,5,0.8305968740573153,0.25544140407333493,1.0198674603174602
GLD000000013782,5.03205967,52.07687724,4.79,2021-04-22,2026-06-01,44941,-0.8705628045659866,2.163256170619824,0.39,-0.9723194444444443,-0.7336742063492063,5,-0.8653604166666667,0.23864523809523797,1.3623194444444442
GLD000000013783,4.99755652,52.12014136,7.1,2021-04-26,2026-06-01,43829,-0.46735421752720796,-21.808868564761966,1.2,-0.6687555555555555,-0.1946361111111111,5,-0.43285625000000005,0.4741194444444444,1.8687555555555555
GLD000000013784,5.0138598,52.09486019,0.5,2021-05-19,2026-06-01,41313,-0.2638300776995135,-17.657954108253534,1.185,-0.3474861111111111,-0.11819791666666668,4,-0.297734375,0.22928819444444443,1.5324861111111112
GLD000000013785,5.02764432,52.08629779,2.73,2021-04-23,2026-06-01,36275,-0.719463983459683,22.354330527330216,0.3,-0.8755138888888888,-0.5043869598765431,4,-0.6662578124999999,0.3711269290123457,1.1755138888888887
GLD000000013786,5.10142491,52.10715409,4.5,2021-04-29,2026-06-01,43836,-0.2038720686193996,12.399866273785392,1.58,-0.376375,0.009225999999999996,5,-0.1658,0.385601,1.956375
GLD000000013787,5.01124509,52.08950303,1.32,2021-04-09,2026-04-17,44254,-0.08662762688118589,-4.801073984441703,1.746,-0.29107500000000003,0.10709768009768009,5,-0.07515416666666666,0.39817268009768014,2.037075
GLD000000013788,5.09113732,52.10368938,1.66,2021-04-15,2026-06-01,45058,-0.2260741044875494,4.862025335069795,1.835,-0.4251376984126985,0.03564444444444445,5,-0.19144791666666666,0.4607821428571429,2.2601376984126986
GLD000000013789,4.99755652,52.12014136,0.6,2021-04-26,2026-06-01,45258,0.05504600291661143,1.4941077499760727,1.2,-0.25377222222222223,0.3959331196581196,5,0.1485111111111111,0.6497053418803418,1.4537722222222222
GLD000000013790,5.12644944,52.06942437,1.69,2021-04-16,2026-06-01,40856,0.8578656011356962,16.521421716795903,1.726,0.5809805555555555,1.153161111111111,5,0.9003416666666666,0.5721805555555556,1.1450194444444444
GLD000000013791,5.0402544,52.07802739,0.53,2021-04-12,2026-06-01,44823,-0.5790739352564532,10.157253719105622,0.25,-0.7605583333333332,-0.36811345755693586,5,-0.5755791666666666,0.39244487577639736,1.0105583333333332
GLD000000013792,5.12114404,52.06169102,0.6,2021-04-19,2026-06-01,45169,0.6518668334477187,-8.131213961925958,1.628,0.45644999999999997,0.8324638888888888,5,0.6983124999999999,0.3760138888888888,1.1715499999999999
GLD000000013793,5.06457411,52.1042369,4.9,2021-04-30,2026-06-01,37929,-0.4122084157241161,-1.1385658551093365,1.45,-0.4672395833333333,-0.32949652777777777,4,-0.3936875,0.13774305555555555,1.9172395833333333
GLD000000013794,5.0576034,52.0825896,4.92,2021-05-10,2026-06-01,35495,-0.21763456824904917,4.149536966936754,1.25,-0.32515625,-0.09014610042735044,4,-0.23021875,0.23501014957264954,1.57515625
GLD000000013795,5.01077765,52.08460934,4.92,2021-04-30,2026-06-01,44364,-0.9185759399513119,-14.174607643738057,0.44,-1.0074027777777776,-0.7720021479982007,5,-0.9249124999999999,0.235400629779577,1.4474027777777776
GLD000000013796,5.03513399,52.05971554,5.58,2021-05-11,2026-06-01,33212,-0.8408638745031917,-5.386475501446872,-0.2,-0.9963194444444445,-0.6492314814814814,3,-0.8578668981481482,0.3470879629629632,0.7963194444444446
GLD000000013797,5.13358083,52.06356351,2.96,2021-04-21,2026-06-01,40290,0.35434274013402833,4.373472310114791,1.63,0.25316319444444446,0.48294791666666664,4,0.36890885416666663,0.22978472222222218,1.3768368055555555
GLD000000013798,5.08133176,52.09861803,1.13,2021-04-13,2026-06-01,41830,-0.3085804685632321,20.33575430088088,1.531,-0.37843055555555555,-0.19375,5,-0.2895916666666667,0.18468055555555554,1.9094305555555555
GLD000000013799,5.09618923,52.10195518,4.88,2021-04-29,2026-05-22,34689,-0.15479030816685407,13.192534218425422,1.64,-0.3539339728809837,0.09851791666666668,4,-0.11803197916666666,0.45245188954765037,1.9939339728809835
GLD000000013800,5.13049406,52.08816613,4.69,2021-05-19,2026-03-10,42876,1.2971231924619833,-271.98089416579865,3.07,1.1007777777777779,1.5912333333333335,5,1.1922854166666668,0.49045555555555564,1.969222222222222
GLD000000013801,5.0562837,52.07500984,1.35,2021-04-22,2026-06-01,45270,-0.31218484647669537,-4.519154333290303,0.9,-0.6211222222222222,0.08160455555555554,5,-0.3147729166666666,0.7027267777777778,1.5211222222222223
GLD000000013802,5.09585934,52.1196255,1.54,2021-04-14,2026-06-01,44345,-0.38110019167888154,3.9575801420359755,1.793,-0.47914722222222217,-0.2417611111111111,5,-0.37394999999999995,0.23738611111111108,2.2721472222222223
GLD000000013803,5.02738277,52.09524016,4.74,2021-05-10,2026-06-01,38606,-0.0762082836864736,8.517015974245078,1.13,-0.21597158950617282,0.09479513888888888,4,-0.08155208333333333,0.3107667283950617,1.3459715895061728
GLD000000013804,5.00974225,52.07590552,3.45,2021-04-30,2026-05-13,33730,-1.4225042099021643,-283.9325025708999,-1.11,-1.4796064814814816,-1.3594219547325102,3,-1.4206354166666666,0.1201845267489714,0.36960648148148145
GLD000000013805,5.03637502,52.07675615,0.59,2021-04-12,2026-05-31,35754,-0.6765024612630754,3.5902856634124634,0.532,-0.865845,-0.28229111111111116,5,-0.6852958333333332,0.5835538888888888,1.397845
GLD000000013806,5.12845868,52.09689431,0.75,2021-05-19,2021-10-05,3345,0.9838681614349775,,2.59,0.97675,1.0442222222222222,1,,0.06747222222222216,1.6132499999999999
GLD000000013807,5.0639876,52.0480417,6.09,2021-05-11,2026-03-12,43319,-0.3393382580391976,16.63961044046087,0.8,-0.7934722222222222,-0.14962777777777775,5,-0.29914583333333333,0.6438444444444444,1.5934722222222222
GLD000000013808,5.04495901,52.10347076,1.26,2021-04-09,2026-01-26,42316,-0.6039916580017014,-1.4612421880718816,0.915,-0.725038888888889,-0.4407344017094017,5,-0.6094770833333333,0.2843044871794873,1.640038888888889
GLD000000013809,5.11666131,52.08483562,1.7,2021-04-15,2026-06-01,45165,0.6223438946086571,-13.971430209746401,2.717,0.4472538888888889,0.8821749999999999,5,0.6466958333333334,0.43492111111111104,2.269746111111111
GLD000000013810,5.02689377,52.07619312,0.6,2021-04-12,2026-06-01,39272,-1.292228457934406,6.426934957719096,-0.371,-1.3341840277777777,-1.2389374999999998,4,-1.2945520833333335,0.09524652777777787,0.9631840277777777
GLD000000013811,5.11995792,52.0589709,1.07,2021-04-19,2026-06-01,42963,0.4418384191048111,-5.3240918579000684,1.606,0.30491111111111113,0.5786944444444445,5,0.4730506944444445,0.2737833333333334,1.301088888888889
GLD000000013812,5.08641929,52.11063027,0.75,2021-05-10,2026-06-01,40000,-0.32107329999999995,25.42837185364202,1.6,-0.4494299717305801,-0.07655208333333333,4,-0.3146171875,0.3728778883972468,2.0494299717305804
GLD000000013813,5.11942739,52.06737913,4.88,2021-10-05,2026-06-01,41378,0.26051870559234375,-23.107101778368772,1.73,0.12579513888888888,0.4064305555555555,4,0.2532578125,0.28063541666666664,1.604204861111111
GLD000000013814,4.99794115,52.09271991,3.19,2021-04-23,2026-06-01,39408,-0.9098205694275274,-5.213804912509225,0.88,-1.0297732491582492,-0.7331888888888889,5,-0.9368856886169386,0.2965843602693603,1.909773249158249
GLD000000013815,5.11942739,52.06737913,1.12,2021-04-21,2026-06-01,44252,0.7243341543885022,-13.348637951276013,1.73,0.5978694444444443,0.8595936111111111,5,0.7439384615384617,0.26172416666666676,1.1321305555555556
GLD000000013816,5.12047294,52.112205,4.56,2021-04-29,2026-06-01,45200,-0.159755110619469,8.264723635966314,1.72,-0.28348888888888885,-0.009633333333333337,5,-0.15263958333333333,0.2738555555555555,2.0034888888888887
GLD000000013817,5.12516855,52.07070861,1.06,2021-04-21,2026-06-01,45168,0.8734618756641872,-6.520216864239461,1.73,0.6910916666666667,1.030561111111111,5,0.8985354166666667,0.3394694444444444,1.0389083333333333
GLD000000013818,5.00940513,52.10527236,0.62,2021-04-12,2026-05-22,43843,-0.22796939078074038,-10.006061052292141,0.838,-0.5538388888888888,0.27499235802469135,5,-0.26893125,0.8288312469135801,1.3918388888888886
GLD000000013819,5.0936005,52.12350095,1.7,2021-04-14,2023-07-06,19784,-0.6296634654266073,,1.661,-0.6642430555555556,-0.5252986111111111,2,-0.6164947916666668,0.13894444444444454,2.3252430555555557
GLD000000013820,5.03241468,52.08910825,1.65,2021-04-13,2026-06-01,38506,-0.19247924998701502,-5.973610487992539,1.508,-0.3477361111111111,0.10352678571428572,4,-0.17719791666666668,0.4512628968253968,1.855736111111111
GLD000000013821,5.04222079,52.0899725,5.06,2021-04-23,2026-06-01,38414,-0.08857135419378352,-11.869366144606719,1.57,-0.2225503743315508,0.0817037728937729,5,-0.11144251984126985,0.30425414722532373,1.792550374331551
GLD000000013822,5.14839087,52.07287907,3.41,2021-04-19,2026-06-01,44107,0.5546152084703109,-5.9612442431254795,2.23,0.46812499999999996,0.6643416666666668,5,0.5397340277777778,0.19621666666666687,1.761875
GLD000000013823,5.13782021,52.05907853,3.78,2021-04-20,2026-06-01,40683,0.3045297790231792,10.686175333633203,1.76,0.20550277777777776,0.4238666666666667,5,0.33687083333333334,0.21836388888888897,1.5544972222222222
GLD000000013824,5.08223068,52.06979838,1.15,2021-04-16,2026-06-01,45012,-0.49788576379632093,-8.170625061972391,0.396,-0.5795138888888889,-0.37006666666666665,5,-0.4841354166666666,0.20944722222222223,0.9755138888888889
GLD000000013825,5.12002595,52.1036441,1.35,2021-04-14,2026-05-30,45109,0.030313551619410767,-19.368215286114825,1.53,-0.13037222222222225,0.22071766666666667,5,0.043063250000000004,0.3510898888888889,1.6603722222222224
GLD000000013826,5.0562837,52.07500984,4.43,2021-04-22,2026-06-01,45261,-0.5541934999226708,-5.451653551150192,0.9,-0.658075,-0.41493788888888894,5,-0.5563687500000001,0.24313711111111103,1.558075
GLD000000013827,5.14474089,52.08619011,5.08,2021-04-19,2026-06-01,41806,0.5117770415729799,10.147511646383911,2.19,0.3941979166666667,0.6653506944444444,4,0.5277734375,0.2711527777777777,1.7958020833333332
GLD000000013828,5.11125388,52.08263103,5.04,2021-04-21,2026-06-01,45194,0.4045294508120546,-6.02600872010878,2.15,0.28295555555555557,0.5790903333333334,5,0.3941833333333334,0.2961347777777778,1.8670444444444443
GLD000000013829,5.08390457,52.11636813,3.66,2021-04-26,2026-06-01,40137,-0.38898320751426363,8.96658542757293,1.47,-0.4737222222222222,-0.26226944444444444,5,-0.37158749999999996,0.21145277777777777,1.9437222222222221
GLD000000013830,5.08061698,52.1174738,0.61,2021-05-19,2026-06-01,45185,-0.15463284275755232,-121.6996889160382,1.45,-0.21731666666666669,-0.03963333333333331,5,-0.12670833333333334,0.17768333333333336,1.6673166666666666
GLD000000013831,5.12927575,52.0970257,1.09,2021-10-05,2026-06-01,37158,-0.46191614188061786,253.30791149302246,2.3,-0.5459618055555555,0.6055955086580087,4,-0.03429164758852257,1.1515573142135642,2.8459618055555556
GLD000000013832,5.098816,52.06466231,1.15,2021-04-16,2026-06-01,39118,-0.045112250115036556,5.898506648805849,1.682,-0.16461805555555553,0.11928680555555554,4,0.007546874999999996,0.2839048611111111,1.8466180555555556
GLD000000013833,5.00677391,52.08158337,0.71,2021-04-12,2026-06-01,41269,-1.3226120090140299,2.9168805697381464,-0.541,-1.4402583333333334,-1.1920758575498573,5,-1.2972243055555555,0.24818247578347608,0.8992583333333334
GLD000000013834,5.02849289,52.07664802,1.05,2021-04-12,2026-06-01,44920,-1.1912386019590382,7.670035776938301,-0.264,-1.2934694444444443,-1.085443140350877,5,-1.19630625,0.20802630409356726,1.0294694444444443
GLD000000013835,5.03776956,52.10225768,1.31,2021-04-09,2025-10-24,34651,-0.20489962771637182,-9.021824378866501,0.977,-0.34672867063492063,-0.012649378019323676,4,-0.17935360593512767,0.33407929261559693,1.3237286706349205
GLD000000013836,5.09572708,52.08964019,0.52,2021-05-19,2023-06-21,19460,0.9652318088386433,,2.39,0.9475555555555555,0.9828958333333334,2,0.977296875,0.03534027777777793,1.4424444444444446
GLD000000013837,5.15145772,52.09430374,4.05,2021-04-26,2024-11-29,31488,0.3929622395833333,,2.17,0.3298854166666667,0.46857497863247866,4,0.4085885416666667,0.13868956196581195,1.8401145833333332
GLD000000013838,5.14182389,52.06552236,5.52,2021-04-20,2026-06-01,43177,0.40934307617481525,5.654020170798852,1.55,0.31781464646464647,0.5367111111111111,5,0.40301666666666663,0.21889646464646467,1.2321853535353535
GLD000000013839,5.00983411,52.09753246,1.25,2021-04-09,2026-06-01,39338,-0.4909035029742233,1.0821485715711614,0.843,-0.7224652777777778,-0.3842217064879565,4,-0.4741692708333333,0.3382435712898213,1.5654652777777778
GLD000000013840,5.12958855,52.09161431,1.68,2021-04-14,2026-06-01,45185,0.37961239349341597,-11.253612472577615,2.29,0.2896548888888889,0.5114670634920635,5,0.39412155797101445,0.2218121746031746,2.0003451111111112
GLD000000013841,5.11317327,52.09353443,1.6,2021-04-15,2026-06-01,33239,0.632916995096122,-185.5082687917593,2.75,0.5630601851851852,1.1864259259259258,3,0.8898819444444445,0.6233657407407406,2.186939814814815
GLD000000013842,5.1381603,52.06829487,0.64,2021-05-19,2026-06-01,40950,0.4516789255189255,-28.279675010882034,1.87,0.04837222222222225,0.7383602657004831,5,0.48544791666666676,0.6899880434782608,1.8216277777777778
GLD000000013843,5.06298963,52.09326709,5.36,2021-04-23,2026-06-01,44923,-0.07308405493845024,-6.609639767794604,1.86,-0.21859444444444445,0.09214722222222223,5,-0.07056875,0.3107416666666667,2.0785944444444446
GLD000000013844,5.04020665,52.08347858,0.63,2021-04-13,2026-06-01,38693,-0.028524642700230026,16.81751846458036,0.857,-0.5157083333333333,0.3613733974358974,4,0.0059801041666666735,0.8770817307692307,1.3727083333333332
GLD000000013845,5.00898391,52.10869174,0.14,2021-04-30,2023-07-04,19751,-0.29548812718343376,,0.72,-0.4044444444444444,-0.0018969017094016966,2,-0.258109375,0.4025475427350427,1.1244444444444444
GLD000000013846,5.02351842,52.11105636,7.83,2021-01-07,2026-06-01,40904,-0.6362555495795033,4.191202016123455,0.95,-0.720436111111111,-0.4910818172568172,5,-0.6451,0.22935429385429384,1.670436111111111
GLD000000013847,5.09139602,52.07857427,5.21,2021-04-21,2026-06-01,45271,-0.1384527622539816,-24.464304492502585,1.8,-0.2211722222222222,-0.01520030864197531,5,-0.14312708333333332,0.20597191358024688,2.0211722222222224
GLD000000013848,5.03480447,52.11052669,1.24,2021-04-09,2024-04-10,25831,-0.6126190236537493,,0.229,-0.8383379629629629,-0.3933101851851852,3,-0.607513888888889,0.44502777777777774,1.067337962962963
GLD000000013849,5.00050937,52.10116819,6.47,2021-04-30,2026-06-01,43803,-0.5684138072734745,5.5610781988838935,0.58,-0.7008988095238096,-0.36746072807017544,5,-0.5643641666666668,0.3334380814536341,1.2808988095238094
GLD000000013850,5.06779441,52.07555208,6.96,2021-04-29,2026-03-09,32089,-0.4583068652809374,1.3458857826495727,0.22,-0.5643842592592593,-0.2483935185185185,3,-0.4419618055555556,0.31599074074074074,0.7843842592592593
GLD000000013851,5.08390457,52.11636813,0.84,2021-04-26,2026-06-01,41949,-0.274875467829984,-64.05541212094263,1.47,-0.37335069444444446,-0.078,4,-0.2524427083333333,0.29535069444444445,1.8433506944444444
GLD000000013852,5.09034563,52.10833516,1.22,2021-04-15,2026-06-01,35050,0.05756388017118402,-18.97740494422991,1.679,-0.13736666666666666,0.2868978535353535,5,-0.004873611111111109,0.4242645202020202,1.8163666666666667
GLD000000013853,5.02075915,52.12159804,4.27,2021-04-26,2025-09-16,38715,-1.0706193465065221,-20.762901675218256,-0.7,-1.2394999999999998,-0.7556388888888889,4,-1.0375269097222222,0.48386111111111096,0.5394999999999999
GLD000000013854,5.09615812,52.07026527,1.22,2021-04-16,2026-06-01,41364,0.19734160139251525,7.362358826586687,1.803,0.059044444444444455,0.35951805555555555,5,0.24519166666666664,0.3004736111111111,1.7439555555555555
GLD000000013855,5.11415215,52.07602002,1.63,2021-05-19,2026-06-01,41607,0.7711776383781574,114.00320029004159,1.856,0.6366666666666666,0.8555034722222221,4,0.719140625,0.2188368055555555,1.2193333333333336
GLD000000013856,5.14005877,52.09232361,1.13,2021-04-19,2026-06-01,40781,0.6911883720359971,-2.91623680012349,1.869,0.4876006944444444,0.9473229166666667,4,0.7131744791666667,0.45972222222222225,1.3813993055555556
GLD000000013857,5.0599982,52.09704315,1.13,2021-04-13,2026-06-01,44627,0.6443533511103144,-18.224099833137647,2.327,0.527412,0.7920934444444445,5,0.7048501666666666,0.2646814444444445,1.799588
GLD000000013858,5.15559312,52.07911315,4.66,2021-04-19,2026-01-16,41156,0.6413036981242103,67.45235567932966,2.33,0.5522833333333332,0.7556111111111112,5,0.6034833333333334,0.203327777777778,1.7777166666666668
GLD000000013859,5.11891648,52.10396839,4.63,2021-04-28,2026-06-01,43258,-0.09971441120717554,-4.934153721285688,1.42,-0.2246138888888889,0.06168055555555555,5,-0.060538405797101444,0.28629444444444446,1.6446138888888888
GLD000000013860,5.10141436,52.09509206,6.84,2021-04-29,2026-06-01,45162,0.05477210929542536,-21.258094020034466,2.04,-0.10698055555555555,0.25881666666666664,5,0.09426666666666665,0.3657972222222222,2.1469805555555554
GLD000000013861,5.10791819,52.11922927,1.51,2021-04-14,2026-06-01,42506,-0.34229172352138526,-2.243653376415754,1.641,-0.47111111111111115,-0.1458138888888889,5,-0.3203534722222222,0.32529722222222224,2.112111111111111
GLD000000013862,5.11020394,52.10639618,1.23,2021-04-15,2026-06-01,45180,-0.24286339088092074,-14.73425334664051,1.721,-0.38550000000000006,0.026554777777777778,5,-0.2519249166666667,0.4120547777777778,2.1065
GLD000000013863,5.11734667,52.11863215,1.65,2021-04-14,2026-06-01,44418,-0.2384961952361655,-0.9277434524668369,1.67,-0.37205555555555553,-0.06944444444444445,5,-0.21434999999999998,0.30261111111111105,2.0420555555555553
GLD000000013864,5.03246204,52.0872755,1.18,2021-04-13,2026-06-01,43953,-0.19617272996154986,32.41041177157236,0.949,-0.38308333333333333,-0.006080555555555554,5,-0.1392,0.3770027777777778,1.3320833333333333
GLD000000013865,5.06075028,52.08414808,0.85,2021-04-13,2026-06-01,34840,0.34093725602755454,18.492202521060417,1.396,-0.004,0.7164500771604938,4,0.3699375,0.7204500771604938,1.4
GLD000000013866,5.02764432,52.08629779,7.06,2021-04-23,2026-06-01,45295,-0.5153386687272326,-6.96698563794914,0.3,-0.6084138888888889,-0.3691556513409962,5,-0.52425,0.23925823754789272,0.9084138888888889
GLD000000013867,5.13861291,52.11591171,4.57,2021-04-26,2026-06-01,43337,0.03915427925329395,-93.74728130649537,1.61,-0.028747222222222223,0.17820833333333336,5,0.04378333333333334,0.2069555555555556,1.6387472222222224
GLD000000013868,5.04805199,52.09829414,1.56,2021-04-13,2025-09-28,39334,-0.1682755631260487,3.4358312330415046,1.543,-0.2981770833333333,0.06445216049382715,4,-0.14644003170289854,0.36262924382716044,1.8411770833333332
GLD000000013869,5.11839909,52.10761532,1.59,2021-04-14,2026-05-31,41610,-0.12776645037250664,-2.4656404552198774,1.456,-0.34212777777777775,0.032752777777777776,5,-0.20433749999999998,0.37488055555555555,1.7981277777777778
GLD000000013870,5.12927575,52.0970257,4.95,2021-04-29,2026-06-01,37293,0.325457646207063,-12.5833495136085,2.3,0.20451843434343436,0.46710944444444447,5,0.2810864683600713,0.2625910101010101,2.0954815656565655
GLD000000013871,5.00736021,52.0852882,0.62,2021-04-12,2026-06-01,36980,-0.7794426717144403,-4.808400948291698,0.29,-0.9095763888888889,-0.6303775,4,-0.7845963541666667,0.2791988888888889,1.1995763888888888
GLD000000013872,5.04763314,52.0458925,6.66,2021-05-11,2026-06-01,36506,-0.49754325316386344,34.33733324069138,0.6,-0.8191527777777777,-0.2123418209876543,4,-0.4459916666666667,0.6068109567901234,1.4191527777777777
GLD000000013873,5.066344323,52.095255971,4.1,2022-03-28,2025-02-07,25944,-0.059345937403638596,,1.253,-0.3901574074074074,0.16970833333333332,3,0.029631944444444447,0.5598657407407407,1.6431574074074073
GLD000000013874,5.10325408,52.0740037,1.11,2021-04-16,2026-06-01,39436,0.06375385434628258,143.64063355419663,1.928,-0.06349652777777777,0.23520138888888886,4,0.06446875,0.2986979166666666,1.9914965277777776
GLD000000013875,5.05028239,52.1036738,0.52,2021-04-09,2026-02-03,42212,-0.7674630673742064,8.45989257146846,0.051,-0.8713527777777778,-0.6415358888888888,5,-0.7733645833333332,0.22981688888888896,0.9223527777777778
GLD000000013876,5.13782021,52.05907853,0.84,2021-04-20,2026-06-01,41500,0.6076355662650603,-28.240461446935775,1.76,0.4360111111111111,0.8700055555555555,5,0.6383424273700307,0.43399444444444435,1.3239888888888889
GLD000000013877,4.99794115,52.09271991,0.27,2021-04-23,2026-06-01,43275,-0.16994380127094166,-20.27350209819449,0.88,-0.2466944444444444,-0.05100361952861954,5,-0.18833333333333332,0.19569082491582487,1.1266944444444444
GLD000000013878,5.03495852,52.08149276,0.61,2021-04-12,2024-02-25,23465,-0.11686993394417218,,1.029,-0.4367013888888889,0.22405753968253972,2,-0.16969791666666667,0.6607589285714286,1.4657013888888888
GLD000000013879,5.12188254,52.06823935,1.64,2021-04-16,2026-06-01,37734,0.6246121269942227,4.796018999610388,1.783,0.4550972222222222,0.7545416666666666,4,0.6784401041666667,0.29944444444444435,1.3279027777777777
GLD000000013880,5.14682544,52.10881194,4.94,2021-04-26,2026-06-01,45091,0.11643101727617484,-15.145420533472246,1.55,0.04061666666666667,0.21635277777777778,5,0.10507291666666667,0.17573611111111112,1.5093833333333333
GLD000000013881,5.16589412,52.08754572,4.67,2021-04-26,2026-06-01,45147,0.579712007442355,-22.559767094015452,2.21,0.4373861111111112,0.7576499999999999,5,0.6040541666666667,0.32026388888888874,1.7726138888888887
GLD000000013882,5.04723331,52.06975482,3.64,2021-04-30,2026-06-01,38299,-1.1358850100524815,3.404605994819124,-0.25,-1.1977184722222223,-1.0589552696078433,4,-1.1425338541666668,0.13876320261437902,0.9477184722222223
GLD000000013883,5.04408578,52.10560065,0.67,2021-04-09,2026-06-01,38058,-0.6647111251248096,-13.195538808796696,0.081,-0.8204687500000001,-0.4996186787749287,4,-0.6521822916666666,0.32085007122507136,0.90146875
GLD000000013884,5.00429182,52.10130053,1.26,2021-04-09,2026-06-01,31919,0.08207988972085593,13.004013736992151,1.419,-0.04489444444444445,0.29306443817052513,5,0.0698249643874644,0.3379588826149696,1.4638944444444444
GLD000000013885,5.1298215,52.07825983,4.33,2021-04-19,2026-06-01,43028,0.516353769638375,-4.610760625916867,2.21,0.44856944444444447,0.6032527777777777,5,0.5111291666666666,0.15468333333333328,1.7614305555555556
GLD000000013886,5.14262081,52.06379831,0.35,2021-04-20,2026-06-01,37734,0.772347988551439,-13.1989924295902,1.89,0.6992972222222222,0.8962772727272726,5,0.7491916666666666,0.1969800505050504,1.1907027777777777
GLD000000013887,5.08633122,52.12893966,4.89,2021-10-07,2026-06-01,37486,-0.729817131729179,-0.3775414773751323,1.66,-0.8250231481481481,-0.6056944444444444,3,-0.72346875,0.21932870370370372,2.485023148148148
GLD000000013888,5.03887487,52.0751379,0.53,2021-04-12,2026-06-01,44244,-0.7996577163005154,-5.2771221026329425,0.121,-0.9357861111111111,-0.6153027777777778,5,-0.8019416666666667,0.32048333333333334,1.0567861111111112
GLD000000013889,5.09693131,52.09105447,3.79,2021-04-29,2026-06-01,45251,0.05034836799186758,-15.078363964750885,2.08,-0.13326944444444444,0.22748688888888888,5,0.09363125,0.36075633333333335,2.2132694444444443
GLD000000013890,5.02485687,52.10981774,0.92,2021-04-12,2026-06-01,44613,0.24231878600407952,-13.252911489414787,0.877,-0.01055,0.5211763952892985,5,0.22149375,0.5317263952892984,0.88755
GLD000000013891,5.14137148,52.10010744,5.11,2021-04-20,2026-06-01,45153,0.22820680796403342,-10.331307328850071,1.72,0.14010555555555554,0.34199444444444443,5,0.23922083333333335,0.2018888888888889,1.5798944444444445
GLD000000013892,5.11621126,52.0782833,6.47,2021-04-16,2026-06-01,44819,0.4143948102367299,-8.972811567105266,2.22,0.29181388888888893,0.5886416666666666,5,0.3975270833333334,0.2968277777777777,1.9281861111111112
GLD000000014657,5.24337352,52.09546751,4.86,2021-01-01,2025-06-01,32995,2.298604182451887,201.9741407550057,6.37,1.9551666666666667,2.5924861111111106,3,2.412402777777778,0.6373194444444439,4.414833333333333
GLD000000014658,5.24624834,52.08620433,1.9,2021-01-01,2025-06-01,30283,2.7378108509724925,135.7626445480943,4.76,2.586820707070707,2.9428564814814813,3,2.758236111111111,0.35603577441077405,2.1731792929292926
GLD000000014659,5.23787697,52.09395066,4.01,2021-01-01,2025-06-01,32875,2.1992299011406846,142.15384897048605,5.18,1.8900648148148147,2.4673148148148147,3,2.3049444444444447,0.57725,3.2899351851851852
GLD000000014660,5.22065632,52.07862989,1.97,2021-01-01,2025-06-01,33019,1.568795481389503,-1.1060998227893795,2.87,1.385472222222222,1.7928148148148146,3,1.6003958333333335,0.40734259259259264,1.4845277777777781
GLD000000014661,5.23554097,52.07277188,1.46,2021-01-01,2024-11-18,28987,1.813890882119571,13.879306209537104,2.9,1.6108263888888885,1.978173611111111,2,1.8103645833333335,0.3673472222222225,1.2891736111111114
GLD000000014662,5.181849618,52.041286218,3.06,2012-06-11,2024-11-13,33186,0.9371997529078527,-26.532431593519277,2.92,0.6026367845117845,1.3049212962962964,3,1.0552395833333335,0.7022845117845119,2.3173632154882156
GLD000000014664,5.15085383,52.02078017,2.05,2021-01-01,2023-09-19,22219,0.09139065664521355,,0.98,-0.11946212121212121,0.3087430555555556,2,0.12621354166666665,0.4282051767676768,1.0994621212121212
GLD000000014668,5.14919115,52.02936048,2.26,2021-01-01,2023-09-19,23300,0.18464982832618027,,2.12,-0.005342803030303031,0.4375069444444445,2,0.241875,0.44284974747474753,2.125342803030303
GLD000000014669,5.175100753,52.025985517,3.08,2012-06-20,2024-11-13,33211,0.7442964078166873,33.8245779615662,2.52,0.44062962962962965,1.0945694444444445,3,0.8645625,0.6539398148148148,2.0793703703703703
GLD000000014672,5.16627962,52.039029,2.09,2021-01-01,2023-09-19,23323,0.8835588474896025,,1.72,0.7309444444444444,1.024326388888889,2,0.9426822916666666,0.29338194444444454,0.9890555555555556
GLD000000014673,5.179990214,52.021023796,3.04,2012-06-20,2023-11-20,24788,0.6865567209940294,,2.54,0.44981944444444444,1.0137916666666666,2,0.8311979166666666,0.5639722222222222,2.0901805555555555
GLD000000014675,5.19295586,52.02453332,3.18,2021-01-01,2022-05-23,11986,1.0044592024028034,,3.56,0.7858333333333333,1.214611111111111,1,1.0158125,0.4287777777777778,2.774166666666667
GLD000000014783,5.202595588,52.068329638,1.76,2016-09-09,2025-01-31,34604,0.8511893422725697,19.168076627180202,3.2,0.7613958333333334,0.9698402777777778,4,0.8546027462121213,0.20844444444444443,2.438604166666667
GLD000000014788,5.192450809,52.070335598,6.68,2016-08-25,2024-10-10,25317,0.08834905399533903,,2.37,-0.7471990740740742,0.16349999999999998,3,-0.4867136994949495,0.9106990740740741,3.1171990740740743
GLD000000014797,5.243534212,52.02268251,1.23,2020-02-28,2025-01-31,34676,2.506277915561195,50.411068673722255,3.419,1.8943333333333334,3.0325306186868692,4,2.6179029356060606,1.1381972853535358,1.5246666666666666
GLD000000015111,4.998660019,52.14941914,3.09,2019-06-27,2021-12-22,21826,-1.2991199945019702,,0.15,-1.4237962962962962,-1.1730277777777778,3,-1.2930682367149757,0.25076851851851845,1.5737962962962961
GLD000000015121,4.999161157,52.149588865,0.88,2019-07-18,2021-12-22,21311,-1.1884310919243584,,-0.48,-1.3168148148148147,-1.001712962962963,3,-1.2695495169082125,0.3151018518518516,0.8368148148148147
GLD000000015124,4.998654198,52.149416424,5.44,2019-07-05,2021-07-07,17595,-1.5949006535947714,,0.16,-1.729774758454106,-1.4605555555555556,2,-1.7102529438405796,0.2692192028985505,1.889774758454106
GLD000000015125,4.998136844,52.149263721,2.47,2019-06-25,2021-12-22,21863,-1.5741695558706492,,-0.74,-1.6812777777777776,-1.4396620370370368,3,-1.5951802536231885,0.24161574074074088,0.9412777777777777
GLD000000016903,5.078701053,52.155326884,0.34,2016-05-03,2020-12-31,40775,-2.682098393623544,32.87551911794829,-2.079,-2.9257944444444446,-2.261186111111111,5,-2.691597916666667,0.6646083333333337,0.8467944444444444
GLD000000016979,5.09753039,52.142791312,0.35,2014-01-28,2020-12-31,41142,-0.9521977298138157,-7.857712394903261,-0.41,-1.3113861111111111,-0.42127777777777775,5,-0.8913166666666668,0.8901083333333334,0.9013861111111112
GLD000000016988,5.08129363,52.150165505,2.54,2014-01-28,2020-12-31,60684,-1.4764547986289633,2.0697041982764595,-0.04,-1.5364149413388544,-1.3893253968253967,7,-1.4875907738095238,0.14708954451345768,1.4964149413388543
GLD000000016994,5.08129363,52.150165505,1.11,2014-01-28,2020-12-31,60687,-1.3936109051361907,-16.80295475161979,-0.04,-1.6169166666666668,-1.1833968253968252,7,-1.3945744047619049,0.43351984126984155,1.5769166666666667
GLD000000016996,5.076969856,52.152113616,1.19,2014-01-28,2020-12-31,60673,-1.582888929177723,24.74625363272486,-0.34,-1.8878035714285717,-1.2215873015873018,7,-1.6148943452380953,0.6662162698412699,1.5478035714285716
GLD000000016998,5.080916279,52.149796017,1.19,2014-01-15,2020-12-31,58389,-1.3221627018787785,7.054507553080218,-0.21,-1.5804930555555556,-1.0077939814814816,6,-1.3487135416666665,0.572699074074074,1.3704930555555557
GLD000000017000,5.080916279,52.149796017,2.47,2014-02-12,2020-12-31,60333,-1.5616788822037693,1.497526032919509,-0.21,-1.6090634920634923,-1.4859444444444443,7,-1.575825892857143,0.12311904761904802,1.3990634920634923
GLD000000017008,5.07370404,52.151089341,1.23,2014-01-29,2020-12-31,58670,-1.6616644452019773,0.18881496149795135,-0.98,-1.7232291666666664,-1.5961736111111111,6,-1.641923611111111,0.12705555555555526,0.7432291666666664
GLD000000017010,5.089700585,52.144928978,0.74,2014-01-28,2020-12-31,60691,-0.9388744953947042,-0.12030828103439355,-0.22,-1.1814821428571427,-0.6982440476190476,7,-0.9694122023809525,0.48323809523809513,0.9614821428571427
GLD000000017016,5.095763789,52.135911094,4.56,2013-11-01,2020-12-31,59679,-1.1424069270597699,0.07002138576685396,-0.18,-1.1815741028295375,-1.084263888888889,7,-1.1411607142857143,0.09731021394064854,1.0015741028295375
GLD000000017022,5.092728796,52.144307405,1.34,2014-01-28,2020-12-31,60679,-1.0715115937968653,5.316960270189759,0.17,-1.1720474465148378,-0.8692837301587301,7,-1.0651205357142857,0.30276371635610777,1.3420474465148378
GLD000000017024,5.098257658,52.147799444,1.09,2014-02-05,2020-12-31,60505,-1.1048613833567476,-7.21276481250785,-0.9,-1.1796051587301588,-1.0366646825396826,7,-1.1059717261904762,0.14294047619047623,0.2796051587301588
GLD000000017028,5.110924687,52.157249245,0.63,2014-01-29,2020-12-31,60665,-1.0029941152229456,1.6214374019500777,-0.33,-1.1313869047619047,-0.8496249999999999,7,-1.0175997023809524,0.2817619047619049,0.8013869047619047
GLD000000017034,5.104272422,52.146223125,1.38,2014-04-17,2020-12-31,58793,-1.0318945112513394,-2.0525758285377096,-0.98,-1.0769007936507937,-0.9590575396825397,7,-1.0324692460317462,0.11784325396825401,0.09690079365079374
GLD000000017036,5.075648123,52.157260283,2.11,2015-03-26,2020-12-31,50575,-3.405885477014335,5.512062204440908,-2.76,-3.497844907407407,-3.2582037037037033,6,-3.4077048611111116,0.2396412037037039,0.7378449074074074
GLD000000017042,5.110924687,52.157249245,1.89,2014-01-29,2020-12-31,58339,-1.0166064553729066,-2.3762529043851077,-0.33,-1.067390873015873,-0.9393611111111112,7,-1.02,0.12802976190476179,0.7373908730158729
GLD000000017044,5.089643046,52.144794012,4.16,2014-01-08,2020-12-31,60690,-1.2295446696325587,-0.15319963631685163,-0.08,-1.2683845755693584,-1.1739087301587303,7,-1.235483630952381,0.09447584541062803,1.1883845755693583
GLD000000017046,5.053454411,52.156732251,2.35,2014-03-11,2020-12-31,54824,-3.38533563767693,4.851927300812537,-2.76,-3.4802857142857144,-3.282357142857143,7,-3.3984285714285716,0.19792857142857123,0.7202857142857146
GLD000000017054,5.090388283,52.144768924,1.03,2014-08-19,2020-12-31,55824,-1.0970678740326743,-17.79232131607842,-0.18,-1.2308194444444445,-0.8651226851851851,6,-1.1244097222222222,0.3656967592592594,1.0508194444444445
GLD000000017072,5.089671546,52.144901941,2.76,2015-07-15,2020-12-31,47901,-1.4782670299158684,2.3057561585893036,-0.2,-1.5227800925925925,-1.4084467592592593,6,-1.4776006944444442,0.11433333333333318,1.3227800925925925
GLD000000017080,5.078701053,52.155326884,1.04,2016-05-03,2020-08-13,32777,-2.767413125057205,5.014327948048295,-2.086,-2.884268518518519,-2.545240740740741,3,-2.757076388888889,0.33902777777777793,0.798268518518519
GLD000000017140,5.105545879,52.145839684,0.04,2018-01-10,2020-12-31,26058,-0.9848770818942357,,-0.67,-1.0333518518518519,-0.9236851851851852,3,-0.98046875,0.10966666666666669,0.3633518518518518
GLD000000024957,5.075648123,52.157260283,2.11,2021-01-01,2025-03-21,21508,-3.3703696763994797,,-2.76,-3.5383125,-3.262423611111111,2,-3.3690989583333337,0.27588888888888885,0.7783125000000002
GLD000000024958,5.080916279,52.149796017,1.19,2021-01-01,2023-03-08,16738,-1.262489365515593,,-0.21,-1.530699275362319,-1.0614027777777777,2,-1.319796875,0.4692964975845413,1.320699275362319
GLD000000024959,5.110924687,52.157249245,0.63,2021-01-01,2024-04-18,28882,-0.990131639083166,-5.5916716516642575,-0.33,-1.157986111111111,-0.8212777777777777,3,-0.992253472222222,0.3367083333333333,0.8279861111111109
GLD000000024961,5.080916279,52.149796017,2.47,2021-01-01,2024-04-18,24625,-1.527085197969543,7.03526393320833,-0.21,-1.5928125000000002,-1.4329513888888887,2,-1.5133125,0.15986111111111145,1.3828125000000002
GLD000000024962,5.08129363,52.150165505,1.11,2021-01-01,2024-04-18,14649,-1.3466642091610348,,-0.04,-1.5808972222222222,-1.1571666666666665,2,-1.3622135416666667,0.4237305555555557,1.5408972222222221
GLD000000024963,5.076969856,52.152113616,1.19,2021-01-01,2024-04-18,16745,-1.5149621379516272,,-0.34,-1.8363888888888886,-1.2617916666666666,2,-1.5923385416666664,0.574597222222222,1.4963888888888885
GLD000000024964,5.07370404,52.151089341,1.23,2021-01-01,2024-04-18,28880,-1.6200482340720221,5.402964812562758,-0.98,-1.7074722222222223,-1.5595046296296298,3,-1.6006145833333332,0.1479675925925925,0.7274722222222223
GLD000000024965,5.078701053,52.155326884,0.34,2021-01-01,2025-03-21,24667,-2.74593700085134,-35.874823352107036,-2.079,-3.0057175925925925,-2.4207546296296294,3,-2.9444953703703702,0.5849629629629631,0.9267175925925923
GLD000000024966,5.08129363,52.150165505,2.54,2021-01-01,2024-04-18,25709,-1.4132064646621805,19.943076026910433,-0.04,-1.4998703703703704,-1.3319953703703702,3,-1.3955902777777778,0.16787500000000022,1.4598703703703704
GLD000000024971,5.053454411,52.156732251,2.35,2021-01-01,2025-03-21,21506,-3.353376918069376,,-2.76,-3.4026875,-3.2982222222222224,2,-3.3670156250000005,0.10446527777777748,0.6426875000000001
GLD000000024977,5.095763789,52.135911094,4.56,2021-01-01,2024-04-17,25207,-1.1464248423057088,2.2602475536563484,-0.18,-1.199048611111111,-1.0906736111111113,2,-1.1442291666666666,0.10837499999999967,1.019048611111111
GLD000000024981,5.110924687,52.157249245,1.89,2021-01-01,2024-04-18,24094,-1.0198080850004152,-2.4271260598490803,-0.33,-1.0783055555555556,-0.961673611111111,2,-1.03115625,0.11663194444444458,0.7483055555555556
GLD000000024985,5.089700585,52.144928978,0.74,2021-01-01,2025-01-16,18916,-0.9071707549164729,0.18292228598266444,-0.22,-1.133909722222222,-0.7726458333333333,2,-0.9224635416666667,0.36126388888888883,0.9139097222222221
GLD000000024986,5.09753039,52.142791312,0.35,2021-01-01,2025-01-15,26598,-0.833827317843447,27.87217787183421,-0.41,-1.2651666666666666,-0.37650694444444444,4,-0.7323828125,0.8886597222222221,0.8551666666666666
GLD000000024987,5.090388283,52.144768924,1.03,2021-01-01,2025-01-16,33387,-1.1248715368257105,-9.29869371021017,-0.18,-1.2467013888888892,-0.9858854166666667,4,-1.13884375,0.2608159722222224,1.0667013888888892
GLD000000024988,5.105545879,52.145839684,0.04,2021-01-01,2025-01-10,16997,-1.0043594163675944,3.4797897938611846,-0.67,-1.0546527777777779,-0.9442638888888889,1,-1.01803125,0.11038888888888898,0.38465277777777784
GLD000000024989,5.092728796,52.144307405,1.34,2021-01-01,2025-01-16,20721,-1.0341742676511751,-10.986576483629626,0.17,-1.1411944444444444,-0.8778888888888888,1,-1.0818020833333333,0.26330555555555557,1.3111944444444443
GLD000000024990,5.098257658,52.147799444,1.09,2021-01-01,2025-01-10,34610,-1.0591238948280846,27.21317404125282,-0.9,-1.153326388888889,-0.9852951388888889,4,-1.0460937499999998,0.16803125000000008,0.2533263888888889
GLD000000024991,5.076464814,52.146998089,4.13,2021-03-04,2025-01-09,31238,-1.5082629809846984,11.774398886396307,-0.36,-1.5594861111111111,-1.4596319444444443,4,-1.5186015625,0.0998541666666668,1.1994861111111113
GLD000000024992,5.089671546,52.144901941,2.76,2021-01-01,2025-01-16,27920,-1.4755470272206304,6.627458726832492,-0.2,-1.5309722222222222,-1.406861111111111,2,-1.4754791666666667,0.12411111111111128,1.3309722222222222
GLD000000024993,5.089643046,52.144794012,4.16,2021-01-01,2024-04-18,23470,-1.234925820195995,,-0.08,-1.282201388888889,-1.1763611111111112,2,-1.2336041666666666,0.10584027777777782,1.202201388888889
GLD000000024994,5.104272422,52.146223125,1.38,2021-01-01,2025-01-10,24122,-1.0204757897355112,11.310588073631607,-0.98,-1.0700324074074075,-0.9603564814814813,3,-1.006138888888889,0.10967592592592612,0.09003240740740748
GLD000000025622,5.126360961,52.148943453,2.82,2012-06-11,2025-03-27,33634,-0.6063710233692098,2.764656234986461,0.61,-0.6811423611111111,-0.514179292929293,4,-0.6092239583333333,0.16696306818181816,1.291142361111111
GLD000000025625,5.157784932,52.098324895,2.19,2012-06-12,2025-03-03,33340,0.515192801439712,18.411382683857436,1.19,0.44556439393939395,0.6038020833333333,4,0.5213515625,0.15823768939393934,0.744435606060606
GLD000000035875,5.08869754,52.03261221,1.05,2019-02-09,2024-05-01,45234,0.41323360746341253,39.609127695431255,1.053,0.14996111111111107,0.6633500000000001,5,0.4597625000000001,0.513388888888889,0.9030388888888888
GLD000000035876,5.07182186,52.02482586,1.14,2015-01-06,2025-06-27,90009,-0.6001808374718083,6.032351793125897,0.45,-0.7424651315789472,-0.4310124999999999,10,-0.5927874999999999,0.3114526315789473,1.1924651315789472
GLD000000035877,5.10529598,52.03002944,7.63,2009-08-13,2025-06-28,142014,-0.17313095187798383,-58.04416793862285,2.19,-0.6196659722222222,-0.43602986111111114,10,-0.5519242429266137,0.18363611111111106,2.809665972222222
GLD000000035878,5.07416046,52.04483342,0.53,2017-02-21,2024-04-30,58569,-0.24648462497225496,68.49979630723821,0.52,-0.7921269841269841,0.2776329365079365,7,-0.02417708333333333,1.0697599206349206,1.312126984126984
GLD000000035879,5.07147908,52.02963631,2.0,2020-10-09,2025-06-27,41387,-0.1921447555995844,-25.253575869723218,1.15,-0.5661354166666667,0.16238194444444445,4,-0.1302421875,0.7285173611111111,1.7161354166666665
GLD000000035880,5.08393062,52.03867243,1.6,2019-02-05,2024-04-30,45427,-0.22052671318819206,56.41329518975361,1.746,-0.508057,0.1570427777777778,5,-0.18811875,0.6650997777777778,2.254057
GLD000000035882,5.08969296,52.02381623,0.21,2013-12-12,2024-04-30,91029,-0.26740767228026235,2.9255521246976834,0.33,-0.3383888888888889,-0.15941678743961354,10,-0.2718510416666667,0.17897210144927536,0.6683888888888889
GLD000000035883,5.08351856,52.04054719,1.05,2019-02-05,2024-04-30,45448,-0.4014413835592325,21.793372517590242,1.528,-0.4811444444444444,-0.17735555555555554,5,-0.4177985507246376,0.30378888888888883,2.0091444444444444
GLD000000035885,5.10292778,52.04729981,1.09,2017-03-17,2024-11-03,66755,0.9446794397423414,0.17116424997754007,1.733,0.7061825396825397,1.1177896825396825,7,0.9380208333333334,0.4116071428571427,1.0268174603174605
GLD000000035886,5.07483869,52.03244238,1.25,2019-02-05,2024-05-01,45714,-0.5069637528984556,14.398578879854176,0.867,-0.6598333333333333,-0.3119805555555556,5,-0.5001317500000001,0.3478527777777777,1.5268333333333333
GLD000000035887,5.09611138,52.0504398,0.63,2017-02-24,2025-06-28,72198,-0.1764595002631652,5.564538020212492,1.059,-0.3285329861111111,0.007859374999999998,8,-0.14122916666666668,0.3363923611111111,1.387532986111111
GLD000000035888,5.09694938,52.02326178,1.01,2015-01-06,2024-04-30,81662,-0.2146984766476452,34.265575269382396,0.6,-0.47002160493827155,0.007296576879910203,9,-0.1777800925925926,0.47731818181818175,1.0700216049382716
GLD000000035890,5.06702478,52.03143451,1.26,2017-12-14,2024-05-01,55963,-0.4382476993727999,-6.104996273999733,1.007,-0.8009953703703704,-0.03305787037037036,6,-0.34093576388888885,0.7679375,1.8079953703703704
GLD000000035891,5.07316876,52.04116183,1.62,2013-12-12,2024-04-30,90915,-0.6783489743166694,3.2377264170401716,0.01,-1.1687874999999999,-0.18806944444444446,10,-0.44448437499999993,0.9807180555555555,1.1787874999999999
GLD000000035892,5.08815874,52.02644048,1.29,2017-12-04,2025-06-28,65750,0.16851916349809887,-1.0582617442126836,1.362,-0.1212956349206349,0.4277020358868185,7,0.31902083333333336,0.5489976708074534,1.483295634920635
GLD000000035894,5.06754455,52.02230663,1.06,2017-12-04,2025-06-28,64579,-0.2630548010963316,-23.53795119760326,0.951,-0.5301928571428571,-0.004371031746031745,7,-0.20160416666666667,0.5258218253968254,1.4811928571428572
GLD000000035895,5.070513,52.028593,2.46,2021-07-27,2025-06-28,21984,-0.3203317412663755,-8.385798000667945,1.03,-0.5249583333333333,-0.09353703703703703,3,-0.291375,0.4314212962962963,1.5549583333333334
GLD000000035896,5.07322831,52.05553669,1.01,2017-02-15,2025-06-28,73072,-0.49581474436172546,6.346342612405553,0.522,-0.7496111111111111,-0.23667534722222222,8,-0.42406459465579716,0.512935763888889,1.271611111111111
GLD000000035897,5.10346653,52.04233428,3.4,2019-11-12,2025-06-28,49143,-0.41993763099525877,-10.049707364407354,2.679,-0.5727000000000001,-0.2358888888888889,5,-0.36849375,0.33681111111111117,3.2517
GLD000000035898,5.08790932,52.05309324,1.03,2017-02-15,2025-06-28,72457,-0.584042369957354,1.860394058181183,0.458,-0.7506371527777778,-0.35597743055555553,8,-0.5282374131944445,0.39465972222222223,1.2086371527777777
GLD000000035900,5.10545492,52.03001184,1.94,2009-08-13,2024-04-30,265038,0.65076799930576,37.567709296382176,2.191,0.5457855339105339,1.081947625889436,14,0.7930404149550162,0.5361620919789022,1.6452144660894659
GLD000000035901,5.07147613,52.02964169,1.17,2019-02-06,2020-07-07,12864,-0.19660206778606965,,0.966,-0.5846144444444444,0.23373611111111112,1,-0.16240625,0.8183505555555556,1.5506144444444443
GLD000000035902,5.06721821,52.03883318,0.27,2013-12-12,2025-06-28,101225,0.06636916769572733,-36.04398240022552,0.79,-0.18757070707070705,0.4244760101010101,11,0.1230909090909091,0.6120467171717172,0.9775707070707071
GLD000000035905,5.10224194,52.04007801,1.04,2009-10-09,2024-04-30,274856,-0.006173181593270661,-14.836641147531731,1.35,-0.34790228174603177,0.5145550595238094,14,-0.08911175595238095,0.8624573412698412,1.6979022817460319
GLD000000035906,5.07691453,52.03086864,1.18,2009-10-09,2025-06-28,286293,-0.05845616204378031,3.922145767095276,1.18,-0.3024305555555556,0.2257402777777778,15,-0.02979736909337166,0.5281708333333334,1.4824305555555555
GLD000000035907,5.07517643,52.03667669,1.88,2013-12-12,2025-06-28,100300,0.04443950149551345,-28.251535030348162,0.83,-0.3029217171717172,0.3278825757575758,11,0.1815116792929293,0.630804292929293,1.1329217171717172
GLD000000035908,5.08167526,52.05522271,6.77,2009-08-13,2025-06-28,285208,-0.826786352416482,13.808157327644762,0.177,-0.8332000987654321,-0.6981648148148147,15,-0.7785653691520468,0.13503528395061737,1.010200098765432
GLD000000035909,5.09134653,52.04810722,1.06,2017-02-24,2025-06-27,71606,-0.47751950953830685,5.841332981124653,1.409,-0.5393715277777777,-0.3682986111111111,8,-0.48593718750000003,0.17107291666666663,1.9483715277777778
GLD000000035911,5.08955529,52.04322756,1.04,2017-02-21,2025-06-28,72545,-0.44556183058791093,0.8118670305317359,1.213,-0.5439541062801931,-0.25414708333333336,8,-0.4404821286231885,0.2898070229468598,1.7569541062801932
GLD000000035912,5.096314338,52.020535883,2.01,2022-12-16,2025-06-28,9822,-0.3199516391773569,,0.61,-0.4067638888888889,-0.14675000000000002,1,-0.39364583333333336,0.2600138888888889,1.0167638888888888
GLD000000035913,5.08367945,52.03250592,0.58,2017-12-04,2024-05-01,55554,-0.04173470857184001,6.397572966204252,1.157,-0.20988425925925927,0.15367064814814815,6,-0.02874131944444445,0.3635549074074074,1.3668842592592594
GLD000000035915,5.09362744,52.02683173,0.85,2017-12-04,2025-06-28,65619,0.19096174888370748,-14.920666735949656,0.888,-0.08483730158730159,0.470718253968254,7,0.21368154761904765,0.5555555555555556,0.9728373015873016
GLD000000035916,5.07097284,52.03798045,1.22,2013-12-12,2024-05-01,91043,-0.7580050855090452,0.4864351497369259,0.22,-1.0704055555555558,-0.5356054951690821,10,-0.717115625,0.5348000603864738,1.2904055555555558
GLD000000035917,5.09457156,52.02461041,0.5,2019-02-06,2025-06-28,55060,-0.3143872865964403,1.8025587266357992,0.484,-0.62875,-0.08742592592592592,6,-0.23973784722222224,0.5413240740740741,1.1127500000000001
GLD000000035918,5.07655345,52.02157483,1.02,2009-10-09,2025-06-27,287100,0.240496346220829,-8.682201968841484,1.0,-0.1577740740740741,0.5312715780998389,15,0.2483013130651804,0.689045652173913,1.157774074074074
GLD000000035921,5.08020943,52.05104843,0.19,2017-03-17,2024-04-30,66637,-0.38660400378168286,11.538643299496124,0.56,-0.5185793650793651,-0.21152815570672714,7,-0.3738988095238095,0.30705120937263797,1.0785793650793651
GLD000000035923,5.08678711,52.03064974,0.3,2017-12-04,2025-06-28,65972,0.5031218698841933,-13.092717764264245,1.141,0.3885515873015873,0.6166388888888888,7,0.4822886904761905,0.22808730158730156,0.7524484126984128
GLD000000035925,5.08596522,52.04539177,6.39,2009-08-13,2024-04-30,272618,-0.5494350739863105,15.050785363200934,1.284,-0.6023988095238096,-0.35317645202020204,14,-0.5112940228174603,0.2492223575036076,1.8863988095238096
GLD000000035927,5.090977,52.021123,1.84,2021-07-27,2025-06-27,21902,-0.4571077070587161,-12.615234440649669,0.51,-0.6003611111111112,-0.26954468599033815,3,-0.46008333333333334,0.3308164251207731,1.1103611111111111
GLD000000035928,5.102947975,52.026199331,1.2,2019-02-06,2025-06-28,55718,0.6778054129724685,-18.005041974597308,1.738,0.5753101851851853,0.7969498792270532,6,0.6982375,0.2216396940418679,1.1626898148148146
GLD000000035930,5.09029891,52.03219741,2.95,2019-02-11,2025-06-28,54523,0.35709709663811606,1.7021559143866398,1.723,0.2154884259259259,0.5098564814814815,6,0.37319097222222225,0.2943680555555557,1.507511574074074
GLD000000035931,5.06926453,52.04806773,0.72,2015-01-06,2025-06-28,97643,-0.5492415636553567,-3.492596223451813,0.25,-0.7866180555555555,-0.29314936868686864,10,-0.5563004076086957,0.4934686868686869,1.0366180555555555
GLD000000035932,5.06680174,52.03429932,1.05,2017-12-04,2025-06-28,66320,-0.4771827955367913,-8.152787798421292,1.027,-0.6251723057644111,-0.29033686067019404,7,-0.44234375000000004,0.33483544509421703,1.6521723057644109
GLD000000035935,5.0911622,52.02107674,6.44,2009-08-13,2025-06-28,279225,-1.026114413107709,41.97311999714819,0.58,-1.0631843380614656,-0.5931060748093007,15,-0.8985565972222223,0.47007826325216495,1.6431843380614657
GLD000000035937,5.09112541,52.04031936,1.18,2015-01-07,2025-06-28,92231,0.12359955980093462,-13.50297308426105,1.3,-0.2821583333333333,0.5365360555555556,10,0.10416944444444443,0.8186943888888889,1.5821583333333333
GLD000000035938,5.09327165,52.03553586,1.01,2019-02-01,2025-06-28,55186,0.434779092523466,-3.5660765172149236,1.956,0.14960879629629628,0.7324930555555556,6,0.4242222222222223,0.5828842592592592,1.8063912037037038
GLD000000035939,5.08167544,52.05519575,0.6,2009-08-13,2025-06-28,286295,-0.9898924815312876,14.309330212637343,0.18,-1.1458092592592592,-0.7096226851851851,15,-0.8649458937198068,0.43618657407407413,1.3258092592592592
GLD000000035940,5.09538097,52.0397062,1.02,2019-01-31,2024-04-30,44824,-0.11615781724076386,15.15876439022329,1.621,-0.3147077777777778,0.30418055555555557,5,-0.09558541666666667,0.6188883333333334,1.9357077777777778
GLD000000035941,5.09208532,52.03421434,6.34,2019-02-07,2024-05-01,45682,-0.4150393152664069,12.81230286748681,2.149,-0.526413,-0.23256388888888888,5,-0.4239958333333334,0.2938491111111111,2.675413
GLD000000035942,5.10547643,52.02172213,1.1,2019-02-06,2024-04-30,45881,-0.26017214097338776,15.719168372427408,1.12,-0.3830472222222222,-0.08563026819923372,5,-0.29101458333333335,0.2974169540229885,1.5030472222222224
GLD000000035947,5.08596231,52.04539086,1.46,2009-08-13,2025-06-27,285060,-0.5645194766014173,13.154343161743991,1.337,-0.6353199074074073,-0.3635299114331723,15,-0.5380309027777778,0.271789995974235,1.9723199074074071
GLD000000035949,5.10263413,52.03615924,0.74,2019-02-07,2024-10-07,49682,-0.003376192584839577,50.26062311839875,1.268,-0.29184444444444446,0.33295833333333336,5,-0.07541041666666667,0.6248027777777778,1.5598444444444444
GLD000000035950,5.10293632,52.04158969,2.18,2017-12-04,2024-04-30,55350,0.4877169467028004,36.860277382752805,2.726,0.08448842592592593,0.9408579911433174,6,0.7043720138888888,0.8563695652173915,2.641511574074074
GLD000000035952,5.07065968,52.04352169,0.86,2017-02-21,2025-06-28,73154,-0.9189954752986851,-6.355680165467351,0.284,-1.2706322463768116,-0.5063107638888888,8,-0.7872109375,0.7643214824879228,1.5546322463768116
GLD000000035954,5.07722349,52.03086316,2.93,2017-02-21,2024-05-01,62089,-0.09743719499428241,10.218830464138042,1.308,-0.3249722222222223,0.12398214285714285,7,-0.06871775793650794,0.44895436507936515,1.6329722222222223
GLD000000035955,5.10282143,52.04131977,2.09,2017-12-04,2025-06-28,66307,0.3512896074320962,40.76827146750196,2.37,0.03315079365079366,0.6804246031746032,7,0.5143526785714286,0.6472738095238095,2.3368492063492066
GLD000000035956,5.07947826,52.04585858,2.01,2015-01-06,2025-06-28,90563,-0.764596998774334,-0.7709862574219966,1.17,-0.8529152777777778,-0.6281763888888889,10,-0.7493416666666668,0.22473888888888882,2.022915277777778
GLD000000035957,5.07560574,52.03676591,1.96,2014-02-24,2023-09-22,83780,0.013154977321556455,-22.077354726456,0.81,-0.4250663580246914,0.37202623456790124,9,0.18194212962962963,0.7970925925925927,1.2350663580246914
GLD000000035960,5.09614048,52.02061277,1.13,2017-12-04,2025-06-28,64844,-0.3050384923817161,-34.6288496943858,0.707,-0.5001924603174602,-0.1416111111111111,7,-0.36334077380952384,0.3585813492063491,1.2071924603174602
GLD000000035965,5.08446779,52.04264746,0.82,2017-02-24,2024-04-30,148842,-0.4978678867523952,20.034021481680835,1.301,-0.5978852182539683,-0.21701452972493346,7,-0.4493155794039723,0.3808706885290349,1.8988852182539682
GLD000000035967,5.10130458,52.04695793,0.89,2017-02-24,2025-06-28,66405,0.05500644529779384,4.032158312458602,1.447,-0.3659798611111111,0.45715972222222223,8,0.0996953125,0.8231395833333333,1.8129798611111112
GLD000000035968,5.09116084,52.02106236,0.16,2009-08-13,2024-04-30,262822,0.33498354399555585,-25.034680709463967,0.58,-0.16124807919621745,0.46613492063492057,14,0.1343916170634921,0.627382999831138,0.7412480791962174
GLD000000035969,5.096393008,52.020536078,2.01,2022-12-16,2025-06-28,9820,-0.35042535641547856,,0.76,-0.4781388888888889,-0.22208333333333333,1,-0.29225,0.2560555555555556,1.238138888888889
GLD000000035970,5.08579965,52.04985125,0.54,2017-02-24,2025-06-28,72915,-0.3983553178358363,15.730224342762368,0.599,-0.5419756944444445,-0.21528645833333332,8,-0.3709153645833333,0.32668923611111117,1.1409756944444445
GLD000000035972,5.07909151,52.03215247,0.6,2017-12-04,2025-06-28,66367,-0.2135509515271144,-15.186326977764073,1.422,-0.5022321428571429,0.12333134920634918,7,-0.15976041666666665,0.625563492063492,1.924232142857143
GLD000000035974,5.09891853,52.02834761,0.66,2019-02-06,2025-06-28,55439,0.685342340229802,25.316554680246757,1.414,0.40752083333333333,0.9732939814814815,6,0.8387951388888889,0.5657731481481482,1.0064791666666666
GLD000000035975,5.10318205,52.04191385,2.7,2017-12-04,2025-06-27,66124,0.41813813441413106,2.2740888410719258,1.354,-0.3301557142857143,0.9308345440205069,7,0.7790084325396825,1.2609902583062211,1.6841557142857144
GLD000000035978,5.09129294,52.03724315,2.69,2019-02-07,2025-06-28,55576,-0.32889166186843244,-1.3691815111796761,1.671,-0.4478958333333334,-0.12700787037037037,6,-0.3294913194444445,0.320887962962963,2.118895833333333
GLD000000035979,5.07933586,52.04324806,0.63,2017-02-21,2025-06-28,72486,-0.49470882653202,9.792049268343447,1.245,-0.7007135416666667,-0.027984375000000006,8,-0.4835247395833333,0.6727291666666666,1.9457135416666667
GLD000000035982,5.10734745,52.03939905,0.86,2019-02-07,2024-04-30,45165,-0.13416056681058341,2.350194044184818,1.353,-0.21528888888888892,0.0033888888888888914,5,-0.13401666666666665,0.2186777777777778,1.5682888888888888
GLD000000035983,5.090919,52.021132,1.63,2021-07-27,2025-06-27,21993,-0.23145523575683175,26.101593389774614,0.72,-0.4186944444444444,-0.02398611111111111,3,-0.2530694444444444,0.3947083333333333,1.1386944444444445
GLD000000035986,5.06979658,52.04066923,1.11,2014-02-24,2025-06-28,96499,-0.5957590752235774,-7.49903175092329,0.23,-0.7832962962962963,-0.3702247474747475,11,-0.5766543560606061,0.4130715488215488,1.0132962962962964
GLD000000035987,5.070499,52.028575,2.41,2021-07-27,2025-06-27,21981,-0.3926410536372322,-17.417114684302412,0.9,-0.5573148148148147,-0.19993981481481482,3,-0.3548055555555556,0.3573749999999999,1.4573148148148147
GLD000000035988,5.10106113,52.02322779,1.04,2019-02-06,2025-06-28,55541,0.15354138384256677,7.920171601749541,1.303,-0.1784189814814815,0.4584560185185185,6,0.20586458333333332,0.6368750000000001,1.4814189814814815
GLD000000035989,5.10877933,52.03390441,1.43,2019-02-06,2025-06-28,55520,0.7384810158501441,3.5344655091991264,2.184,0.3327800925925926,1.1081597222222224,6,0.9056909722222225,0.7753796296296298,1.8512199074074076
GLD000000035990,5.07483334,52.05201941,1.08,2017-02-15,2025-06-28,73239,-0.808273570092437,-0.7169933828248065,0.835,-0.9589375,-0.5498097222222222,8,-0.800695982789855,0.40912777777777776,1.7939375
GLD000000035992,5.07724085,52.02519348,1.03,2015-01-06,2025-06-28,84648,-0.4932660547207258,4.657845625997993,0.6,-0.7004012345679012,-0.3060231481481482,9,-0.4555289351851852,0.39437808641975297,1.300401234567901
GLD000000035993,5.0760516,52.03699089,1.25,2013-12-12,2024-05-01,89897,0.11200164632857605,-3.02510710172216,0.87,-0.06810138888888888,0.28571111111111114,10,0.137696875,0.35381250000000003,0.9381013888888888
GLD000000035994,5.0813082,52.03638986,0.98,2019-02-05,2025-06-27,54249,-0.42718732142527976,0.2454908059084205,1.376,-0.555019764957265,-0.20368266908212562,6,-0.4262975694444444,0.3513370958751394,1.931019764957265
GLD000000035995,5.071792,52.029136,1.94,2021-07-27,2025-06-28,22005,-0.22618859350147696,-10.458005895136242,1.02,-0.42366666666666664,-0.01587962962962963,3,-0.22277777777777777,0.407787037037037,1.4436666666666667
GLD000000035996,5.09981497,52.03261557,1.3,2019-01-31,2024-04-30,45333,0.08339302494871285,25.68298949283299,1.34,-0.18792500000000004,0.41475,5,0.068325,0.6026750000000001,1.5279250000000002
GLD000000038896,5.00313497,52.07872983,1.09,2023-06-09,2026-06-01,23450,-1.1470983795309169,,-0.26,-1.370050925925926,-0.9028842592592592,3,-1.0386145833333333,0.46716666666666673,1.110050925925926
GLD000000038897,5.02308709,52.07454982,1.47,2023-06-09,2026-06-01,24752,-0.746384938590821,,-0.29,-1.0236666666666667,-0.443125,3,-0.6812951388888889,0.5805416666666667,0.7336666666666667
GLD000000038898,5.00282663,52.07998177,1.65,2023-06-09,2026-06-01,24746,-1.1554182090034752,,0.43,-1.392763888888889,-0.8746260064412238,3,-1.0848125,0.5181378824476651,1.8227638888888889
GLD000000038899,5.02429028,52.0760123,2.83,2023-06-15,2026-06-01,24756,-0.2653535304572629,,2.66,-0.8512268518518518,0.418662037037037,3,0.018631944444444427,1.2698888888888888,3.511226851851852
GLD000000038900,5.002109976,52.07775531,1.5,2023-06-15,2025-03-24,10722,-1.5325823540384256,,-0.992,-1.5918055555555555,-1.5078888888888888,1,-1.5770833333333334,0.08391666666666664,0.5998055555555555
GLD000000038901,5.01822297,52.07520432,1.41,2023-06-09,2026-06-01,24749,-1.1229174916158229,,-0.14,-1.2958703703703705,-0.8875277777777777,3,-1.068059027777778,0.40834259259259276,1.1558703703703705
GLD000000038902,5.021872271,52.073682744,1.5,2023-06-15,2025-02-23,13738,-1.1939250254767797,,-0.124,-1.29725,-1.0741388888888888,2,-1.1816041666666668,0.22311111111111126,1.17325
GLD000000038903,5.0082048,52.07728296,1.3,2023-06-09,2024-07-10,8145,-1.197492572130141,,-0.36,-1.3371111111111114,-0.9978194444444443,1,-1.124625,0.3392916666666671,0.9771111111111114
GLD000000038904,5.01766774,52.07637823,1.27,2023-06-15,2026-06-01,24746,-1.4125627576173927,,-0.68,-1.4485740740740738,-1.3505185185185187,3,-1.4129166666666666,0.09805555555555512,0.7685740740740737
GLD000000038905,5.0129396,52.07626355,1.36,2023-06-09,2026-06-01,24287,-1.197620414213365,,-0.31,-1.3751875,-1.0637708333333333,2,-1.1994010416666667,0.3114166666666667,1.0651875
GLD000000038906,5.011249452,52.075773794,1.5,2023-06-15,2026-06-01,17777,-1.5409046520785286,,-1.003,-1.6154236111111113,-1.457238888888889,2,-1.5188067708333333,0.15818472222222235,0.6124236111111114
GLD000000038911,5.119537259,52.06790725,2.0,2023-07-04,2026-06-01,22314,0.4491927489468495,,1.62,0.15769444444444444,0.7445694444444444,2,0.5023385416666667,0.5868749999999999,1.4623055555555557
GLD000000038912,5.124567944,52.073914397,1.95,2023-07-04,2026-06-01,21025,0.37723923900118905,,2.0,-0.05647222222222226,0.6730358333333333,2,-0.2146302083333334,0.7295080555555555,2.0564722222222223
GLD000000038913,5.124471103,52.073664044,1.98,2023-07-04,2026-06-01,19292,0.3289630416753059,,1.9,0.18231944444444445,0.4459166666666667,1,0.2463645833333333,0.26359722222222226,1.7176805555555554
GLD000000038914,5.12435916,52.074172519,2.0,2023-07-04,2026-06-01,19490,0.033991277578245244,,1.79,0.11427777777777777,0.3738194444444445,1,0.17342708333333334,0.2595416666666667,1.6757222222222223
GLD000000038915,5.116914547,52.062240136,2.0,2023-07-04,2026-06-01,14037,0.2802184939801952,,1.3,-0.06276152832674571,0.5732361111111111,1,0.23734374999999996,0.6359976394378568,1.3627615283267458
GLD000000038916,5.117093464,52.062217177,2.0,2023-07-04,2026-06-01,24748,0.3981184742201391,,1.31,0.2748055555555556,0.5225185185185185,3,0.41576041666666663,0.2477129629629629,1.0351944444444445
GLD000000038923,5.099633601,52.067907796,1.5,2023-01-18,2026-06-01,15282,0.3297991100641277,,2.1,0.136,0.46634722222222225,1,0.3442894021739131,0.33034722222222224,1.964
GLD000000038924,5.099501422,52.068051283,1.5,2023-01-18,2026-06-01,12102,0.2998674599239795,,2.08,0.12915277777777778,0.3877916666666667,1,0.2796875,0.2586388888888889,1.9508472222222224
GLD000000038925,5.099798995,52.067747222,1.1,2023-01-18,2026-06-01,15222,0.33123150702929965,,1.821,0.13288888888888892,0.4783611111111112,1,0.34709375,0.3454722222222223,1.6881111111111111
GLD000000038926,5.092981473,52.069264238,0.8,2023-01-19,2026-06-01,12639,0.34437313078566345,,1.807,0.2340277777777778,0.48986111111111114,1,0.3457395833333333,0.25583333333333336,1.5729722222222222
GLD000000038927,5.09154747,52.070552241,1.0,2023-01-19,2026-06-01,14930,0.41981741460147354,,1.88,0.2501111111111111,0.5480694444444444,1,0.4124375,0.29795833333333327,1.6298888888888887
GLD000000042136,5.06570824,52.14953988,0.3,2014-03-20,2024-03-25,5856,-2.921749658469946,7.67346806058773,-2.74,-2.9881666666666673,-2.8344761904761904,7,-2.9321011904761902,0.15369047619047693,0.2481666666666671
GLD000000042142,5.08492989,52.15908203,2.0,2020-09-08,2024-03-25,1674,-2.325216248506571,9.738667774178236,-2.29,-2.4014166666666665,-2.223,2,-2.320708333333333,0.17841666666666667,0.1114166666666665
GLD000000042560,5.147957419,52.09616166,1.95,2025-06-04,2026-06-27,3469,0.4395690400691843,,2.08,0.4044166666666667,0.5475791062801932,1,,0.14316243961352654,1.6755833333333334
GLD000000048058,4.96097975,52.08802616,2.11,2021-01-01,2024-11-14,33592,-1.6060893069778517,-9.367545723619836,-0.852,-1.8914814814814813,-1.400436191626409,3,-1.5414409722222222,0.49104528985507234,1.0394814814814812
GLD000000048079,4.96200232,52.09096898,2.77,2021-01-01,2024-11-14,33592,-1.13192322576804,-26.858497852171492,0.888,-1.2698425925925925,-0.912399154589372,3,-1.133576388888889,0.3574434380032204,2.1578425925925924
GLD000000048093,4.9659203,52.09018309,1.1,2021-01-01,2024-11-14,33567,-0.9800939613310692,-30.74581877320935,-0.58,-1.2464814814814813,-0.720940418679549,3,-0.9701284722222222,0.5255410628019322,0.6664814814814813
GLD000000048104,4.95840623,52.09469503,2.1,2021-01-01,2024-11-14,33592,-0.9847210050011908,-15.27997381009208,0.424,-1.0693796296296296,-0.8071417069243156,3,-0.9861006944444443,0.262237922705314,1.4933796296296296
GLD000000048111,4.94746557,52.09725232,2.04,2021-01-01,2024-11-14,33568,-0.9229757507149666,-26.979268511768083,0.53,-1.1087916666666666,-0.6710601851851852,3,-0.9322777777777779,0.43773148148148144,1.6387916666666666
GLD000000048119,4.96240857,52.08506523,1.32,2021-01-01,2024-11-14,33448,-1.346049898349677,-26.98428143731178,-0.76,-1.6340046296296296,-1.1324778582930755,3,-1.3123368055555555,0.5015267713365541,0.8740046296296295
GLD000000049810,5.249358417,52.081640309,2.11,2021-02-16,2023-03-03,17890,2.559857853549469,,4.39,2.3181875,2.929625,2,2.718192708333333,0.6114375000000001,2.0718124999999996
GLD000000049814,5.244484794,52.080590082,2.28,2021-02-16,2025-06-02,37418,2.4472798920305734,96.80363242477286,4.16,2.2188680555555553,2.7437326388888885,4,2.5349174679487176,0.5248645833333332,1.9411319444444448
GLD000000062624,5.121990775,52.022900138,1.04,2024-05-15,2025-06-28,9833,-0.5315623919454897,,0.37,-0.6424305555555555,-0.33019444444444446,1,-0.6100416666666666,0.31223611111111105,1.0124305555555555
GLD000000062625,5.102920503,52.047296187,1.11,2024-05-01,2025-06-27,10169,0.8912158520995183,,1.68,0.7841527777777778,1.02525,1,0.7894791666666667,0.24109722222222219,0.8958472222222221
GLD000000062626,5.085055138,52.034659401,1.66,2024-04-30,2025-06-28,10191,-0.18898223923069377,,1.48,-0.5119583333333333,0.2578472222222222,1,-0.2259375,0.7698055555555555,1.9919583333333333
GLD000000062627,5.08819875,52.033326386,0.99,2024-04-30,2025-06-28,10189,0.0726570811659633,,1.23,0.021069444444444443,0.2894305555555556,1,0.03166666666666667,0.26836111111111116,1.2089305555555556
GLD000000062628,5.084173575,52.02774615,2.61,2024-07-04,2025-06-28,8634,0.41897903636784806,,2.31,0.23406944444444444,0.6841805555555557,1,0.21952083333333333,0.45011111111111124,2.075930555555556
GLD000000062630,5.083321922,52.040526893,2.06,2024-04-30,2025-06-28,10177,-0.5126105925125283,,1.49,-0.5961388888888889,-0.37390277777777775,1,-0.5648333333333333,0.22223611111111113,2.0861388888888888
GLD000000062631,5.111897949,52.047184463,2.03,2024-05-01,2025-06-28,10156,-0.15223877510831038,,2.0,-0.1872222222222222,-0.0921111111111111,1,-0.164625,0.0951111111111111,2.187222222222222
GLD000000062889,4.95478722,52.09167078,1.41,2021-01-01,2024-11-14,26397,-0.8930904648255483,-53.90529889843287,0.33,-1.6014791666666666,-0.4229791666666667,2,-1.0678854166666667,1.1784999999999999,1.9314791666666666
GLD000000064590,4.94309323,52.09960881,1.98,2021-01-01,2024-11-14,33596,-1.4465162817002024,-206.107752395828,0.57,-1.715726851851852,-0.9911588164251208,3,-1.3847986111111112,0.7245680354267312,2.285726851851852
GLD000000064619,5.09071078,52.14681003,0.44,2007-05-15,2025-04-01,46610,-1.0817429950654365,-2.472884438972315,-0.95,-1.1354236111111111,-1.0312881944444443,8,-1.1029570312499999,0.10413541666666681,0.18542361111111116
GLD000000064624,5.12964441,52.13187332,0.21,2015-12-16,2024-03-25,1179,-0.3971136556403732,17.57832007195581,-0.21,-0.5121666666666667,-0.2966666666666667,1,-0.37925,0.21549999999999997,0.3021666666666667
GLD000000066209,4.96662982,52.08765995,2.11,2021-01-01,2024-11-14,25001,-1.5485575376984921,-1.2888306079874212,-0.922,-1.6388472222222221,-1.4972708333333333,2,-1.565463541666667,0.1415763888888888,0.7168472222222221
GLD000000066468,4.949227736,52.146819297,1.32,2021-02-12,2024-11-12,21528,-0.5604862969156448,,-0.106,-0.6981736111111112,-0.44671739130434784,2,-0.5483489583333334,0.25145621980676336,0.5921736111111112
GLD000000066471,5.041633228,52.139620951,3.38,2021-01-01,2025-01-31,18214,-0.7809052377292193,111.31220948797633,1.385,-0.9136056763285024,-0.7803177777777778,1,-0.8751041666666667,0.13328789855072465,2.2986056763285023
GLD000000066475,5.079426926,52.139051417,1.7,2021-01-01,2024-06-30,19138,-1.0580245584700596,-6.800325217672836,-0.034,-1.187077850877193,-0.9221319444444444,2,-1.0935190972222222,0.26494590643274873,1.153077850877193
GLD000000066476,5.030678676,52.126654545,1.19,2021-02-12,2025-01-31,22793,-1.1063411134997587,-24.654579012183575,-0.6,-1.3497291666666666,-0.9564444444444444,2,-1.055625,0.3932847222222222,0.7497291666666667
GLD000000066479,4.954985787,52.149662776,3.3,2021-02-12,2024-11-12,18692,-1.9025265354162206,,-1.208,-1.9401488526570048,-1.8431625,2,-1.9125625,0.09698635265700473,0.7321488526570048
GLD000000066482,4.950916041,52.151966724,2.56,2021-01-01,2024-11-12,11234,-2.0522818230372084,,-1.15,-2.1355833333333334,-2.0308055555555558,1,-2.1270625,0.10477777777777764,0.9855833333333335
GLD000000066484,5.0682196,52.143632545,2.66,2021-01-01,2024-06-30,18552,-1.5010906101768005,-33.59692161455779,-0.854,-1.6251398809523807,-1.3599861111111111,2,-1.568859375,0.2651537698412696,0.7711398809523807
GLD000000066490,5.050382461,52.143591994,2.5,2021-01-01,2025-01-31,25483,-1.243409253227642,-1.4977261688900183,-0.089,-1.4136898148148147,-1.1156944444444443,3,-1.233767361111111,0.2979953703703704,1.3246898148148147
GLD000000066501,4.949221282,52.148967422,2.12,2024-03-27,2024-11-12,3130,-2.0559536741214055,,-1.305,-2.2550694444444446,-1.9171944444444444,1,,0.33787500000000015,0.9500694444444446
GLD000000066502,5.012341094,52.140079844,1.03,2021-02-12,2025-01-31,21574,-1.4464893390191897,6.959690302304012,-0.546,-1.5957508051529794,-1.3368760064412237,3,-1.4185445350241546,0.25887479871175567,1.0497508051529794
GLD000000066504,5.039069281,52.1387236,2.38,2021-01-01,2025-01-31,23154,0.04917167660015548,30.74190737776298,1.24,-0.24739814814814812,0.28230555555555553,3,0.10476388888888888,0.5297037037037037,1.4873981481481482
GLD000000066511,5.056664813,52.135619364,2.45,2021-01-01,2025-01-31,21186,-0.7911994241480224,-26.563065751608324,0.063,-0.8951944444444444,-0.7148888888888889,2,-0.7842187500000001,0.1803055555555555,0.9581944444444443
GLD000000066514,5.041183987,52.148589714,2.13,2021-01-01,2025-01-31,16646,-0.6292630662020906,-34.55344783232409,0.174,-0.9149999999999999,-0.3955730676328502,1,-0.6663333333333333,0.5194269323671497,1.089
GLD000000066515,5.034948271,52.138945066,2.27,2021-01-01,2025-01-31,23873,-0.33877824320361916,13.934007282666677,0.516,-0.5226064814814815,-0.22766203703703702,3,-0.30603125000000003,0.29494444444444445,1.0386064814814815
GLD000000066519,4.953075034,52.147822198,1.05,2021-02-05,2024-11-12,13637,-2.0411054484124076,,-1.659,-2.1989444444444444,-1.7589861111111114,1,-2.076208333333333,0.439958333333333,0.5399444444444443
GLD000000066595,5.05532401,52.15882276,2.0,2013-11-22,2025-05-08,64039,-3.520920813879042,2.676690828507473,-3.27,-3.6940736111111105,-3.437979166666666,10,-3.5975458333333337,0.2560944444444444,0.4240736111111105
GLD000000067155,5.142942377,52.066333612,1.39,2020-01-01,2022-12-31,25464,1.0255086396481308,,1.844,0.6889120370370371,1.552726851851852,3,0.9024479166666667,0.8638148148148149,1.1550879629629631
GLD000000067157,5.15312572,52.059990725,3.71,2020-01-01,2022-12-31,25920,0.5662771219135803,,1.95,0.42067129629629624,0.7089212962962962,3,0.5697256944444445,0.28824999999999995,1.5293287037037038
GLD000000067158,5.155102333,52.072488008,0.83,2020-01-01,2022-12-31,23231,0.5658575610176058,,1.829,0.49086111111111114,0.6386388888888889,3,0.55934375,0.14777777777777773,1.3381388888888888
GLD000000067161,5.146330398,52.068183129,6.83,2020-01-01,2022-12-31,25939,0.532651567138286,,1.84,0.4292407407407408,0.6441990740740741,3,0.5255868055555556,0.21495833333333325,1.4107592592592593
GLD000000067163,5.159786556,52.074914912,3.45,2020-01-01,2022-12-31,25728,0.619334227300995,,2.33,0.5345509259259259,0.7010462962962963,3,0.6178958333333333,0.16649537037037043,1.795449074074074
GLD000000067164,5.153372584,52.0713521,1.74,2020-01-01,2022-12-31,25944,0.5881901403021893,,2.287,0.39630555555555563,0.7763749999999999,3,0.6098194444444445,0.3800694444444443,1.8906944444444442
GLD000000067167,5.155174607,52.072613983,0.66,2020-01-01,2022-12-31,23231,0.6091946536954931,,1.69,0.5229953703703702,0.6933703703703703,3,0.5912222222222222,0.17037500000000005,1.1670046296296297
GLD000000067171,5.161822626,52.067422803,1.18,2020-01-01,2022-12-31,25355,0.5185934135279038,,2.2,0.30680555555555555,0.6289583333333333,3,0.4368506944444444,0.32215277777777773,1.8931944444444446
GLD000000067172,5.151575385,52.066423079,5.88,2020-01-01,2022-12-31,25944,0.5454353222325008,,1.62,0.40469444444444447,0.6899351851851853,3,0.5404027777777779,0.2852407407407408,1.2153055555555556
GLD000000067174,5.141885867,52.064857379,3.23,2020-01-01,2022-12-31,25968,0.41210347350585336,,1.411,0.30603703703703705,0.5249722222222223,3,0.42349305555555555,0.21893518518518523,1.104962962962963
GLD000000067175,5.154727954,52.054708922,5.84,2020-01-01,2022-12-31,25944,0.5552673450508788,,2.15,0.4429953703703704,0.679425925925926,3,0.5653506944444445,0.2364305555555556,1.7070046296296295
GLD000000067176,5.137139709,52.068658348,4.95,2020-01-01,2022-12-31,25944,0.450413814369411,,1.89,0.3731388888888889,0.5352546296296297,3,0.45272222222222225,0.16211574074074075,1.516861111111111
GLD000000067177,5.161536533,52.063422579,3.88,2020-01-01,2022-12-31,25631,0.6353709180289493,,1.43,0.4909629629629629,0.7749768518518518,3,0.6456458333333334,0.28401388888888895,0.9390370370370371
GLD000000067181,5.147716542,52.065336741,4.68,2020-01-01,2022-12-31,25920,0.5398271219135802,,2.02,0.3922638888888889,0.6920046296296296,3,0.5378125000000001,0.2997407407407407,1.627736111111111
GLD000000067183,5.163706415,52.05816871,5.77,2020-01-01,2022-12-31,25795,0.613272145764683,,2.37,0.4077175925925926,0.8195324074074074,3,0.6508159722222223,0.4118148148148148,1.9622824074074074
GLD000000067185,5.152164149,52.070945237,1.29,2020-01-01,2022-12-31,23159,0.5947815104279115,,2.223,0.426425925925926,0.7788287037037037,3,0.5788888888888889,0.35240277777777773,1.7965740740740739
GLD000000067186,5.148505538,52.070524442,4.87,2020-01-01,2022-12-31,25920,0.5089018904320988,,1.976,0.4114351851851852,0.6077268518518518,3,0.503875,0.19629166666666664,1.5645648148148148
GLD000000067190,5.150434439,52.069827262,2.71,2020-01-01,2022-12-30,25346,0.6818535469107553,,2.257,0.4853657407407408,0.9034166666666668,3,0.6859706439393939,0.41805092592592596,1.7716342592592593
GLD000000067191,5.148151878,52.079394925,4.72,2020-01-01,2022-12-31,25848,0.5595463478799133,,2.19,0.4718287037037037,0.6407777777777778,3,0.548991792929293,0.16894907407407406,1.7181712962962963
GLD000000067192,5.136557844,52.0345294,3.81,2020-01-01,2022-12-31,25968,-0.029147681762168826,,0.77,-0.15210648148148145,0.0855925925925926,3,-0.03822222222222222,0.23769907407407403,0.9221064814814814
GLD000000067193,5.147341678,52.061812664,4.45,2020-01-01,2022-12-31,25944,0.49750790163428926,,1.35,0.35243981481481484,0.6466851851851853,3,0.49590972222222224,0.2942453703703704,0.9975601851851852
GLD000000067196,5.140486771,52.075280596,3.51,2020-01-01,2022-12-31,25848,0.6044761296812132,,2.15,0.5455787037037038,0.6552167874396134,3,0.5983715277777778,0.10963808373590966,1.6044212962962963
GLD000000067199,5.135918269,52.060215969,4.93,2020-01-01,2022-12-31,25632,0.3249760845817728,,1.65,0.2351296296296296,0.4226435185185185,3,0.34931944444444446,0.1875138888888889,1.4148703703703702
GLD000000067200,5.181557846,52.076258165,4.6,2020-01-01,2022-12-31,25896,0.6875657630522088,,2.4,0.5510324074074074,0.8124907407407407,3,0.6949340277777777,0.26145833333333324,1.8489675925925924
GLD000000067201,5.153915699,52.070688061,0.84,2020-01-01,2022-12-31,25431,0.7565115017105108,,1.855,0.419141835016835,1.369162037037037,3,0.7058194444444444,0.950020202020202,1.435858164983165
GLD000000067202,5.154186635,52.0634712,3.92,2020-01-01,2022-12-31,25704,0.5961109943977592,,1.52,0.4439074074074074,0.7377895622895623,3,0.5954561237373738,0.29388215488215486,1.0760925925925926
GLD000000067203,5.157536338,52.069994098,0.71,2020-01-01,2022-12-31,25968,0.6742444932224277,,1.849,0.5936712962962963,0.7589814814814814,3,0.6642777777777779,0.16531018518518503,1.2553287037037038
GLD000000067204,5.166289028,52.069624338,0.79,2020-01-01,2022-12-31,25992,0.6293401815943367,,1.941,0.5226898148148148,0.7402592592592594,3,0.62025,0.2175694444444446,1.4183101851851854
GLD000000067205,5.14428171,52.066767805,2.44,2020-01-01,2022-12-31,25843,0.48850915141430956,,1.45,0.36668981481481483,0.6174814814814815,3,0.48898263888888893,0.2507916666666667,1.0833101851851852
GLD000000067206,5.156621168,52.066451027,1.26,2020-01-01,2022-12-31,25488,0.889358482423101,,2.16,0.47517129629629634,1.3416898148148146,3,0.8662291666666667,0.8665185185185182,1.6848287037037037
GLD000000067209,5.151017114,52.058907955,4.95,2020-01-01,2022-12-31,25896,0.5256216790237874,,2.46,0.3960740740740741,0.6611666666666666,3,0.5282916666666667,0.2650925925925925,2.063925925925926
GLD000000067210,5.144380085,52.064763672,5.56,2020-01-01,2022-12-31,25944,0.4043807816836263,,2.19,0.2875787037037037,0.5256620370370371,3,0.4149305555555555,0.23808333333333337,1.9024212962962963
GLD000000067211,5.146329334,52.062961071,5.71,2020-01-01,2022-12-31,25560,0.4670288732394366,,2.29,0.32846296296296296,0.5996296296296296,3,0.4572222222222222,0.27116666666666667,1.961537037037037
GLD000000067212,5.145065333,52.06748846,4.91,2020-01-01,2022-12-31,25220,0.4723648691514671,,2.668,0.3678888888888889,0.5875509259259258,3,0.4726840277777778,0.21966203703703696,2.300111111111111
GLD000000067215,5.143745507,52.068824962,0.71,2020-01-01,2022-12-31,25992,0.4790802554632195,,1.713,0.34044907407407404,0.6333148148148148,3,0.46140625,0.29286574074074073,1.372550925925926
GLD000000067216,5.143096151,52.059529975,6.04,2020-01-01,2022-12-31,25968,0.3581756007393716,,1.7,0.26278240740740744,0.4656666666666667,3,0.36570138888888887,0.20288425925925924,1.4372175925925925
GLD000000068456,5.05532401,52.15882276,0.0,2017-06-01,2025-04-16,61509,-4.444137053114178,-113.89917053017163,-3.27,-5.34324007936508,-3.8627896825396824,7,-4.634842261904763,1.4804503968253973,2.0732400793650796
GLD000000070322,5.249137936,52.057580892,1.5,2021-07-08,2025-05-20,11090,1.6441190261496843,22.816099242963503,1.97,1.4834201388888888,1.7680625,4,1.6537118055555555,0.2846423611111113,0.4865798611111112
GLD000000070323,5.242147505,52.073013906,1.25,2021-07-07,2025-05-20,12139,2.1053703764725267,51.42616848986555,2.55,1.8621736111111111,2.197505833333333,4,2.1005729166666667,0.3353322222222219,0.6878263888888887
GLD000000070328,5.120695867,52.138504635,1.16,2020-05-13,2024-03-25,1959,-0.5360316488004084,8.807473453838053,-0.31,-0.616111111111111,-0.4451666666666667,3,-0.5308055555555556,0.17094444444444434,0.30611111111111106
GLD000000071049,5.054038435,52.021570812,2.33,2023-05-16,2024-05-30,9033,-0.2030146130853537,,1.41,-0.47413888888888894,0.0943888888888889,1,-0.13585416666666666,0.5685277777777779,1.8841388888888888
GLD000000071055,5.052855415,52.021962941,2.14,2023-05-16,2024-05-30,9032,-0.24041729406554474,,1.39,-0.4929722222222222,0.044736111111111115,1,-0.178625,0.5377083333333333,1.882972222222222
GLD000000071060,5.05151299,52.022237757,2.37,2023-05-16,2024-05-30,9032,-0.2514144154118689,,1.65,-0.5008333333333334,0.03406944444444445,1,-0.195125,0.5349027777777778,2.1508333333333334
GLD000000079396,5.14181689,52.069459117,3.85,2020-01-01,2022-12-20,8688,0.46404247237569063,,1.46,0.39458333333333334,0.5419722222222222,1,0.4418958333333333,0.14738888888888885,1.0654166666666667
GLD000000079397,5.141561722,52.060146964,4.91,2020-01-01,2022-12-30,25442,0.3508387312318214,,1.7,0.28003240740740737,0.42906944444444445,3,0.3528929924242424,0.14903703703703708,1.4199675925925925
GLD000000079482,5.153167063,52.068817066,2.15,2020-01-01,2022-12-31,23346,0.6512295896513322,,1.99,0.5683935185185185,0.7078796296296296,3,0.6373055555555555,0.1394861111111111,1.4216064814814815
GLD000000079483,5.152917108,52.069203056,1.51,2020-01-01,2022-12-31,25944,0.5662933626271971,,2.22,0.4557222222222223,0.6770324074074076,3,0.5591736111111111,0.22131018518518525,1.7642777777777778
GLD000000079484,5.151512135,52.070126025,2.0,2020-01-01,2022-12-31,23327,0.5750937111501693,,1.79,0.46411111111111114,0.6902499999999999,3,0.5726041666666667,0.22613888888888878,1.325888888888889
GLD000000079485,5.152290742,52.071835305,1.62,2020-01-01,2022-12-31,25895,0.5738404711334234,,1.54,0.34758796296296296,0.8036250000000001,3,0.6074826388888889,0.4560370370370372,1.192412037037037
GLD000000079546,5.151733884,52.069560222,3.12,2020-01-01,2022-12-31,23053,0.5764529562312931,,2.42,0.4691435185185185,0.6881296296296296,3,0.5717465277777777,0.21898611111111116,1.9508564814814815
GLD000000079547,5.145628242,52.071141905,4.74,2020-01-01,2022-12-31,25896,0.5434159715786222,,1.557,0.473625,0.6125092592592591,3,0.5385763888888889,0.13888425925925912,1.083375
GLD000000079566,5.152070507,52.069336192,3.04,2020-01-01,2022-12-19,8184,0.5513594819159335,,2.34,0.4261111111111111,0.6592638888888889,1,0.5160833333333334,0.23315277777777776,1.9138888888888888
GLD000000079567,5.150504415,52.070384661,1.1,2020-01-01,2022-12-19,8712,0.6180244490358126,,1.96,0.27949999999999997,0.899375,1,0.5699166666666666,0.6198750000000001,1.6804999999999999
GLD000000079568,5.153665223,52.071172919,1.14,2020-01-01,2022-12-31,23322,0.5987998027613411,,2.4,0.4314259259259259,0.759888888888889,3,0.6050625,0.32846296296296307,1.968574074074074
GLD000000081179,4.959817009,52.087554559,2.13,2022-11-30,2024-11-14,16994,-1.4140593738966696,,-0.983,-1.469277777777778,-1.2989722222222222,1,-1.38884375,0.1703055555555557,0.4862777777777779
GLD000000081180,4.960827496,52.087162738,2.09,2022-11-30,2024-11-14,16994,-1.4337582676238674,,-0.81,-1.4758333333333333,-1.3640694444444446,1,-1.4120208333333333,0.11176388888888877,0.6658333333333333
GLD000000081189,4.960896165,52.087612394,2.14,2022-11-30,2024-11-14,16994,-1.3228805460750852,,-0.962,-1.4168194444444444,-1.185638888888889,1,-1.27675,0.2311805555555555,0.45481944444444444
GLD000000081207,4.960851795,52.08767515,1.98,2022-11-30,2024-11-14,13755,-1.745484405670665,,-1.002,-1.9662916666666668,-1.5061944444444444,1,-1.6738125000000001,0.4600972222222224,0.9642916666666668
GLD000000081849,4.932147538,52.158394227,0.99,2018-03-21,2020-10-15,22274,-2.317904731974499,,-1.94,-2.5611805555555556,-1.9443055555555557,2,-2.238072916666667,0.6168749999999998,0.6211805555555556
GLD000000081850,4.933827863,52.15554249,1.54,2018-03-21,2020-10-31,15655,-2.3174072181411685,,-1.75,-2.4783333333333335,-2.0504166666666666,1,-2.175104166666667,0.42791666666666694,0.7283333333333335
GLD000000109050,5.026693083,52.137383186,2.14,2016-08-01,2020-12-26,19767,-1.0947710831183286,-28.874410896452925,-0.503,-1.1969444444444444,-0.9765277777777778,1,-1.12375,0.2204166666666666,0.6939444444444444
GLD000000109087,5.030678604,52.126663533,1.14,2017-01-01,2020-07-03,16371,-0.9971816016126078,34.71596071231959,-0.459,-1.1965277777777776,-0.7625000000000001,1,-1.0321875,0.43402777777777757,0.7375277777777776
GLD000000109383,5.056664746,52.135628352,2.45,2016-08-01,2020-12-26,19232,-0.7420086314475873,4.533264620630305,0.121,-0.8943277777777778,-0.6724305555555556,2,-0.8543750000000001,0.2218972222222222,1.0153277777777778
GLD000000109449,4.950945351,52.151957844,2.63,2016-08-01,2020-12-26,20915,-2.086704279225436,2.6220160438818607,-1.373,-2.1969444444444446,-2.011319444444444,2,-2.1347916666666666,0.18562500000000037,0.8239444444444446
GLD000000109519,5.017913009,52.130471184,1.54,2016-08-01,2020-12-26,21450,-1.6125687645687645,-10.852240723747855,-0.5,-1.725,-1.4911805555555555,2,-1.6600000000000001,0.23381944444444458,1.225
GLD000000109520,5.012341018,52.140088831,1.03,2016-08-01,2020-04-07,15859,-1.326951888517561,25.937408023420502,-0.468,-1.4856944444444444,-1.1238888888888887,1,-1.3326041666666666,0.3618055555555557,1.0176944444444445
GLD000000109538,5.0349482,52.138954054,2.24,2016-08-01,2020-12-26,19743,-0.3415919566428608,-9.405717655516769,0.56,-0.5568888888888889,-0.20819444444444446,2,-0.39229166666666665,0.3486944444444444,1.116888888888889
GLD000000109540,5.041183917,52.148598701,2.14,2016-08-01,2020-12-26,16846,-0.6565629823103408,-19.473860182441765,0.242,-0.9071805555555555,-0.40208333333333324,2,-0.8018973214285714,0.5050972222222223,1.1491805555555556
GLD000000109949,5.050382393,52.143600982,2.47,2016-08-01,2020-12-26,16379,-1.2602777947371635,10.081655051042537,-0.075,-1.3922916666666665,-1.0929166666666668,2,-1.3193055555555557,0.2993749999999997,1.3172916666666665
GLD000000109987,4.953074946,52.147831186,1.08,2016-08-01,2020-12-26,20984,-2.1279956157072055,-62.331213130693634,-1.57,-2.3245138888888888,-2.0545833333333334,2,-2.0789583333333335,0.26993055555555534,0.7545138888888887
GLD000000110075,4.9549857,52.149671764,3.02,2016-08-01,2020-12-26,19455,-1.880735029555384,-22.882342558643487,-1.318,-1.8868055555555558,-1.711388888888889,1,-1.8270833333333336,0.17541666666666678,0.5688055555555558
GLD000000121723,5.20132777,52.057551,2.5,2000-05-15,2020-12-31,19346,0.8644927633619353,-1.0554853494893268,2.14,0.6919305555555556,1.2395944444444444,15,0.9401020833333334,0.5476638888888888,1.4480694444444446
GLD000000121868,5.14157266,52.13526028,1.98,1981-03-03,2020-12-31,20327,-0.2187675505485315,2.40300768898944,0.574,-0.36061111111111105,-0.08532986111111111,24,-0.2795447048611111,0.2752812499999999,0.9346111111111111
GLD000000122330,5.19600018,52.10667104,5.0,2003-01-28,2020-12-31,19208,1.4433032069970846,8.971168314230946,3.602,1.2853750000000002,1.6224044117647056,17,1.508767156862745,0.33702941176470547,2.3166249999999997
GLD000000123002,5.02092547,52.08541426,4.5,2007-01-30,2020-12-31,19580,-0.7478788559754852,50.82036756819484,0.754,-1.077764880952381,-0.6866904761904762,14,-0.9583318452380952,0.3910744047619048,1.831764880952381
GLD000000123003,5.02092547,52.08541426,4.5,2021-01-01,2026-07-20,3124,-0.7197410371318822,,0.754,-0.8000416666666667,-0.5610833333333333,1,-0.6963125,0.23895833333333338,1.5540416666666665
GLD000000123025,5.0208828,52.08527931,0.82,2007-01-30,2020-12-31,16109,-0.7054372090135949,15.895190934528657,0.741,-0.8446325757575758,-0.6141704545454545,11,-0.7675369318181818,0.23046212121212128,1.5856325757575758
GLD000000123896,5.02095258,52.08548895,1.06,2007-01-30,2020-07-09,17252,-0.7168592626941804,3.4648646867681885,1.323,-0.8237651515151515,-0.585780303030303,11,-0.7476922348484848,0.23798484848484847,2.1467651515151513
GLD000000124847,5.18825939,52.02236203,8.0,1974-08-16,2020-12-31,20526,0.8163711390431649,-1.438173598165842,3.02,0.6159623015873016,1.144388888888889,21,0.984909226190476,0.5284265873015873,2.4040376984126985
GLD000000125014,5.1388212,52.13099417,2.14,1981-03-03,2020-12-31,20323,-0.22440761698568126,1.5018434258940256,0.389,-0.316145,-0.09378,25,-0.24243916666666665,0.222365,0.705145
GLD000000125015,5.1388212,52.13099417,2.14,2021-01-01,2026-07-21,9996,-0.27434003601440576,,0.389,-0.3709861111111112,-0.1665972222222222,3,-0.32888541666666665,0.20438888888888898,0.7599861111111113
GLD000000125241,5.24814906,52.09712976,6.0,1973-01-17,2020-12-31,32639,2.400651276080762,6.498690372409013,6.169,2.17870462962963,2.6453314814814815,15,2.542018055555556,0.4666268518518515,3.9902953703703696
GLD000000125242,5.24814906,52.09712976,6.0,2021-01-01,2025-05-08,11916,2.6253841054044984,184.59822645679955,6.169,2.36371875,2.988114583333333,4,2.784203125,0.6243958333333333,3.8052812499999997
GLD000000126125,4.96062025,52.03546194,1.74,1968-01-29,2020-12-31,18972,-1.3659133459835546,-2.4020246616263674,-0.266,-1.5217916666666669,-1.085027777777778,15,-1.368380555555556,0.43676388888888895,1.2557916666666669
GLD000000126126,4.96062025,52.03546194,1.74,2021-01-01,2026-07-27,13956,-1.3555658498137004,-19.223905332347318,-0.266,-1.5280729166666667,-1.0643541666666665,4,-1.3437421875,0.4637187500000002,1.2620729166666667
GLD000000126129,5.23457346,52.11271347,7.0,1956-03-28,2020-12-31,17744,2.3026597723174027,-8.885665107512574,5.804,2.0781484375,2.5447734375,16,2.5056380208333335,0.46662500000000007,3.7258515625000004
GLD000000126139,5.19783701,52.10377985,8.0,1971-06-02,2020-12-31,19679,1.4767083693277097,5.300408996683818,3.193,1.3147473958333333,1.7287682291666666,16,1.558916015625,0.4140208333333333,1.8782526041666667
GLD000000126146,5.21774167,52.0875014,2.7,1956-03-28,2020-12-31,18865,1.6188800954147895,-1.2010230356294862,2.939,1.5049930555555555,1.800295138888889,12,1.6836875000000002,0.2953020833333335,1.4340069444444445
GLD000000126152,5.20984772,52.10051073,4.5,1971-06-02,2020-12-31,19777,1.6482387116347272,4.31400842401712,3.913,1.499261574074074,1.9015277777777777,18,1.7865277777777777,0.4022662037037037,2.413738425925926
GLD000000126361,5.20587121,52.11118519,8.0,2017-11-02,2020-12-31,9243,1.343909012225468,,4.2,1.038513888888889,1.6569861111111113,3,1.5725625,0.6184722222222223,3.1614861111111114
GLD000000126473,5.21373261,52.11112064,5.03,1957-07-01,2020-12-31,20509,1.276001023940709,-11.744352838585472,5.153,1.0729416666666667,1.6471305555555553,15,1.5258416666666668,0.5741888888888886,4.080058333333333
GLD000000126678,4.95607253,52.07761532,7.12,2003-10-30,2021-01-01,622,-1.7376591639871384,,-1.21,-1.77175,-1.6576666666666666,1,,0.11408333333333331,0.56175
GLD000000126679,4.95607253,52.07761532,7.12,2021-01-01,2026-07-24,16220,-1.7681271886559804,-19.227807111431364,-1.21,-1.8418499999999998,-1.6925583333333332,5,-1.74843125,0.1492916666666666,0.6318499999999998
GLD000000126690,4.97821881,52.03424443,2.0,2006-06-14,2020-12-31,17947,-1.2132472836685797,7.977693865154706,-0.29,-1.3849318181818182,-1.0808749999999998,11,-1.2404441287878785,0.3040568181818184,1.0949318181818182
GLD000000126724,5.02104102,52.08537867,0.92,2007-01-30,2021-01-01,6166,-0.7203683100875772,,0.694,-0.8076458333333334,-0.5841458333333334,2,-0.738078125,0.22350000000000003,1.5016458333333333
GLD000000126725,5.02104102,52.08537867,0.92,2018-11-22,2026-07-20,22367,-0.711331559887334,-0.03381207174659818,0.694,-0.8031088435374151,-0.5662619047619047,7,-0.7171428571428572,0.23684693877551033,1.497108843537415
GLD000000127326,5.19530187,52.05645648,1.5,2009-06-12,2020-12-31,19727,0.8860504891772697,-4.36563256185095,2.15,0.6865416666666667,1.1940909090909093,11,0.9437357954545454,0.5075492424242426,1.463458333333333
GLD000000127327,5.19530187,52.05645648,1.5,2021-01-01,2021-11-04,1009,0.9848156590683846,,2.15,0.9193958333333333,1.2024791666666665,2,,0.28308333333333324,1.2306041666666667
GLD000000127360,5.20570291,52.1256962,3.91,1956-03-28,2020-12-31,36492,1.7396040227995178,-6.656127835672146,4.481,1.4275653594771243,1.9986870915032677,17,1.8708308823529411,0.5711217320261435,3.053434640522876
GLD000000128806,5.19984494,52.09482197,7.0,1956-03-28,2020-11-02,20268,1.5141792974146437,-12.158819478370292,2.769,1.4229485294117645,1.654218137254902,17,1.536597426470588,0.23126960784313755,1.3460514705882356
GLD000000128854,4.99488323,52.10646609,2.5,1967-04-28,2020-12-31,32553,-0.4847770097994041,0.19738088661139033,0.91,-0.6655756944444444,-0.10461180555555556,20,-0.4893885416666667,0.5609638888888888,1.5755756944444443
GLD000000129373,5.22086836,52.13152491,3.5,1992-01-14,2020-12-31,35945,1.40603644456809,19.986756248022267,4.25,0.9525694444444445,1.5826420454545456,22,1.452376893939394,0.6300726010101011,3.2974305555555556
GLD000000129374,5.22086836,52.13152491,3.5,2021-01-01,2026-07-21,10358,1.6146151766750338,,4.25,1.2768333333333333,2.173861111111111,3,1.8903020833333333,0.8970277777777778,2.9731666666666667
GLD000000129376,5.14000606,52.1332976,2.05,1981-05-19,2020-12-31,20334,-0.3690964886397168,-0.7267035072905299,0.622,-0.4436810897435897,-0.21381891025641023,26,-0.3568489583333333,0.2298621794871795,1.0656810897435898
GLD000000130098,4.99134071,52.07840681,1.74,1964-01-28,2020-12-31,20635,-1.7225674339714079,-6.485719716961507,-1.059,-1.8045700000000002,-1.4295983333333333,25,-1.560745,0.3749716666666669,0.7455700000000003
GLD000000130158,5.202445991,52.136422922,5.71,1956-03-28,2020-12-31,36521,1.7377796883984558,-3.94877551554739,3.46,1.4032075163398694,2.013157679738562,17,1.8599227941176468,0.6099501633986926,2.0567924836601303
GLD000000130159,5.202445991,52.136422922,5.71,2021-01-01,2025-10-21,14028,1.8681770744225834,34.787897314936274,3.46,1.5646666666666664,2.3317604166666666,4,2.0837421875,0.7670937500000001,1.8953333333333335
GLD000000130163,5.21932214,52.13101938,3.5,1992-01-14,2020-12-31,35098,1.410813294204798,17.108729786727785,4.05,1.0103454184704186,1.6111281565656563,22,1.4702807765151518,0.6007827380952377,3.0396545815295815
GLD000000130164,5.21932214,52.13101938,3.5,2021-01-01,2026-07-21,4883,2.045590620520172,,4.05,1.6601666666666668,2.2624583333333335,1,2.197875,0.6022916666666667,2.389833333333333
GLD000000131079,5.18913737,52.10719899,7.0,1971-06-02,2020-12-31,19660,1.347873499491353,6.300465599876899,2.519,1.1910906862745096,1.5468872549019608,17,1.406688112745098,0.3557965686274511,1.3279093137254905
GLD000000132529,5.1886578,52.06199916,5.0,2021-01-01,2026-08-10,11983,0.9280299591087373,-36.43308680953124,2.51,0.6975937500000001,1.2651041666666667,4,0.9401640625,0.5675104166666666,1.8124062499999996
GLD000000132699,5.1886578,52.06199916,5.0,1999-08-26,2020-12-31,32014,0.8419637346161055,-2.8043606330908797,2.51,0.6531901041666667,1.2013689236111111,16,0.911533203125,0.5481788194444445,1.856809895833333
GLD000000132731,5.02079416,52.08541386,1.11,2007-01-30,2020-12-31,19201,-0.7008457372011874,21.60338525243568,0.83,-0.8474444444444446,-0.6072291666666666,12,-0.7763168402777779,0.24021527777777796,1.6774444444444445
GLD000000143030,4.947512602,52.097458042,2.0,2025-05-08,2026-08-13,15615,-1.159353186039065,,0.491,-1.2404166666666667,-0.9242222222222223,1,-1.1593541666666667,0.31619444444444444,1.7314166666666666
GLD000000143031,4.969637318,52.087842034,3.31,2025-06-19,2026-08-13,7190,-1.4543012517385256,,-0.68,-1.5077777777777779,-1.346607142857143,1,-1.4442916666666665,0.161170634920635,0.8277777777777778
GLD000000143035,4.964333045,52.096994276,2.49,2025-05-08,2026-08-13,15607,-1.0270900877811238,,0.952,-1.1604722222222223,-0.761465579710145,1,-1.012125,0.3990066425120774,2.1124722222222223
GLD000000143266,5.026693156,52.137374198,2.12,2016-07-14,2026-08-06,13218,-1.213543274322893,,-0.57,-1.3059444444444444,-1.1380277777777776,1,-1.2152708333333333,0.16791666666666671,0.7359444444444444
GLD000000143269,5.039069281,52.1387236,2.38,2020-04-14,2026-08-10,13313,-0.17258236310373318,,1.24,-0.6827777777777778,0.23166666666666666,1,-0.107,0.9144444444444445,1.9227777777777777
GLD000000143271,5.012341094,52.140079844,1.03,2016-07-14,2026-08-06,13217,-1.4631510176288114,,-0.546,-1.5706944444444446,-1.25,1,-1.4578125,0.3206944444444446,1.0246944444444446
GLD000000143272,5.030678676,52.126654545,1.19,2016-08-26,2026-08-06,13218,-1.2734724617945228,,-0.6,-1.5115833333333333,-0.9648611111111111,1,-1.2309687500000002,0.5467222222222222,0.9115833333333333
GLD000000143275,5.059083842,52.126431317,2.98,2016-07-14,2026-08-10,13314,-0.43833190626408297,,1.254,-0.4709027777777777,-0.35805555555555557,1,-0.42712500000000003,0.11284722222222215,1.7249027777777777
GLD000000143278,4.953075034,52.147822198,1.05,2016-07-14,2026-08-03,13145,-2.1197514644351467,,-1.659,-2.2673888888888887,-1.835416666666667,1,-2.0684375,0.43197222222222176,0.6083888888888886
GLD000000143279,5.034948271,52.138945066,2.27,2016-07-14,2026-08-10,13312,-0.4466671424278846,,0.516,-0.6136944444444444,-0.1936111111111111,1,-0.4048229166666667,0.42008333333333336,1.1296944444444446
GLD000000143280,5.0682196,52.143632545,2.66,2020-03-09,2026-08-06,13216,-1.5051153147699758,,-0.854,-1.6053472222222223,-1.2656944444444445,1,-1.5076666666666667,0.3396527777777778,0.7513472222222223
GLD000000143283,5.041633158,52.139629939,0.1,2024-02-26,2026-08-10,13331,0.29151211462005844,,1.401,0.284,0.355,1,0.2894583333333333,0.07100000000000001,1.117
GLD000000143285,5.017913083,52.130462196,1.51,2016-07-14,2026-08-06,13218,-1.6075809502193978,,-0.498,-1.7016388888888887,-1.4583333333333333,1,-1.6107708333333335,0.24330555555555544,1.2036388888888887
GLD000000143287,5.041183987,52.148589714,2.13,2016-07-14,2026-08-10,13312,-0.8545307992788462,,0.174,-1.100097222222222,-0.39944444444444444,1,-0.8719270833333334,0.7006527777777776,1.274097222222222
GLD000000143288,4.949221282,52.148967422,2.12,2016-09-05,2026-08-03,13145,-2.0235725370863444,,-1.305,-2.0960972222222223,-1.8994444444444445,1,-2.0643645833333335,0.1966527777777778,0.7910972222222223
GLD000000143289,5.067505381,52.127065609,2.05,2019-11-27,2026-08-10,13314,-0.37349248910920835,,0.686,-0.5163888888888889,-0.07486111111111111,1,-0.37320833333333336,0.4415277777777778,1.202388888888889
GLD000000143332,5.050382461,52.143591994,2.5,2016-07-14,2026-08-10,13314,-1.2499514796454858,,-0.089,-1.3816249999999999,-0.9759722222222221,1,-1.2630208333333335,0.40565277777777775,1.292625
GLD000000143337,5.079426926,52.139051417,1.7,2020-03-09,2026-08-06,13215,-1.1079293227393112,,-0.034,-1.202625,-0.8319444444444444,1,-1.114625,0.3706805555555557,1.168625
GLD000000143338,4.950916041,52.151966724,2.56,2016-07-14,2026-08-03,13146,-2.0554643237486685,,-1.15,-2.117125,-1.992638888888889,1,-2.06425,0.12448611111111108,0.9671250000000002
GLD000000143339,5.056664813,52.135619364,2.45,2016-07-14,2026-08-10,13314,-0.8319283461018475,,0.063,-0.9195277777777778,-0.625,1,-0.8224895833333334,0.29452777777777783,0.9825277777777779
GLD000000143340,4.949227736,52.146819297,1.32,2016-07-14,2026-08-03,13145,-0.5431483453784709,,-0.106,-0.6710138888888889,-0.3640277777777778,1,-0.5205,0.3069861111111111,0.5650138888888889
GLD000000143343,5.039999279,52.144991015,2.94,2024-02-27,2026-08-19,13530,-1.0682682926829268,,0.609,-1.2125555555555556,-0.6215277777777778,1,-1.0892916666666668,0.5910277777777778,1.8215555555555556
GLD000000143347,4.95158155,52.045334327,1.39,2025-05-12,2026-08-14,8603,0.2396809252586307,,1.485,0.04167261904761905,0.481771568627451,1,,0.440098949579832,1.443327380952381
GLD000000143349,4.95582395,52.036836557,1.19,2025-05-12,2026-08-14,11001,-1.0787660212707935,,-0.28,-1.4019444444444444,-0.795292380952381,1,-1.0129791666666668,0.6066520634920635,1.1219444444444444
GLD000000143351,4.948300754,52.039951146,2.0,2025-05-12,2026-08-14,11000,-1.4504455454545455,,0.002,-1.6060416666666668,-1.1474305555555555,1,-1.3641041666666667,0.4586111111111113,1.6080416666666668
GLD000000143353,4.954762558,52.045992657,0.97,2025-05-12,2026-08-13,10632,-0.5669170428893905,,0.16,-0.7543888888888889,-0.2838055555555556,1,-0.47616666666666674,0.4705833333333333,0.9143888888888889
GLD000000143356,4.956262173,52.044273671,1.3,2025-05-12,2026-08-14,9141,-1.2109657586697298,,-0.133,-1.3830277777777777,-0.9627500000000001,1,,0.42027777777777764,1.2500277777777777
GLD000000149687,5.092685159,52.096351593,1.35,2023-12-08,2026-06-01,744,0.6258024193548387,,2.062,0.5677777777777777,0.6864722222222223,1,,0.11869444444444455,1.4942222222222221
GLD000000149688,5.092749049,52.09684394,2.2,2023-12-08,2026-06-01,720,1.6063,,3.803,1.505627415458937,1.6860833333333332,1,,0.18045591787439608,2.297372584541063
GLD000000149689,5.067976471,52.080436158,1.0,2025-02-11,2026-06-01,630,-0.19789523809523812,,0.537,-0.28308513708513705,-0.07473611111111111,1,,0.20834902597402594,0.8200851370851371
GLD000000149691,5.092724908,52.096409755,1.27,2023-12-08,2026-06-01,721,0.30594452149791956,,1.912,0.2690839371980676,0.3223611111111111,1,,0.053277173913043485,1.6429160628019324
GLD000000149692,5.116132915,52.072407084,1.7,2023-12-11,2026-06-01,744,0.6110954301075269,,1.874,0.6028472222222222,0.6215833333333333,1,,0.018736111111111065,1.271152777777778
GLD000000149693,5.109558143,52.084594633,5.0,2021-04-22,2026-06-01,722,0.14395013850415514,,2.383,0.09940277777777778,0.20695833333333336,1,,0.10755555555555557,2.2835972222222223
GLD000000149694,5.116162842,52.072450925,1.6,2023-12-11,2026-06-01,744,0.5980551075268817,,1.963,0.5892499999999999,0.6058055555555555,1,,0.016555555555555546,1.3737500000000002
GLD000000149695,5.130296822,52.115468242,2.0,2025-04-07,2026-06-01,744,-0.07336693548387097,,1.74,-0.09802777777777778,-0.059597222222222225,1,,0.03843055555555556,1.8380277777777778
GLD000000149706,5.10059993,52.075723391,4.0,2021-04-22,2026-06-01,745,-0.26648322147651005,,1.801,-0.37684722222222217,-0.18141666666666667,1,,0.1954305555555555,2.1778472222222223
GLD000000149707,5.111885587,52.081729116,3.7,2021-05-27,2026-06-01,746,0.23921447721179626,,2.084,0.2202777777777778,0.26069764957264957,1,,0.040419871794871776,1.8637222222222223
GLD000000149708,5.135336218,52.103760435,2.0,2023-07-06,2026-06-01,744,0.13244489247311828,,1.795,0.09436111111111112,0.16098611111111108,1,,0.06662499999999996,1.7006388888888888
GLD000000149726,5.130657718,52.115953125,2.8,2025-04-07,2026-06-01,744,-0.07954569892473116,,1.87,-0.1059722222222222,-0.0653611111111111,1,,0.0406111111111111,1.9759722222222222
GLD000000149727,5.14390993,52.09223915,0.42,2022-03-29,2026-06-01,744,0.7741706989247311,,2.08,0.7734444444444445,0.7750555555555555,1,,0.0016111111111110077,1.3065555555555557
GLD000000149728,5.10435129,52.07556805,5.08,2021-05-04,2026-06-01,744,-0.32287231182795695,,1.91,-0.3824027777777777,-0.28998611111111106,1,,0.09241666666666665,2.292402777777778
GLD000000149729,5.100531205,52.076319044,3.0,2021-04-22,2026-06-01,720,-0.3164277777777778,,1.877,-0.4195972222222222,-0.23273490338164252,1,,0.18686231884057966,2.296597222222222
GLD000000149730,5.009391255,52.10527684,0.24,2022-03-28,2026-06-01,744,0.015375000000000003,,0.869,0.0135,0.016847222222222225,1,,0.0033472222222222254,0.8555
GLD000000149731,5.103077472,52.072184754,1.4,2023-12-14,2026-05-28,508,0.5631712598425197,,1.759,-0.48770370370370375,0.6357159090909091,1,,1.123419612794613,2.2467037037037034
GLD000000149732,5.110335463,52.083440684,3.7,2021-04-22,2026-06-01,720,0.29256805555555554,,2.167,0.2780416666666667,0.3145,1,,0.036458333333333315,1.888958333333333
GLD000000149733,5.125975527,52.07136051,1.2,2023-11-06,2026-06-01,720,0.4154458333333333,,1.772,0.3865138888888889,0.4343333333333333,1,,0.047819444444444414,1.3854861111111112
GLD000000149735,5.103097633,52.072294367,1.2,2023-12-11,2026-06-01,589,0.3063259762308998,,1.5,0.2702916666666667,0.3525416666666667,1,,0.08224999999999999,1.2297083333333334
GLD000000002517,4.95232424,52.11688243,1.09,2003-06-12,2025-05-20,20268,-1.844650631537399,-2.4138914425995903,-1.15,-1.9613500000000001,-1.675312037037037,15,-1.7911826388888887,0.28603796296296324,0.8113500000000002
GLD000000014780,5.193892478,52.064100285,3.09,2016-09-09,2026-09-05,31291,0.898439487392541,,3.06,0.6730648148148148,1.221111111111111,3,0.9172746212121212,0.5480462962962962,2.386935185185185
GLD000000014784,5.207051392,52.066440073,6.9,2016-09-09,2026-09-11,8280,0.8228489130434783,,2.8,0.7389583333333333,0.9616805555555555,1,0.8339583333333332,0.22272222222222227,2.0610416666666667
GLD000000143350,4.954067013,52.049977635,2.5,2025-05-12,2026-09-11,10088,-1.3856142942109437,,0.693,-1.6106500000000004,-1.0248055555555555,1,-1.2623333333333333,0.5858444444444448,2.30365
GLD000000014663,5.161909919,52.026895777,4.07,2012-06-21,2026-09-13,33845,0.6069266361353228,35.705847115974294,3.32,0.3750590277777778,0.886173611111111,4,0.7141510416666667,0.5111145833333333,2.944940972222222
GLD000000014667,5.146369092,52.033884741,2.08,2012-06-21,2026-09-13,34402,0.21402427184466016,-0.9580313073851939,2.23,-0.27034375,0.4654895833333334,4,0.30316145833333336,0.7358333333333333,2.50034375
GLD000000014671,5.174762856,52.020421261,2.02,2012-06-20,2026-09-13,31877,1.0727500705838067,7.186722141473179,2.16,0.8422152777777778,1.238079861111111,4,1.1150824652777778,0.3958645833333332,1.3177847222222223
GLD000000014674,5.181739235,52.024037885,2.16,2012-06-20,2026-09-13,34628,0.8998757363982903,84.78094207021459,2.405,0.6158750000000001,1.2315347222222222,4,1.052016571969697,0.6156597222222221,1.7891249999999999
GLD000000014679,5.197125718,52.020423557,2.07,2012-06-20,2026-09-13,34700,2.091579106628242,68.98284882702238,3.01,1.7371458333333334,2.400576388888889,4,2.233435369318182,0.6634305555555557,1.2728541666666664
GLD000000014777,5.242607714,52.02083881,2.76,2020-08-12,2026-09-13,34106,2.328004486014191,13.33759230434684,3.76,1.912576388888889,2.8237559974747475,4,2.375859611742424,0.9111796085858586,1.8474236111111109
GLD000000014778,5.194541112,52.072639968,3.1,2016-08-25,2026-09-13,34508,0.7896818129129477,24.874949155065607,2.5,0.6922361111111112,0.9324965277777777,4,0.7974945549242424,0.24026041666666653,1.8077638888888887
GLD000000014779,5.19701879,52.069650986,3.2,2016-08-25,2026-09-13,34532,0.8181246090582648,47.60694272819912,2.82,0.6897083333333334,1.008420138888889,4,0.8464921875000001,0.31871180555555556,2.1302916666666665
GLD000000014781,5.193892478,52.064100285,7.12,2016-12-16,2026-09-13,34436,0.9012476768498083,49.31772585052471,3.06,0.6975416666666667,1.1855312500000001,4,0.950430634469697,0.4879895833333334,2.3624583333333335
GLD000000014782,5.188796563,52.065565846,3.71,2016-08-25,2026-09-13,34604,-0.06743535429430127,-548.6778808610204,3.09,-0.5686770833333332,0.08506944444444448,4,-0.3985080492424242,0.6537465277777776,3.658677083333333
GLD000000014785,5.187559142,52.068350042,2.68,2016-08-25,2026-09-13,34508,0.8008974150921525,46.336944339095744,2.44,0.6065902777777779,1.0684097222222222,4,0.8365303030303031,0.46181944444444434,1.833409722222222
GLD000000014786,5.188916352,52.071444214,2.65,2016-08-25,2026-09-13,34460,0.779727713290772,40.80302114275236,2.21,0.6365659722222222,0.97065625,4,0.795536221590909,0.3340902777777778,1.5734340277777776
GLD000000014787,5.192450809,52.070335598,2.72,2016-08-25,2026-09-11,25080,0.7811873205741626,,2.37,0.6823194444444445,1.185939814814815,3,0.8787651515151516,0.5036203703703706,1.6876805555555556
GLD000000014789,5.202962443,52.064240663,2.61,2016-08-25,2026-09-13,33788,1.0616083520776607,44.70241375779156,2.71,0.8945763888888888,1.296236111111111,4,1.092090909090909,0.4016597222222221,1.815423611111111
GLD000000014790,5.207051392,52.066440073,2.82,2016-09-09,2026-09-13,10633,0.7956763848396501,,2.8,0.7159444444444444,0.9430138888888889,1,0.7879734848484848,0.22706944444444455,2.0840555555555556
GLD000000014791,5.210847755,52.065268394,2.66,2016-09-09,2026-09-13,34580,0.8943093984962406,20.006956048821866,2.42,0.8045937499999999,1.024548611111111,4,0.8947684659090909,0.21995486111111118,1.61540625
GLD000000014792,5.208902561,52.063018456,2.96,2016-08-25,2026-09-13,34724,0.9309500057597051,37.16465696615619,3.53,0.7837048611111112,1.1428715277777777,4,0.9465894886363635,0.3591666666666665,2.7462951388888888
GLD000000014793,5.24606195,52.02501349,2.91,2020-02-28,2026-09-13,34652,1.2076144234099042,56.30573853640042,4.239,1.0183194444444443,1.4688020833333333,4,1.2613390151515151,0.45048263888888895,3.2206805555555555
GLD000000014794,5.239623096,52.024664042,0.95,2020-02-28,2026-09-13,34652,2.3760455962137828,56.768450988541204,3.13,2.055427083333333,2.606267361111111,4,2.4166671401515147,0.5508402777777781,1.0745729166666669
GLD000000014795,5.197605638,52.06539161,3.22,2016-08-25,2026-09-13,28892,0.9018655337117542,56.01616237815246,2.99,0.7436157407407408,1.1255787037037035,3,0.9497907196969696,0.3819629629629627,2.2463842592592593
GLD000000014796,5.243781574,52.022781681,1.04,2020-02-28,2026-09-13,34484,2.1604153520473264,56.76992042245077,3.14,1.6614062499999998,2.5346111111111114,4,2.277510179924242,0.8732048611111116,1.4785937500000004
GLD000000014798,5.242156519,52.020703433,2.15,2020-02-28,2026-09-13,34556,2.0552159682833664,75.13444995105718,3.23,1.8025590277777779,2.3865381944444444,4,2.1329067234848487,0.5839791666666665,1.427440972222222
GLD000000014799,5.241155139,52.023991847,1.21,2020-02-28,2026-09-13,34676,2.425633348713808,84.82929555560628,3.21,2.009375,2.735413194444444,4,2.5216017992424242,0.7260381944444441,1.200625
GLD000000014800,5.241272428,52.023767289,1.08,2020-02-28,2026-09-13,34580,2.102943088490457,70.43259434645985,3.43,1.68303125,2.406137626262626,4,2.1851822916666666,0.723106376262626,1.7469687500000002
GLD000000025623,5.123041966,52.149349522,2.88,2012-06-11,2026-09-13,33586,-1.5373595843506225,5.42275122021163,0.3,-1.6036180555555555,-1.4495672348484847,4,-1.5390729166666666,0.15405082070707077,1.9036180555555555
GLD000000025624,5.149154485,52.124040692,2.7,2012-06-12,2026-09-13,32147,0.1937652347030827,14.121303979973149,1.89,0.07449305555555556,0.34140751262626257,4,0.1635390625,0.266914457070707,1.8155069444444443
GLD000000025626,5.177527919,52.151885687,3.48,2012-06-11,2026-09-13,33586,1.019960846781397,79.68345557633174,2.1,0.7610902777777778,1.2923020833333334,4,1.0868984375,0.5312118055555556,1.3389097222222222
GLD000000025627,5.169423445,52.153875344,3.72,2012-06-11,2026-09-13,33514,0.7846109685504564,48.95345655191812,2.19,0.6068472222222222,0.9467847222222223,4,0.8042447916666666,0.3399375000000001,1.5831527777777779
GLD000000025629,5.157999394,52.124849147,2.26,2012-06-12,2026-09-13,33418,0.5124761805015261,38.6010160693158,1.47,0.2903263888888889,0.7308175505050505,4,0.5207630208333334,0.4404911616161616,1.179673611111111
GLD000000025631,5.177556161,52.155211321,2.19,2012-06-11,2026-09-13,33586,0.9212687429286011,65.06779209014469,2.34,0.6964166666666667,1.1632222222222222,4,0.9631119791666667,0.4668055555555555,1.6435833333333332
GLD000000025632,5.169591395,52.158396648,2.02,2012-10-18,2026-09-13,33586,0.5879922586792116,10.283783600885178,1.94,0.4875959595959596,0.6804270833333332,4,0.5931614583333333,0.19283112373737366,1.4524040404040404
GLD000000025633,5.183094071,52.110442382,2.63,2012-06-12,2026-09-13,33418,1.277433030103537,75.95016521614325,2.56,1.0137916666666666,1.5483993055555556,4,1.3574401041666666,0.534607638888889,1.5462083333333334
GLD000000025635,5.177989211,52.112617537,2.68,2012-06-12,2026-09-13,33562,1.2461217448304631,67.9654203583878,2.43,0.9958541666666667,1.487378472222222,4,1.3215989583333332,0.4915243055555554,1.4341458333333335
GLD000000025636,5.179915371,52.119110343,2.82,2012-06-12,2026-09-13,33418,1.1950879166916033,66.8453981335067,2.63,0.9147534722222223,1.4733437500000002,4,1.2847552083333333,0.5585902777777779,1.7152465277777775
GLD000000025637,5.195302586,52.122992288,2.87,2012-06-12,2026-09-11,33562,1.611386717120553,136.3532282087814,3.68,1.3066388888888887,1.9740624999999998,4,1.7897265625,0.6674236111111111,2.3733611111111115
GLD000000025638,5.189682469,52.129229732,2.75,2012-06-12,2026-09-13,33610,1.4993208866408807,123.15029308081975,2.87,1.17171875,1.8558888888888891,4,1.6660885416666669,0.6841701388888892,1.6982812500000002
GLD000000025639,5.181463233,52.115895318,2.93,2012-06-12,2026-09-13,33154,1.2180914218495507,86.53013835816404,2.65,0.9474965277777779,1.5012604166666668,4,1.3188567708333334,0.5537638888888888,1.7025034722222219
GLD000000025640,5.197401378,52.120470035,4.07,2013-11-19,2026-09-13,33130,1.6057823724720799,143.43164077397904,3.92,1.3016874999999999,1.9843819444444444,4,1.801880208333333,0.6826944444444445,2.6183125
GLD000000025643,5.21428133,52.127803342,3.6,2012-06-11,2026-09-13,33154,2.058152651263799,184.1470332604383,4.35,1.7407986111111111,2.5103368055555557,4,2.3493125,0.7695381944444446,2.6092013888888888
GLD000000025644,5.215045938,52.13404219,4.81,2012-06-11,2026-09-13,33466,2.1320599414330963,184.86302496048614,5.83,1.8034166666666667,2.587263888888889,4,2.416640625,0.7838472222222221,4.026583333333333
GLD000000025645,5.171578969,52.10685363,2.34,2020-06-03,2026-09-13,33442,0.9071586926619222,48.130908642038314,1.95,0.7001483585858586,1.105857638888889,4,0.9373359375000001,0.40570928030303044,1.2498516414141414
GLD000000025646,5.176118303,52.041959177,2.27,2012-06-11,2026-09-13,30549,1.0876021473697992,2.9042268824393047,2.2,0.8599895833333333,1.3302916666666667,4,1.1962421874999998,0.47030208333333334,1.3400104166666669
GLD000000026751,4.989837237,52.15409951,2.16,2012-10-30,2026-09-13,33644,-1.7724034597550826,5.263390627840808,-1.38,-1.8216613828502417,-1.719041351010101,4,-1.7839010416666667,0.10262003184014068,0.4416613828502418
GLD000000026755,4.97971045,52.075634782,1.94,2012-10-31,2026-09-13,33721,-1.7442661546217493,13.90835310975715,-1.35,-2.0247073863636365,-1.5078065025252525,4,-1.716761600378788,0.516900883838384,0.6747073863636364
GLD000000026756,4.990983685,52.100615267,1.86,2012-10-31,2026-09-13,33788,-0.541960844086658,-7.184877608814654,0.28,-0.6741736111111112,-0.3402474747474748,4,-0.5287848011363636,0.3339261363636364,0.9541736111111112
GLD000000026764,4.986514432,52.131941684,2.03,2012-10-31,2026-09-13,33860,-1.130072622563497,-19.6437475397536,-0.75,-1.7458993055555556,-0.7128753156565656,4,-1.0033541666666668,1.03302398989899,0.9958993055555556
GLD000000026766,5.147354904,52.051179822,1.07,2012-10-30,2026-09-13,33812,0.8811420797350052,14.936353992041946,1.33,0.2872048611111111,1.3667326388888887,4,1.0210963541666667,1.0795277777777776,1.042795138888889
GLD000000026767,5.204650796,52.082920404,3.71,2012-10-30,2026-09-13,33740,1.1608065204505038,5.699074690094465,1.89,1.0240902777777778,1.3401326992753624,4,1.1809337121212122,0.31604242149758455,0.8659097222222221
GLD000000026768,5.240564392,52.066504613,3.14,2012-10-30,2026-09-13,33020,1.8027725923682616,17.615703159574977,2.94,1.6015833333333334,2.0580893719806763,4,1.8406562499999999,0.45650603864734296,1.3384166666666666
GLD000000026769,5.063504988,52.044220401,2.19,2012-11-01,2026-09-13,33860,-0.5935844063792085,3.1496356001544785,0.37,-0.8616458333333332,-0.3324820350241546,4,-0.5550625,0.5291637983091786,1.2316458333333333
GLD000000025621,5.125005099,52.150935798,2.35,2012-06-11,2026-09-13,30298,-0.6000723810152486,,0.75,-0.6850925925925925,-0.4905749158249159,3,-0.6051597222222224,0.19451767676767656,1.4350925925925924
GLD000000025641,5.206658389,52.14224474,3.21,2015-11-17,2026-09-13,32842,1.985127306497777,168.49153411810755,4.01,1.6151006944444446,2.3819375000000003,4,2.224859375,0.7668368055555557,2.394899305555555
GLD000000025642,5.206658724,52.134919455,3.17,2020-06-03,2026-09-13,32818,2.0192174416478768,162.77000335083187,3.85,1.6814965277777776,2.416142361111111,4,2.2481510416666666,0.7346458333333334,2.1685034722222225
GLD000000025634,5.179818756,52.102149663,2.48,2012-06-12,2026-09-13,33178,1.2567116764120803,35.93003108827876,2.85,1.041539457070707,1.4845022095959595,4,1.3062161458333332,0.4429627525252524,1.808460542929293
GLD000000070987,5.056378912,52.026215311,2.11,2015-07-07,2026-09-13,33733,-0.2861770669670649,-16.25040720497955,0.54,-0.4235787037037037,-0.1907777777777778,3,-0.25680555555555556,0.2328009259259259,0.9635787037037038
GLD000000070990,5.029892245,52.024052689,1.74,2015-07-07,2026-09-13,33452,-0.4028777651560445,-81.87070275269961,0.38,-0.7607685185185186,-0.06183333333333333,3,-0.3312916666666667,0.6989351851851853,1.1407685185185186
GLD000000070991,5.040262432,52.024515125,2.05,2015-07-07,2026-09-13,33139,0.27561163583692927,-65.77779711689047,1.55,-0.2933333333333333,0.7708055555555555,3,0.2900069444444444,1.0641388888888887,1.8433333333333333
GLD000000070993,5.042736156,52.028719866,2.89,2015-07-07,2026-09-13,33732,-0.4367591604411241,-23.533792107082835,2.19,-0.6404212962962963,-0.16556481481481483,3,-0.4013506944444445,0.47485648148148146,2.8304212962962962
GLD000000071048,5.048886824,52.024657055,2.72,2022-05-16,2026-09-13,21725,-0.3256194706559264,,1.372,-0.5526319444444445,-0.028083333333333328,2,-0.21616666666666667,0.5245486111111112,1.9246319444444446
GLD000000071050,5.034517507,52.026915887,2.8,2022-05-16,2026-09-13,21678,-0.5050466832733647,,1.34,-0.7500694444444445,-0.14323611111111112,2,-0.375,0.6068333333333333,2.0900694444444445
GLD000000071052,5.039979657,52.021521222,3.13,2022-05-16,2026-09-13,21679,-0.417030029060381,,1.674,-0.7111875,-0.025937499999999992,2,-0.28412499999999996,0.68525,2.3851875
GLD000000071054,5.055546138,52.022581744,2.46,2022-05-16,2026-09-13,21880,-0.29985882084095067,,1.395,-0.5179375,-0.008972222222222222,2,-0.193453125,0.5089652777777778,1.9129375
GLD000000071056,5.03369628,52.022041822,2.1,2022-05-16,2026-09-13,21677,-0.04645721271393643,,0.604,-0.32916666666666666,0.21916666666666668,2,0.09106770833333333,0.5483333333333333,0.9331666666666667
GLD000000071059,5.04714537,52.03142014,2.2,2022-05-16,2026-09-13,21725,-0.0914595166858458,,0.328,-0.3587638888888889,0.19224305555555554,2,0.055593750000000004,0.5510069444444444,0.686763888888889
GLD000000096080,5.241913486,52.089979603,2.96,2024-09-13,2026-09-13,19942,2.34487543877244,,5.024,2.0792083333333333,2.4512222222222224,1,2.4286875,0.3720138888888891,2.9447916666666667
GLD000000096081,5.237759508,52.087216951,2.96,2024-09-13,2026-09-13,18609,2.2516666666666665,,4.815,1.8926501547987618,2.349795634920635,1,2.318861111111111,0.4571454801218733,2.9223498452012384
GLD000000096082,5.22321332,52.077175549,2.01,2023-12-29,2026-09-13,19009,1.4477442264190645,,2.853,1.3430972222222222,1.6576805555555556,1,1.477298611111111,0.31458333333333344,1.509902777777778
GLD000000096083,5.228071013,52.080614933,2.07,2023-12-29,2026-09-13,19937,1.6796381100466469,,3.207,1.5556666666666665,1.8704305555555554,1,1.7120937500000002,0.31476388888888884,1.6513333333333333
GLD000000096084,5.215643092,52.080888758,2.02,2023-12-29,2026-09-13,14186,1.3651084167489074,,2.907,1.2448095238095238,1.5292203703703704,1,1.3870336004273502,0.2844108465608466,1.6621904761904762
GLD000000096085,5.215142076,52.093388491,2.05,2023-12-29,2026-09-13,19943,1.6788155743870032,,3.862,1.5135833333333333,1.8715277777777777,1,1.7311354166666668,0.3579444444444444,2.348416666666667
GLD000000096086,5.232833024,52.083671369,1.01,2023-12-29,2026-09-13,18795,2.0959542431497744,,3.095,1.8091388888888889,2.494861111111111,1,2.1503993055555553,0.6857222222222223,1.2858611111111113
GLD000000096087,5.208871102,52.084898219,1.04,2024-01-02,2026-09-13,19290,1.5429201140487299,,2.648,1.1812916666666666,2.188388888888889,1,1.6396839772727274,1.0070972222222223,1.4667083333333335
GLD000000096088,5.226136498,52.090659837,2.98,2024-09-13,2026-09-13,19422,1.932463546493667,,4.496,1.7384722222222224,2.071861111111111,1,1.995648148148148,0.33338888888888873,2.757527777777778
GLD000000096089,5.218040987,52.098645032,2.97,2024-09-13,2026-09-13,19937,1.8939497416863122,,5.038,1.6685138888888889,2.0183194444444443,1,1.969760416666667,0.3498055555555555,3.3694861111111116
GLD000000096094,5.222427151,52.088566683,2.02,2023-12-29,2026-09-13,19936,1.7585578350722313,,2.879,1.6011666666666668,1.9381527777777776,1,1.8052638888888888,0.33698611111111076,1.2778333333333332
GLD000000096095,5.24400763,52.083001438,3.01,2024-09-13,2026-09-13,18540,2.488621467098166,,4.889,2.2423055555555553,2.5981111111111113,1,2.5597407738095237,0.35580555555555593,2.646694444444445
GLD000000096096,5.232897742,52.091942423,2.92,2024-09-13,2026-09-13,19813,2.123079695149649,,4.495,1.8880555555555556,2.2366805555555556,1,2.195076388888889,0.34862499999999996,2.6069444444444443
GLD000000096097,5.215975547,52.08588694,1.99,2023-12-29,2026-09-13,19936,1.5485486055377207,,2.859,1.3828333333333334,1.8304166666666666,1,1.581309027777778,0.4475833333333332,1.4761666666666666
GLD000000096098,5.212671334,52.084021744,0.99,2024-01-02,2026-09-13,19935,1.50128527715074,,2.769,1.288125,2.040027777777778,1,1.5181597222222223,0.751902777777778,1.4808750000000002
GLD000000096099,5.226519463,52.101451314,2.88,2024-09-13,2026-09-13,19941,2.019298530665463,,4.446,1.7743472222222223,2.120648148148148,1,2.099208333333333,0.34630092592592576,2.671652777777777
GLD000000096100,5.247918197,52.092954096,4.11,2024-09-13,2026-09-13,19938,2.571286989667971,,5.683,2.253972222222222,2.697620370370371,1,2.672496527777778,0.4436481481481489,3.429027777777778
GLD000000096101,5.231553731,52.095116035,3.02,2024-09-13,2026-09-13,19620,2.100512742099898,,4.557,1.8492083333333333,2.2120416666666665,1,2.1803645833333336,0.3628333333333331,2.707791666666667
GLD000000096103,5.246403884,52.077527658,2.87,2024-09-13,2026-09-13,19940,2.394482698094283,,4.402,2.1703611111111107,2.558027777777778,1,2.4586277173913045,0.38766666666666705,2.2316388888888894
GLD000000136552,5.126337503,52.148932255,2.14,2025-08-13,2026-09-13,9341,-0.6745412696713413,,0.557,-0.7360138888888889,-0.5492916666666666,1,-0.7161666666666666,0.18672222222222223,1.293013888888889
GLD000000136553,5.157777635,52.098324881,2.1,2025-08-13,2026-09-13,9113,0.45763908701854494,,1.16,0.4252777777777778,0.574625,1,0.4775208333333334,0.14934722222222224,0.734722222222222
GLD000000143246,5.24624834,52.08620433,1.9,2012-06-12,2026-09-13,11019,2.602640983755332,,4.76,2.611736111111111,2.672819444444444,1,2.6204583333333336,0.061083333333332934,2.1482638888888888
GLD000000143247,5.22065632,52.07862989,1.97,2012-06-12,2026-09-13,11503,1.4223735547248546,,2.87,1.3044722222222223,1.684152777777778,1,1.5077916666666664,0.3796805555555558,1.5655277777777779
GLD000000143248,5.23554097,52.07277188,1.46,2012-04-18,2026-09-13,10881,1.6641936402904145,,2.9,1.5466388888888887,1.9245694444444446,1,1.7567500000000003,0.3779305555555559,1.3533611111111112
GLD000000143249,5.24337352,52.09546751,4.86,2012-06-12,2026-09-13,11505,2.1702046066927423,,6.37,2.0090833333333333,2.4195555555555557,1,2.4092916666666664,0.41047222222222235,4.360916666666666
GLD000000143251,5.23787697,52.09395066,4.01,2012-06-12,2026-09-13,10568,1.9919772899318697,,5.18,1.8543333333333332,2.237592777777778,1,2.2348333333333334,0.3832594444444448,3.3256666666666668
GLD000000143274,5.043933062,52.133075362,2.01,2024-02-26,2026-09-13,12527,-0.1936856390197174,,1.014,-0.6277916666666666,0.2854166666666667,1,-0.2815625,0.9132083333333334,1.6417916666666668
GLD000000143293,5.041633228,52.139620951,3.38,2016-08-26,2026-09-13,13129,-0.8175179373905095,,1.385,-0.9094861111111111,-0.6847777777777778,1,-0.8732187499999999,0.2247083333333333,2.294486111111111
GLD000000143328,5.012284852,52.132853258,3.51,2024-02-26,2026-09-13,14161,-1.5121338182331756,,-0.828,-1.614625,-1.3190277777777777,1,-1.4932083333333335,0.2955972222222223,0.786625
GLD000000143342,4.954985787,52.149662776,3.3,2016-07-14,2026-09-13,12844,-1.9280052164434756,,-1.208,-1.9735277777777778,-1.8988888888888888,1,-1.9565833333333336,0.07463888888888892,0.7655277777777778
GLD000000143352,4.951419694,52.048783858,2.97,2025-05-12,2026-09-13,10801,-1.4311077677992778,,1.258,-1.6323333333333332,-1.068888888888889,1,-1.3215625,0.5634444444444442,2.8903333333333334
GLD000000026754,4.950677842,52.118026817,2.15,2012-10-31,2026-09-13,33812,-1.671828344966284,12.57867778478838,-1.48,-1.9031006944444444,-1.5095243055555556,4,-1.6471145833333334,0.3935763888888888,0.4231006944444444
GLD000000026763,4.930305692,52.102732774,1.69,2012-10-31,2026-09-13,33764,-1.1702956699443192,7.710780003364574,-0.34,-1.3625684974747476,-0.8327414772727273,4,-1.2181756628787879,0.5298270202020203,1.0225684974747475
GLD000000026775,5.215003667,52.023641875,2.31,2012-10-30,2026-09-13,33764,1.2331468131737946,46.590769461380994,2.73,0.8436770833333334,1.7896734601449278,4,1.3664296875000002,0.9459963768115944,1.8863229166666666
GLD000000013130,4.981567025,52.156185758,1.19,2021-09-15,2026-09-01,45762,-1.730999694069315,-12.789396843522573,-1.489,-1.852172584690442,-1.4851900282185173,3,-1.6893810232426307,0.3669825564719247,0.3631725846904419
GLD000000013132,4.969993752,52.153813211,1.18,2021-08-06,2026-09-01,46879,-1.8699210947332494,-8.907608562756621,-1.534,-2.1321147486772487,-1.6074295427059713,4,-1.792737225572047,0.5246852059712774,0.5981147486772487
GLD000000013138,4.968356158,52.154675289,1.24,2021-08-05,2026-09-01,46550,-1.8868357465091299,-34.54493647556788,-1.549,-2.023488095238095,-1.660907462985194,2,-1.8922343750000001,0.36258063225290105,0.4744880952380952
GLD000000013139,4.966920988,52.150203061,1.2,2021-08-05,2026-09-01,33692,-1.7526633325418497,15.645989186941264,-1.662,-2.1782013888888887,-0.40216082766439926,2,-1.8146124007936508,1.7760405612244894,0.5162013888888888
GLD000000013146,4.979884583,52.157845764,1.2,2022-01-01,2026-09-01,46675,-1.7457926084627744,-28.043686697297876,-1.497,-1.9296142376142376,-1.4971391778933796,3,-1.7523876133786846,0.432475059720858,0.43261423761423745
GLD000000042788,4.987143752,52.15934779,4.45,2023-01-01,2026-09-01,42987,-1.6211929420522482,-1.6642097997628482,-1.453,-1.669015865457294,-1.564748960695389,3,-1.6455401785714283,0.10426690476190492,0.2160158654572939
GLD000000042789,4.98841828,52.15797028,4.67,2023-01-01,2026-09-01,44502,-1.6784516650937038,-45.62772083773912,-1.554,-1.8479548771730914,-1.5765031179138322,3,-1.6470189909297053,0.27145175925925913,0.2939548771730913
GLD000000042790,4.967484175,52.154135129,7.28,2023-01-01,2026-09-01,42641,-2.0292392533008137,-29.68561165543776,-1.634,-2.091690192743764,-1.9844662698412698,3,-2.022184594671202,0.10722392290249405,0.457690192743764
GLD000000042791,4.982282078,52.154724032,4.83,2023-01-01,2026-09-01,42209,-1.8046914639058023,-34.66531439230546,-1.712,-1.8558320786092215,-1.7584307445200302,3,-1.8192482993197279,0.09740133408919127,0.14383207860922154
GLD000000042792,4.978450434,52.159647242,4.78,2023-01-01,2026-09-01,43204,-1.834456300342561,-44.16481623065607,-1.504,-1.8794227702191988,-1.7939847883597881,3,-1.8373995181405895,0.08543798185941065,0.3754227702191988
GLD000000042793,4.974508162,52.151580054,4.73,2023-01-01,2026-09-01,25830,-1.904069570267131,-50.52622564081264,-1.719,-1.9752569444444446,-1.857544217687075,2,-1.8940494260204082,0.11771272675736966,0.25625694444444447
GLD000000042794,4.956753638,52.155565674,4.43,2023-01-01,2026-09-01,42918,-2.2114657486369356,-42.06482076124843,-1.991,-2.265976095993953,-2.1570689090450994,3,-2.227174815759637,0.1089071869488536,0.2749760959939529
GLD000000042803,4.93291319,52.15926903,1.2,2023-07-20,2026-09-01,40958,-2.3915646271790614,,-2.0,-2.705471122792552,-2.098014739229025,3,-2.3620017006802723,0.6074563835635267,0.7054711227925519
GLD000000042804,4.932153744,52.15839044,1.34,2023-07-23,2026-09-01,37350,-2.248598393574297,,-1.91,-2.5790630102040817,-2.1274354223959087,2,-2.233484693877551,0.451627587808173,0.6690630102040818
GLD000000042812,4.959637537,52.155951326,1.36,2023-04-19,2026-09-01,39399,-2.140350211934313,,-1.71,-2.343788750900877,-1.854450963718821,3,-2.205232520786092,0.4893377871820561,0.633788750900877
GLD000000042816,4.960339899,52.152945017,1.12,2023-04-18,2026-09-01,36815,-2.0864593236452533,,-1.735,-2.256053791887125,-1.828023490507314,3,-2.1572148526077095,0.4280303013798108,0.5210537918871248
GLD000000042817,4.971201127,52.159719645,1.19,2023-11-23,2026-09-01,28208,-1.8910590258082813,,-1.575,-2.0668574263038546,-1.6297964929214928,2,-1.9533852040816326,0.43706093338236185,0.49185742630385465
GLD000000042818,4.984154006,52.155608211,0.29,2023-01-01,2026-09-01,38306,-1.685518352216363,-137.11976470155568,-1.46,-1.8138380463887684,-1.3549638605442176,2,-1.6975908891482125,0.45887418584455086,0.3538380463887685
GLD000000042819,4.959209006,52.156704679,1.41,2023-04-18,2026-09-01,35332,-2.1350694271481943,,-1.7,-2.2513233875031493,-1.8952936452358722,3,-2.1549976721184922,0.3560297422672771,0.5513233875031494
GLD000000042820,4.966369315,52.154614771,1.15,2023-04-19,2026-09-01,25723,-1.9700161334214517,,-1.62,-2.037578231292517,-1.6658214285714286,1,-1.9166530612244896,0.37175680272108846,0.4175782312925169
GLD000000042821,4.97746222,52.149697244,1.41,2023-05-09,2026-09-01,34250,-1.9362718540145987,,-1.403,-2.1240505952380953,-1.7121957199546487,2,-2.019293367346939,0.41185487528344655,0.7210505952380952
GLD000000067420,4.98430618,52.02661553,1.18,2003-04-15,2026-09-01,47274,-1.0900893091339847,-1.0746791336616996,-0.75,-1.488180765993266,-0.8237183641975309,18,-1.0543362268518517,0.6644624017957351,0.738180765993266
GLD000000067431,4.98513446,52.02167033,1.2,2004-04-16,2026-09-01,43228,-1.4425032849079298,1.0426613371144324,-1.15,-1.6048786549707603,-1.2996345029239764,19,-1.4338855120137302,0.3052441520467839,0.4548786549707604
GLD000000067440,4.988999129,52.027467379,1.18,2003-04-15,2026-09-01,51326,-1.201740638273,-0.3502417799724616,-0.71,-1.445611111111111,-0.9809049707602341,19,-1.1990245614035089,0.4647061403508769,0.735611111111111
GLD000000067470,4.99403891,52.02767128,1.22,2003-04-15,2026-09-01,54691,-1.2479585672231264,5.245972327287124,-0.14,-1.4260477007736734,-0.9990456140350878,19,-1.30996692251462,0.42700208673858553,1.2860477007736733
